time,accel_x,accel_y,accel_z,gyro_x,gyro_y,gyro_z,mag_x,mag_y,mag_z,q_x,q_y,q_z,q_w
0.000000,0.000000,0.000000,0.000000,0.000000,0.000000,0.000000,0.000000000,0.000000000,0.000000000,0.000000,0.000000,0.000000,1.000000
0.010000,0.000093,0.015018,9.827202,0.000337,0.000189,-0.000047,-0.000002115,0.000021837,-0.000044376,-0.000001,0.000002,0.000000,1.000000
0.020000,-0.022602,-0.003383,9.807920,-0.000943,0.001747,-0.000377,-0.000002003,0.000021801,-0.000044240,-0.000004,0.000007,0.000000,1.000000
0.030000,-0.013448,0.009184,9.812217,-0.000455,0.002405,0.000917,-0.000001886,0.000021904,-0.000044000,-0.000007,0.000015,0.000000,1.000000
0.040000,-0.014362,-0.014552,9.799431,-0.000986,0.001926,-0.000017,-0.000002045,0.000022039,-0.000044117,-0.000012,0.000025,0.000000,1.000000
0.050000,-0.002267,-0.000545,9.821429,-0.000705,0.001926,-0.000298,-0.000002022,0.000021799,-0.000044358,-0.000019,0.000037,0.000000,1.000000
0.060000,-0.024273,-0.002432,9.815573,-0.000798,0.001902,0.000587,-0.000001917,0.000021728,-0.000044177,-0.000026,0.000052,0.000000,1.000000
0.070000,-0.009887,0.011288,9.825290,-0.000710,0.004157,0.000078,-0.000002142,0.000021899,-0.000044352,-0.000035,0.000070,0.000000,1.000000
0.080000,-0.000068,-0.006277,9.813713,-0.001282,0.003397,-0.000102,-0.000001847,0.000021854,-0.000044402,-0.000045,0.000090,0.000000,1.000000
0.090000,0.003639,0.010507,9.814128,-0.002878,0.004228,-0.000729,-0.000002185,0.000022239,-0.000044550,-0.000057,0.000112,0.000001,1.000000
0.100000,0.021578,0.010482,9.807550,-0.004019,0.005834,-0.000886,-0.000002266,0.000021809,-0.000044284,-0.000069,0.000137,0.000001,1.000000
0.110000,-0.006458,0.006875,9.792567,-0.002559,0.005046,0.000280,-0.000002019,0.000022238,-0.000044047,-0.000083,0.000165,0.000001,1.000000
0.120000,0.004402,0.012040,9.824547,-0.002466,0.005203,0.000058,-0.000002105,0.000021989,-0.000044430,-0.000098,0.000195,0.000001,1.000000
0.130000,0.007160,-0.014336,9.819589,-0.002078,0.007152,0.000482,-0.000001885,0.000022046,-0.000044206,-0.000115,0.000228,0.000001,1.000000
0.140000,-0.009785,-0.005589,9.835277,-0.004169,0.006425,-0.000003,-0.000001828,0.000022131,-0.000044288,-0.000133,0.000263,0.000001,1.000000
0.150000,-0.004403,-0.005406,9.822785,-0.004548,0.006377,0.000593,-0.000002015,0.000021922,-0.000044262,-0.000151,0.000300,0.000001,1.000000
0.160000,-0.011080,-0.005882,9.834201,-0.005006,0.009149,0.000260,-0.000001692,0.000022074,-0.000044185,-0.000172,0.000340,0.000002,1.000000
0.170000,-0.012392,0.002506,9.835367,-0.005554,0.007582,-0.000342,-0.000002121,0.000021845,-0.000044235,-0.000193,0.000383,0.000002,1.000000
0.180000,0.005194,-0.010628,9.809129,-0.005172,0.008675,-0.000390,-0.000001797,0.000022085,-0.000044304,-0.000216,0.000428,0.000002,1.000000
0.190000,0.003915,-0.004410,9.810329,-0.005895,0.008925,-0.000976,-0.000001942,0.000021881,-0.000044373,-0.000240,0.000476,0.000002,1.000000
0.200000,-0.007803,0.007726,9.827245,-0.005306,0.009418,-0.000594,-0.000001666,0.000021933,-0.000044183,-0.000265,0.000526,0.000003,1.000000
0.210000,0.010198,0.020625,9.788454,-0.005361,0.009921,0.000060,-0.000002017,0.000022140,-0.000044128,-0.000292,0.000579,0.000003,1.000000
0.220000,-0.010676,0.001536,9.830828,-0.006344,0.011237,-0.000565,-0.000002187,0.000021969,-0.000044314,-0.000320,0.000634,0.000003,1.000000
0.230000,-0.001840,-0.040046,9.834004,-0.006290,0.011570,-0.000359,-0.000001870,0.000021870,-0.000044368,-0.000349,0.000691,0.000003,1.000000
0.240000,0.001759,0.009581,9.833773,-0.006698,0.011805,-0.000688,-0.000001891,0.000022122,-0.000044405,-0.000379,0.000752,0.000004,1.000000
0.250000,-0.008757,0.000042,9.806769,-0.006496,0.013255,-0.000212,-0.000001960,0.000022005,-0.000044327,-0.000411,0.000814,0.000004,1.000000
0.260000,0.039711,-0.003130,9.825762,-0.007058,0.012100,0.000976,-0.000001773,0.000022046,-0.000044135,-0.000444,0.000879,0.000004,1.000000
0.270000,-0.012679,-0.028116,9.829346,-0.007410,0.014587,0.000018,-0.000001917,0.000022125,-0.000044143,-0.000478,0.000947,0.000005,0.999999
0.280000,0.007459,-0.002988,9.827364,-0.006834,0.013631,0.000332,-0.000001696,0.000022092,-0.000044411,-0.000513,0.001017,0.000005,0.999999
0.290000,0.001127,0.004627,9.819103,-0.007516,0.014945,0.000389,-0.000001835,0.000022093,-0.000044431,-0.000550,0.001089,0.000005,0.999999
0.300000,-0.002143,0.008307,9.814741,-0.007487,0.014747,-0.000795,-0.000001803,0.000021872,-0.000044181,-0.000587,0.001164,0.000006,0.999999
0.310000,0.003592,0.008823,9.834701,-0.007965,0.016352,-0.000283,-0.000001883,0.000022426,-0.000044600,-0.000626,0.001242,0.000006,0.999999
0.320000,-0.009191,0.006378,9.814511,-0.007911,0.015378,-0.000008,-0.000001738,0.000022217,-0.000044291,-0.000667,0.001322,0.000006,0.999999
0.330000,0.008511,0.013544,9.851513,-0.007631,0.017066,0.000506,-0.000001930,0.000022258,-0.000044148,-0.000708,0.001404,0.000007,0.999999
0.340000,0.016590,-0.007647,9.826415,-0.007913,0.016692,0.000584,-0.000001684,0.000022071,-0.000044104,-0.000751,0.001489,0.000007,0.999999
0.350000,-0.021424,-0.009810,9.845499,-0.009018,0.017174,0.001068,-0.000001903,0.000021840,-0.000044499,-0.000795,0.001577,0.000008,0.999998
0.360000,-0.017124,0.003261,9.834096,-0.009806,0.019024,0.000725,-0.000002034,0.000022355,-0.000044275,-0.000841,0.001667,0.000008,0.999998
0.370000,-0.010601,-0.008603,9.832232,-0.008777,0.017035,0.000115,-0.000001722,0.000022025,-0.000044108,-0.000887,0.001759,0.000009,0.999998
0.380000,-0.003878,0.006345,9.835168,-0.009969,0.020358,0.001007,-0.000001715,0.000022046,-0.000044443,-0.000935,0.001854,0.000009,0.999998
0.390000,-0.005594,-0.005365,9.827950,-0.008684,0.019755,-0.000214,-0.000001634,0.000022046,-0.000044306,-0.000984,0.001951,0.000009,0.999998
0.400000,-0.020361,-0.003274,9.837563,-0.009263,0.019953,0.000602,-0.000002006,0.000022016,-0.000044416,-0.001034,0.002050,0.000010,0.999997
0.410000,0.015763,0.007514,9.847961,-0.010629,0.020098,0.000553,-0.000002049,0.000022258,-0.000044239,-0.001086,0.002152,0.000010,0.999997
0.420000,-0.014833,-0.012795,9.848134,-0.010431,0.020515,0.000112,-0.000001835,0.000022155,-0.000044196,-0.001138,0.002257,0.000011,0.999997
0.430000,0.003606,-0.006469,9.844154,-0.010672,0.022128,0.000140,-0.000001862,0.000022070,-0.000044089,-0.001192,0.002364,0.000012,0.999996
0.440000,-0.016075,0.018664,9.855279,-0.011697,0.022710,0.000004,-0.000001964,0.000022357,-0.000044319,-0.001248,0.002473,0.000012,0.999996
0.450000,-0.000750,0.011886,9.825833,-0.011269,0.023122,0.001074,-0.000001761,0.000022147,-0.000044046,-0.001304,0.002585,0.000013,0.999996
0.460000,-0.014755,-0.034148,9.841276,-0.011701,0.021738,-0.000505,-0.000001753,0.000022099,-0.000044303,-0.001361,0.002699,0.000013,0.999995
0.470000,-0.012689,-0.007421,9.841083,-0.012549,0.023863,-0.000509,-0.000001957,0.000022118,-0.000044209,-0.001420,0.002816,0.000014,0.999995
0.480000,0.008076,-0.002252,9.845233,-0.012407,0.024497,-0.000170,-0.000001941,0.000022012,-0.000044350,-0.001480,0.002935,0.000014,0.999995
0.490000,-0.018135,0.010286,9.806092,-0.011939,0.024685,-0.000034,-0.000001778,0.000022081,-0.000044314,-0.001542,0.003056,0.000015,0.999994
0.500000,0.001893,-0.004933,9.847434,-0.012563,0.024658,0.000304,-0.000001656,0.000022112,-0.000044174,-0.001604,0.003180,0.000016,0.999994
0.510000,-0.004358,-0.010539,9.849502,-0.013445,0.025043,-0.000145,-0.000001675,0.000022281,-0.000044217,-0.001668,0.003306,0.000016,0.999993
0.520000,-0.004086,-0.011334,9.826501,-0.012248,0.026242,0.000103,-0.000001716,0.000022117,-0.000044249,-0.001732,0.003435,0.000017,0.999993
0.530000,-0.007157,-0.005087,9.804364,-0.013269,0.026777,0.000513,-0.000001630,0.000021997,-0.000044210,-0.001798,0.003566,0.000018,0.999992
0.540000,-0.049643,-0.005353,9.823489,-0.013556,0.026383,0.000224,-0.000001550,0.000022196,-0.000044323,-0.001866,0.003699,0.000018,0.999991
0.550000,0.013985,-0.000517,9.840166,-0.013765,0.027117,0.000932,-0.000001723,0.000022027,-0.000044377,-0.001934,0.003835,0.000019,0.999991
0.560000,-0.004098,-0.007495,9.841136,-0.013955,0.027642,0.001274,-0.000001410,0.000022335,-0.000044144,-0.002004,0.003973,0.000020,0.999990
0.570000,0.008563,0.007088,9.872202,-0.013451,0.028499,-0.000067,-0.000001711,0.000022144,-0.000044268,-0.002075,0.004113,0.000020,0.999989
0.580000,0.007337,-0.003171,9.838670,-0.014057,0.029406,0.000274,-0.000001699,0.000022285,-0.000044366,-0.002147,0.004256,0.000021,0.999989
0.590000,-0.009328,-0.006553,9.866319,-0.015534,0.028830,-0.000026,-0.000001459,0.000022225,-0.000044272,-0.002220,0.004401,0.000022,0.999988
0.600000,-0.007902,-0.004679,9.858439,-0.014982,0.029336,-0.000679,-0.000001697,0.000022229,-0.000044235,-0.002294,0.004548,0.000023,0.999987
0.610000,-0.010426,0.015522,9.841414,-0.014464,0.030827,0.000207,-0.000001599,0.000022298,-0.000044249,-0.002370,0.004698,0.000023,0.999986
0.620000,0.010553,-0.031565,9.835934,-0.016765,0.029575,0.000135,-0.000001531,0.000022095,-0.000044253,-0.002446,0.004850,0.000024,0.999985
0.630000,0.011026,-0.011941,9.846487,-0.014622,0.030679,0.000180,-0.000001487,0.000022281,-0.000044098,-0.002524,0.005004,0.000025,0.999984
0.640000,-0.003230,-0.006288,9.830419,-0.015866,0.032515,0.000069,-0.000001534,0.000022080,-0.000043862,-0.002603,0.005161,0.000026,0.999983
0.650000,-0.017591,0.000729,9.856582,-0.016273,0.032426,-0.000335,-0.000001411,0.000022531,-0.000044259,-0.002683,0.005320,0.000027,0.999982
0.660000,-0.007742,-0.007610,9.830694,-0.015371,0.032418,0.000351,-0.000001665,0.000022135,-0.000044310,-0.002765,0.005481,0.000027,0.999981
0.670000,-0.008229,0.006923,9.822551,-0.016597,0.033249,0.000929,-0.000001425,0.000022115,-0.000044166,-0.002847,0.005645,0.000028,0.999980
0.680000,-0.029222,-0.017455,9.863422,-0.017085,0.032729,-0.000869,-0.000001458,0.000022347,-0.000044265,-0.002931,0.005811,0.000029,0.999979
0.690000,-0.012996,0.000471,9.835082,-0.016427,0.033815,-0.000190,-0.000001699,0.000022110,-0.000044372,-0.003016,0.005979,0.000030,0.999978
0.700000,-0.001863,0.004626,9.840995,-0.016964,0.034617,0.000494,-0.000001638,0.000022173,-0.000043986,-0.003101,0.006149,0.000031,0.999976
0.710000,0.002636,0.016209,9.846598,-0.018825,0.035384,-0.001125,-0.000001550,0.000022263,-0.000044123,-0.003189,0.006322,0.000032,0.999975
0.720000,-0.004223,-0.002999,9.849657,-0.016948,0.034788,0.000611,-0.000001475,0.000022035,-0.000044021,-0.003277,0.006497,0.000033,0.999974
0.730000,0.019207,-0.007328,9.834262,-0.018035,0.035258,-0.000913,-0.000001384,0.000022459,-0.000044149,-0.003366,0.006674,0.000034,0.999972
0.740000,-0.010642,-0.006716,9.825888,-0.017802,0.035894,0.000133,-0.000001562,0.000022152,-0.000044025,-0.003456,0.006853,0.000035,0.999971
0.750000,0.012468,-0.001620,9.842983,-0.018730,0.035932,-0.000583,-0.000001536,0.000022518,-0.000044152,-0.003548,0.007035,0.000036,0.999969
0.760000,-0.000308,-0.016833,9.841501,-0.018317,0.036775,-0.000455,-0.000001461,0.000022655,-0.000044149,-0.003641,0.007219,0.000037,0.999967
0.770000,0.012355,-0.001402,9.875497,-0.019599,0.037303,-0.000164,-0.000001475,0.000022426,-0.000044130,-0.003735,0.007405,0.000038,0.999966
0.780000,0.006601,-0.002119,9.844201,-0.019377,0.038069,0.000728,-0.000001345,0.000022109,-0.000043989,-0.003829,0.007593,0.000039,0.999964
0.790000,-0.013077,0.009784,9.841950,-0.018498,0.037900,0.000281,-0.000001167,0.000022481,-0.000044480,-0.003925,0.007783,0.000040,0.999962
0.800000,0.008674,-0.002298,9.814851,-0.018743,0.038900,0.000297,-0.000001288,0.000022418,-0.000044149,-0.004023,0.007976,0.000041,0.999960
0.810000,-0.005854,0.002248,9.865624,-0.019542,0.038929,0.000542,-0.000001274,0.000022536,-0.000044092,-0.004121,0.008171,0.000042,0.999958
0.820000,-0.004332,-0.025292,9.843909,-0.019213,0.038472,0.000198,-0.000001167,0.000022456,-0.000043960,-0.004220,0.008368,0.000043,0.999956
0.830000,-0.027787,-0.002529,9.859750,-0.021044,0.039743,0.000538,-0.000001238,0.000022587,-0.000044179,-0.004320,0.008567,0.000044,0.999954
0.840000,0.006280,0.005655,9.863993,-0.019927,0.038766,-0.000444,-0.000001264,0.000022404,-0.000044222,-0.004422,0.008768,0.000045,0.999952
0.850000,0.011853,-0.016758,9.840169,-0.020926,0.040043,-0.000033,-0.000001032,0.000022437,-0.000043938,-0.004524,0.008971,0.000046,0.999950
0.860000,-0.002251,-0.022617,9.866404,-0.020826,0.042508,0.000002,-0.000001360,0.000022426,-0.000043999,-0.004628,0.009177,0.000047,0.999947
0.870000,0.010984,-0.020889,9.858200,-0.021312,0.041237,0.000869,-0.000001163,0.000022366,-0.000044240,-0.004733,0.009384,0.000048,0.999945
0.880000,-0.006109,-0.025767,9.869073,-0.021495,0.042899,-0.000220,-0.000001500,0.000022502,-0.000044103,-0.004838,0.009594,0.000050,0.999942
0.890000,-0.001645,0.001935,9.856592,-0.020771,0.041864,-0.000147,-0.000000952,0.000022652,-0.000044014,-0.004945,0.009806,0.000051,0.999940
0.900000,-0.010840,-0.020434,9.863854,-0.021380,0.043520,0.000844,-0.000001253,0.000022165,-0.000043921,-0.005053,0.010020,0.000052,0.999937
0.910000,-0.007683,0.008722,9.840491,-0.021641,0.043726,0.000665,-0.000001043,0.000022549,-0.000043960,-0.005162,0.010236,0.000053,0.999934
0.920000,-0.005001,-0.052843,9.824051,-0.021082,0.042565,-0.000526,-0.000001126,0.000022484,-0.000044138,-0.005272,0.010454,0.000054,0.999931
0.930000,-0.035991,0.012364,9.845086,-0.021652,0.043422,0.001065,-0.000000984,0.000022355,-0.000044105,-0.005383,0.010674,0.000056,0.999929
0.940000,-0.030308,-0.007923,9.865313,-0.022514,0.043713,-0.000393,-0.000001058,0.000022548,-0.000043950,-0.005495,0.010896,0.000057,0.999926
0.950000,-0.004088,-0.029390,9.861439,-0.021980,0.044001,0.001399,-0.000000955,0.000022290,-0.000044135,-0.005608,0.011120,0.000058,0.999922
0.960000,-0.010700,0.015451,9.872771,-0.022694,0.045294,0.000607,-0.000000974,0.000022505,-0.000044236,-0.005722,0.011347,0.000059,0.999919
0.970000,-0.012327,0.025024,9.858847,-0.023899,0.045673,0.000174,-0.000000978,0.000022237,-0.000043955,-0.005837,0.011575,0.000061,0.999916
0.980000,-0.004559,-0.018563,9.840623,-0.022888,0.046478,-0.000892,-0.000000711,0.000022674,-0.000044101,-0.005953,0.011805,0.000062,0.999913
0.990000,-0.011118,-0.004985,9.860795,-0.024589,0.046213,-0.000551,-0.000001001,0.000022496,-0.000044246,-0.006070,0.012037,0.000063,0.999909
1.000000,0.000421,-0.030349,9.852910,-0.023824,0.046294,-0.000170,-0.000001003,0.000022636,-0.000044328,-0.006188,0.012272,0.000065,0.999906
1.010000,0.100064,0.029429,10.340020,-0.023241,0.045480,0.000046,-0.000001113,0.000022626,-0.000044387,-0.006306,0.012504,0.000066,0.999902
1.020000,0.105808,0.031195,10.341882,-0.023769,0.045395,0.000462,-0.000000795,0.000022867,-0.000044271,-0.006423,0.012734,0.000069,0.999898
1.030000,0.143932,0.058036,10.879348,-0.023461,0.045831,0.000048,-0.000000932,0.000022574,-0.000044172,-0.006539,0.012960,0.000071,0.999895
1.040000,0.123746,0.075143,10.873468,-0.023507,0.043780,0.002264,-0.000000893,0.000022589,-0.000044027,-0.006654,0.013182,0.000074,0.999891
1.050000,0.179782,0.082408,11.374581,-0.022519,0.044159,-0.000279,-0.000000987,0.000022664,-0.000044232,-0.006766,0.013399,0.000077,0.999887
1.060000,0.195602,0.071953,11.357971,-0.022164,0.041893,0.001194,-0.000000988,0.000022611,-0.000043897,-0.006877,0.013610,0.000081,0.999884
1.070000,0.150844,0.107745,11.875556,-0.021888,0.039565,0.001480,-0.000000796,0.000022698,-0.000043835,-0.006985,0.013816,0.000085,0.999880
1.080000,0.184366,0.085145,11.891597,-0.021398,0.041480,0.001311,-0.000000815,0.000022429,-0.000044109,-0.007091,0.014016,0.000089,0.999877
1.090000,0.143553,0.116368,12.365430,-0.021045,0.040070,0.000355,-0.000000710,0.000022789,-0.000043998,-0.007192,0.014211,0.000092,0.999873
1.100000,0.176020,0.106872,12.390599,-0.019593,0.037941,0.000435,-0.000000607,0.000022555,-0.000044111,-0.007291,0.014400,0.000095,0.999870
1.110000,0.175165,0.130856,12.548084,-0.019794,0.036637,0.000775,-0.000000668,0.000022819,-0.000043995,-0.007385,0.014582,0.000097,0.999866
1.120000,0.161591,0.103194,12.542278,-0.017316,0.036064,-0.000411,-0.000000533,0.000022381,-0.000043937,-0.007474,0.014758,0.000099,0.999863
1.130000,0.195671,0.106455,12.560767,-0.015902,0.034120,0.000147,-0.000000600,0.000022641,-0.000043954,-0.007558,0.014927,0.000099,0.999860
1.140000,0.191905,0.123425,12.552583,-0.016156,0.032171,0.000445,-0.000000610,0.000022673,-0.000044283,-0.007637,0.015089,0.000099,0.999857
1.150000,0.166493,0.097564,12.552922,-0.015186,0.030739,-0.000218,-0.000000786,0.000022812,-0.000043878,-0.007712,0.015245,0.000098,0.999854
1.160000,0.179538,0.086612,12.545803,-0.013952,0.029726,0.000036,-0.000000594,0.000022635,-0.000044105,-0.007783,0.015394,0.000097,0.999851
1.170000,0.134887,0.092802,12.565591,-0.014335,0.029400,0.000058,-0.000000668,0.000022712,-0.000044114,-0.007850,0.015536,0.000095,0.999848
1.180000,0.150704,0.099200,12.571743,-0.012038,0.026907,-0.000681,-0.000000664,0.000022954,-0.000044311,-0.007912,0.015673,0.000092,0.999846
1.190000,0.161722,0.104544,12.580862,-0.011277,0.025928,-0.000271,-0.000000553,0.000022619,-0.000043937,-0.007971,0.015804,0.000089,0.999843
1.200000,0.139790,0.090410,12.544958,-0.011381,0.025023,0.000279,-0.000000874,0.000022812,-0.000043938,-0.008026,0.015929,0.000085,0.999841
1.210000,0.143612,0.082074,12.547195,-0.011450,0.025131,-0.001147,-0.000000165,0.000022547,-0.000044131,-0.008077,0.016048,0.000081,0.999839
1.220000,0.162515,0.073085,12.586422,-0.009206,0.022780,-0.002256,-0.000000431,0.000022629,-0.000043855,-0.008124,0.016162,0.000077,0.999836
1.230000,0.218952,0.081143,12.572287,-0.008977,0.021785,-0.001842,-0.000000800,0.000022786,-0.000044054,-0.008168,0.016266,0.000073,0.999834
1.240000,0.207954,0.068742,12.559980,-0.007123,0.019784,-0.001557,-0.000000657,0.000022990,-0.000044164,-0.008209,0.016363,0.000069,0.999832
1.250000,0.193740,0.078754,12.596257,-0.007274,0.018234,-0.000790,-0.000000355,0.000022766,-0.000043668,-0.008248,0.016451,0.000067,0.999831
1.260000,0.216331,0.064609,12.574043,-0.007087,0.015794,0.000555,-0.000000691,0.000022609,-0.000043909,-0.008283,0.016531,0.000065,0.999829
1.270000,0.150995,0.098421,12.580036,-0.006651,0.014470,0.000365,-0.000000512,0.000022619,-0.000043985,-0.008315,0.016604,0.000063,0.999828
1.280000,0.198106,0.083395,12.568563,-0.005125,0.012390,-0.000158,-0.000000460,0.000022819,-0.000044048,-0.008343,0.016669,0.000061,0.999826
1.290000,0.188214,0.107384,12.566567,-0.004823,0.010892,-0.000857,-0.000000490,0.000023022,-0.000043831,-0.008367,0.016726,0.000059,0.999825
1.300000,0.204214,0.075125,12.559217,-0.005626,0.009408,-0.001348,-0.000000590,0.000022527,-0.000043963,-0.008388,0.016776,0.000057,0.999824
1.310000,0.169468,0.135154,12.567111,-0.003709,0.008744,-0.000163,-0.000000639,0.000022768,-0.000043949,-0.008405,0.016819,0.000055,0.999823
1.320000,0.160534,0.128111,12.578111,-0.003693,0.006557,-0.001007,-0.000000451,0.000022525,-0.000043842,-0.008417,0.016855,0.000052,0.999823
1.330000,0.163238,0.094887,12.579512,-0.001208,0.006468,0.000265,-0.000000684,0.000022513,-0.000044032,-0.008424,0.016885,0.000049,0.999822
1.340000,0.161785,0.131463,12.582407,-0.000526,0.004261,-0.000453,-0.000000479,0.000023106,-0.000043986,-0.008428,0.016908,0.000044,0.999822
1.350000,0.128839,0.078815,12.591863,0.000113,0.003445,-0.000373,-0.000000191,0.000022901,-0.000043923,-0.008428,0.016926,0.000040,0.999821
1.360000,0.153756,0.079521,12.566588,0.000452,0.003150,-0.000272,-0.000000508,0.000022788,-0.000043785,-0.008425,0.016939,0.000035,0.999821
1.370000,0.178313,0.071416,12.586186,0.002360,0.000673,-0.000984,-0.000000588,0.000022984,-0.000044079,-0.008419,0.016945,0.000030,0.999821
1.380000,0.183209,0.098103,12.597791,0.002200,-0.000389,-0.001703,-0.000000394,0.000022763,-0.000043910,-0.008409,0.016944,0.000026,0.999821
1.390000,0.155491,0.114793,12.566693,0.002548,-0.001312,-0.000820,-0.000000554,0.000023018,-0.000044088,-0.008395,0.016937,0.000020,0.999821
1.400000,0.189758,0.102332,12.578674,0.004054,-0.002178,-0.000905,-0.000000536,0.000022701,-0.000044112,-0.008378,0.016924,0.000015,0.999822
1.410000,0.121186,0.084728,12.571508,0.003858,-0.002631,-0.000970,-0.000000555,0.000022682,-0.000043672,-0.008357,0.016907,0.000008,0.999822
1.420000,0.125951,0.100218,12.592850,0.006015,-0.005056,-0.000859,-0.000000572,0.000022322,-0.000044178,-0.008332,0.016885,0.000001,0.999823
1.430000,0.182120,0.104595,12.593577,0.006500,-0.006299,-0.001797,-0.000000584,0.000022777,-0.000043678,-0.008303,0.016857,-0.000007,0.999823
1.440000,0.188584,0.115411,12.565771,0.006559,-0.006044,-0.000473,-0.000000693,0.000022746,-0.000044074,-0.008270,0.016822,-0.000016,0.999824
1.450000,0.195924,0.128394,12.610057,0.007628,-0.008425,0.000495,-0.000000556,0.000022660,-0.000044032,-0.008232,0.016779,-0.000025,0.999825
1.460000,0.214808,0.139424,12.543230,0.007957,-0.010028,-0.002386,-0.000000519,0.000022598,-0.000043972,-0.008190,0.016729,-0.000034,0.999827
1.470000,0.220532,0.126222,12.551413,0.009986,-0.013132,-0.001836,-0.000000560,0.000022722,-0.000043924,-0.008142,0.016671,-0.000044,0.999828
1.480000,0.209968,0.095632,12.611906,0.010528,-0.012041,-0.001011,-0.000000411,0.000022719,-0.000044040,-0.008091,0.016606,-0.000055,0.999829
1.490000,0.168176,0.092103,12.576631,0.010167,-0.013943,-0.001743,-0.000000525,0.000022699,-0.000044350,-0.008036,0.016532,-0.000065,0.999831
1.500000,0.183601,0.080288,12.581703,0.011552,-0.015432,-0.001384,-0.000000732,0.000022647,-0.000043864,-0.007978,0.016452,-0.000075,0.999833
1.510000,0.185939,0.064493,12.587964,0.010597,-0.017307,-0.001533,-0.000000411,0.000022287,-0.000044086,-0.007917,0.016365,-0.000084,0.999835
1.520000,0.195270,0.055407,12.604513,0.012133,-0.018337,-0.001083,-0.000000943,0.000022670,-0.000043688,-0.007853,0.016270,-0.000093,0.999837
1.530000,0.177521,0.059501,12.600070,0.013209,-0.020136,-0.001511,-0.000000805,0.000022776,-0.000043980,-0.007788,0.016169,-0.000101,0.999839
1.540000,0.184835,0.013163,12.596060,0.013422,-0.021393,-0.001846,-0.000000612,0.000022796,-0.000043786,-0.007720,0.016060,-0.000108,0.999841
1.550000,0.149738,0.066982,12.601034,0.013133,-0.023311,-0.001289,-0.000000734,0.000022585,-0.000043797,-0.007652,0.015946,-0.000115,0.999844
1.560000,0.147531,0.019938,12.592545,0.014108,-0.025358,0.000524,-0.000000563,0.000022730,-0.000044313,-0.007581,0.015827,-0.000120,0.999846
1.570000,0.102945,0.069909,12.609586,0.015118,-0.024988,-0.000985,-0.000000538,0.000022820,-0.000043696,-0.007509,0.015703,-0.000126,0.999848
1.580000,0.118639,0.084731,12.589808,0.014715,-0.025259,-0.000546,-0.000000767,0.000022910,-0.000044005,-0.007435,0.015575,-0.000131,0.999851
1.590000,0.091794,0.108824,12.590270,0.014941,-0.025881,-0.000717,-0.000000627,0.000022747,-0.000044231,-0.007358,0.015444,-0.000138,0.999854
1.600000,0.064516,0.094298,12.598985,0.017624,-0.027657,-0.001554,-0.000000650,0.000022771,-0.000043988,-0.007277,0.015310,-0.000145,0.999856
1.610000,0.097004,0.097001,12.579877,0.017233,-0.027817,-0.001074,-0.000000557,0.000022749,-0.000043809,-0.007194,0.015172,-0.000153,0.999859
1.620000,0.098042,0.062200,12.599488,0.015930,-0.028880,-0.001121,-0.000000920,0.000022745,-0.000043825,-0.007108,0.015032,-0.000162,0.999862
1.630000,0.165265,0.094244,12.592667,0.017592,-0.027852,-0.001327,-0.000000530,0.000022554,-0.000044116,-0.007019,0.014886,-0.000171,0.999865
1.640000,0.152020,0.076612,12.587322,0.018987,-0.029824,-0.001901,-0.000000575,0.000022787,-0.000044103,-0.006928,0.014735,-0.000180,0.999867
1.650000,0.250380,0.078960,12.586925,0.019770,-0.031795,-0.001255,-0.000000719,0.000022486,-0.000044225,-0.006833,0.014575,-0.000188,0.999870
1.660000,0.241495,0.068123,12.586289,0.018716,-0.033475,-0.001147,-0.000000822,0.000022586,-0.000043738,-0.006736,0.014408,-0.000196,0.999873
1.670000,0.219475,0.042437,12.595209,0.019311,-0.033705,-0.001161,-0.000000834,0.000022648,-0.000044002,-0.006637,0.014233,-0.000202,0.999877
1.680000,0.214549,0.052965,12.601256,0.020373,-0.037143,-0.002273,-0.000000780,0.000022369,-0.000043931,-0.006537,0.014049,-0.000207,0.999880
1.690000,0.181364,0.047783,12.610398,0.020187,-0.037224,0.000565,-0.000000984,0.000022221,-0.000044106,-0.006435,0.013860,-0.000211,0.999883
1.700000,0.189899,0.071623,12.624056,0.021647,-0.040026,-0.000065,-0.000000960,0.000022642,-0.000044069,-0.006332,0.013664,-0.000214,0.999887
1.710000,0.140596,0.024457,12.596280,0.021334,-0.041069,0.000135,-0.000000881,0.000022747,-0.000044080,-0.006228,0.013464,-0.000216,0.999890
1.720000,0.126007,0.017112,12.605071,0.021265,-0.041821,-0.000303,-0.000000852,0.000022643,-0.000044124,-0.006124,0.013259,-0.000217,0.999893
1.730000,0.119685,0.084558,12.589990,0.021286,-0.042031,0.000486,-0.000000863,0.000022555,-0.000044160,-0.006017,0.013050,-0.000218,0.999897
1.740000,0.087508,0.056050,12.580282,0.021885,-0.042248,-0.001167,-0.000000835,0.000022745,-0.000044106,-0.005909,0.012837,-0.000219,0.999900
1.750000,0.104912,0.036412,12.588615,0.020984,-0.043200,-0.000142,-0.000000657,0.000022495,-0.000044152,-0.005800,0.012621,-0.000220,0.999904
1.760000,0.104887,0.058325,12.625632,0.022482,-0.042995,0.000044,-0.000000993,0.000022292,-0.000044097,-0.005689,0.012403,-0.000221,0.999907
1.770000,0.085109,0.045922,12.626796,0.022351,-0.044540,0.000178,-0.000000935,0.000022372,-0.000043996,-0.005576,0.012181,-0.000222,0.999910
1.780000,0.118915,0.033653,12.592684,0.023002,-0.044791,-0.000136,-0.000000958,0.000022615,-0.000043830,-0.005463,0.011957,-0.000223,0.999914
1.790000,0.073008,0.023466,12.593489,0.024203,-0.045209,-0.000296,-0.000000813,0.000022454,-0.000044075,-0.005348,0.011732,-0.000225,0.999917
1.800000,0.055137,0.048059,12.613707,0.022509,-0.045872,-0.000259,-0.000001062,0.000022395,-0.000044097,-0.005232,0.011505,-0.000226,0.999920
1.810000,0.062756,0.035126,12.599542,0.022889,-0.046082,-0.000073,-0.000000940,0.000022650,-0.000044237,-0.005117,0.011277,-0.000227,0.999923
1.820000,0.054297,0.010564,12.609449,0.023708,-0.047333,-0.000400,-0.000001252,0.000022434,-0.000044083,-0.005000,0.011049,-0.000228,0.999926
1.830000,0.122632,0.034353,12.590395,0.022788,-0.046012,-0.000901,-0.000000937,0.000022461,-0.000043981,-0.004883,0.010817,-0.000229,0.999930
1.840000,0.136294,0.071898,12.599570,0.023799,-0.047039,-0.000540,-0.000000989,0.000022329,-0.000044219,-0.004763,0.010581,-0.000230,0.999933
1.850000,0.184736,0.082683,12.612980,0.025206,-0.049070,0.000445,-0.000001285,0.000022292,-0.000044137,-0.004641,0.010339,-0.000231,0.999936
1.860000,0.192297,0.085051,12.631428,0.026241,-0.050510,0.000754,-0.000001010,0.000022343,-0.000043981,-0.004517,0.010091,-0.000231,0.999939
1.870000,0.162772,0.045811,12.610858,0.024860,-0.051747,-0.001009,-0.000001055,0.000022375,-0.000044348,-0.004391,0.009838,-0.000231,0.999942
1.880000,0.122433,0.062094,12.628603,0.026015,-0.051366,0.000875,-0.000001301,0.000022632,-0.000044236,-0.004264,0.009580,-0.000230,0.999945
1.890000,0.174665,0.046190,12.600437,0.025731,-0.052436,0.000474,-0.000001289,0.000022492,-0.000044229,-0.004136,0.009317,-0.000229,0.999948
1.900000,0.146686,0.017191,12.620067,0.024298,-0.053282,0.000211,-0.000001070,0.000022535,-0.000044172,-0.004007,0.009050,-0.000226,0.999951
1.910000,0.126066,0.036234,12.624890,0.026279,-0.055280,-0.000315,-0.000001206,0.000022333,-0.000044275,-0.003877,0.008780,-0.000223,0.999954
1.920000,0.108731,0.030359,12.598776,0.027531,-0.053802,0.000829,-0.000001219,0.000021959,-0.000044057,-0.003746,0.008506,-0.000220,0.999957
1.930000,0.076687,0.032941,12.621386,0.026432,-0.055085,0.001074,-0.000001645,0.000022272,-0.000044470,-0.003615,0.008230,-0.000216,0.999960
1.940000,0.105553,0.037513,12.616213,0.027000,-0.054665,0.000695,-0.000001396,0.000022178,-0.000044081,-0.003484,0.007952,-0.000212,0.999962
1.950000,0.019826,-0.002228,12.627256,0.025145,-0.056065,0.000175,-0.000001476,0.000022617,-0.000044005,-0.003353,0.007674,-0.000208,0.999965
1.960000,0.049135,-0.002814,12.612533,0.025695,-0.054887,0.000748,-0.000001398,0.000022431,-0.000044401,-0.003224,0.007397,-0.000203,0.999967
1.970000,-0.028074,0.066683,12.611948,0.026185,-0.055398,0.000535,-0.000001290,0.000022329,-0.000044096,-0.003093,0.007122,-0.000200,0.999970
1.980000,0.003926,0.089329,12.648566,0.026278,-0.054352,0.000144,-0.000001229,0.000022115,-0.000044221,-0.002960,0.006850,-0.000198,0.999972
1.990000,-0.000337,0.064956,12.614227,0.027836,-0.053358,-0.000305,-0.000001271,0.000022296,-0.000044323,-0.002826,0.006580,-0.000197,0.999974
2.000000,-0.006254,0.090599,12.634674,0.027645,-0.052380,0.000006,-0.000001575,0.000021943,-0.000043879,-0.002691,0.006313,-0.000199,0.999976
2.010000,-0.037394,0.012894,12.370873,0.026576,-0.052799,-0.001057,-0.000001461,0.000022047,-0.000044139,-0.002556,0.006049,-0.000201,0.999978
2.020000,-0.019748,0.024666,12.352566,0.026461,-0.051827,-0.000865,-0.000001690,0.000022103,-0.000044301,-0.002421,0.005789,-0.000203,0.999980
2.030000,0.057863,0.005498,11.840386,0.026797,-0.051330,-0.000115,-0.000001447,0.000022208,-0.000044246,-0.002288,0.005530,-0.000205,0.999982
2.040000,0.012902,0.008214,11.847725,0.026944,-0.051886,-0.000589,-0.000001602,0.000022463,-0.000044304,-0.002155,0.005272,-0.000208,0.999984
2.050000,0.104620,0.048548,11.343748,0.026732,-0.051992,0.000523,-0.000001682,0.000022111,-0.000044147,-0.002022,0.005013,-0.000210,0.999985
2.060000,0.128511,0.034125,11.386924,0.026596,-0.052150,-0.000510,-0.000001630,0.000022116,-0.000044006,-0.001889,0.004752,-0.000211,0.999987
2.070000,0.164388,0.044447,10.863978,0.027912,-0.052528,-0.000392,-0.000001343,0.000022054,-0.000044069,-0.001755,0.004487,-0.000212,0.999988
2.080000,0.159065,0.036098,10.872209,0.026179,-0.052975,0.000490,-0.000001896,0.000022163,-0.000044112,-0.001622,0.004218,-0.000211,0.999990
2.090000,0.144042,0.019229,10.355737,0.027696,-0.055219,0.000588,-0.000001627,0.000022127,-0.000044414,-0.001488,0.003946,-0.000210,0.999991
2.100000,0.143163,0.014617,10.350426,0.025677,-0.054584,-0.000073,-0.000001747,0.000022255,-0.000044238,-0.001354,0.003669,-0.000208,0.999992
2.110000,0.104968,0.019227,10.267353,0.026649,-0.055521,0.000344,-0.000001902,0.000022096,-0.000044108,-0.001220,0.003390,-0.000204,0.999993
2.120000,0.101144,0.028727,10.275816,0.027195,-0.056967,0.000687,-0.000001761,0.000021891,-0.000044487,-0.001087,0.003108,-0.000200,0.999995
2.130000,0.077669,0.022554,10.796980,0.027290,-0.056904,0.001188,-0.000001865,0.000021783,-0.000044235,-0.000954,0.002826,-0.000195,0.999996
2.140000,0.059722,-0.001856,10.822413,0.026208,-0.056695,0.000991,-0.000001832,0.000022068,-0.000044169,-0.000821,0.002542,-0.000190,0.999996
2.150000,0.054999,0.010497,11.290911,0.026788,-0.057049,0.000995,-0.000001717,0.000022119,-0.000044091,-0.000690,0.002259,-0.000184,0.999997
2.160000,0.063021,-0.001403,11.295903,0.025420,-0.055910,0.000630,-0.000001889,0.000022117,-0.000044110,-0.000561,0.001976,-0.000177,0.999998
2.170000,0.014805,0.012939,11.793719,0.025703,-0.055860,0.001348,-0.000001904,0.000022198,-0.000044129,-0.000432,0.001695,-0.000171,0.999998
2.180000,-0.004582,0.028022,11.802279,0.025998,-0.055808,0.001350,-0.000001979,0.000022078,-0.000044068,-0.000304,0.001416,-0.000164,0.999999
2.190000,-0.029872,0.026764,12.337914,0.024668,-0.054080,0.000054,-0.000001811,0.000022401,-0.000044140,-0.000177,0.001139,-0.000158,0.999999
2.200000,-0.016794,0.034265,12.318350,0.025650,-0.054560,0.002077,-0.000001970,0.000022011,-0.000044388,-0.000051,0.000867,-0.000152,1.000000
2.210000,-0.036354,0.018821,12.614332,0.025582,-0.054559,0.000599,-0.000001721,0.000021960,-0.000044455,0.000075,0.000599,-0.000148,1.000000
2.220000,-0.024386,0.042816,12.598716,0.024200,-0.052502,0.000689,-0.000001618,0.000022135,-0.000044180,0.000202,0.000335,-0.000145,1.000000
2.230000,-0.065645,-0.000009,12.633911,0.026284,-0.051579,0.000054,-0.000002093,0.000021940,-0.000044138,0.000328,0.000076,-0.000143,1.000000
2.240000,-0.040353,0.024330,12.642021,0.024965,-0.050980,0.000316,-0.000002160,0.000021510,-0.000044256,0.000452,-0.000178,-0.000141,1.000000
2.250000,0.043122,-0.009171,12.184782,0.025081,-0.049920,-0.000391,-0.000002155,0.000021886,-0.000044319,0.000575,-0.000431,-0.000140,1.000000
2.260000,0.055556,0.016104,12.148079,0.024307,-0.050173,0.000178,-0.000001876,0.000022114,-0.000044278,0.000697,-0.000681,-0.000138,1.000000
2.270000,0.124246,-0.004468,11.604287,0.024989,-0.050753,0.000282,-0.000001837,0.000022139,-0.000044227,0.000819,-0.000934,-0.000135,0.999999
2.280000,0.109973,0.043807,11.633909,0.023684,-0.051491,0.000917,-0.000002129,0.000021940,-0.000044423,0.000940,-0.001188,-0.000132,0.999999
2.290000,0.142981,0.035093,11.114732,0.024359,-0.050694,0.000917,-0.000001820,0.000021842,-0.000044204,0.001062,-0.001445,-0.000128,0.999998
2.300000,0.140698,0.044307,11.152083,0.023704,-0.051834,0.001807,-0.000002166,0.000021907,-0.000044411,0.001186,-0.001706,-0.000124,0.999998
2.310000,0.129028,0.043422,10.683562,0.024941,-0.052844,0.001026,-0.000002204,0.000021981,-0.000044566,0.001309,-0.001969,-0.000119,0.999997
2.320000,0.143827,0.046083,10.703850,0.024233,-0.053252,0.002569,-0.000002191,0.000021922,-0.000044251,0.001434,-0.002235,-0.000114,0.999996
2.330000,0.093651,-0.001262,11.230917,0.024281,-0.053398,0.001784,-0.000002366,0.000021754,-0.000044403,0.001558,-0.002502,-0.000109,0.999996
2.340000,0.096492,0.023802,11.222526,0.025588,-0.053236,0.001180,-0.000002066,0.000021777,-0.000044152,0.001683,-0.002770,-0.000103,0.999995
2.350000,0.060601,0.023304,11.728772,0.024869,-0.052784,0.001676,-0.000002158,0.000021729,-0.000044274,0.001805,-0.003039,-0.000096,0.999994
2.360000,0.055125,0.015210,11.728913,0.023849,-0.053161,0.000415,-0.000002308,0.000021832,-0.000044438,0.001926,-0.003307,-0.000089,0.999993
2.370000,0.016332,-0.005561,12.257430,0.023391,-0.053219,0.002087,-0.000002076,0.000021920,-0.000044415,0.002046,-0.003573,-0.000081,0.999992
2.380000,0.023234,-0.007832,12.234728,0.023175,-0.051626,0.002624,-0.000002387,0.000021988,-0.000044179,0.002163,-0.003838,-0.000073,0.999990
2.390000,-0.023658,0.013890,12.651731,0.022911,-0.052315,0.001981,-0.000002471,0.000021793,-0.000044616,0.002279,-0.004099,-0.000064,0.999989
2.400000,0.009613,0.013418,12.618535,0.023568,-0.050040,0.001304,-0.000002344,0.000021774,-0.000044056,0.002393,-0.004356,-0.000056,0.999988
2.410000,-0.041272,-0.027169,12.633179,0.023751,-0.050112,0.001950,-0.000002657,0.000021914,-0.000044294,0.002505,-0.004608,-0.000048,0.999986
2.420000,-0.041579,-0.024863,12.635703,0.021725,-0.048969,0.001271,-0.000002316,0.000021719,-0.000044420,0.002614,-0.004855,-0.000040,0.999985
2.430000,-0.129213,-0.005491,12.655799,0.022423,-0.047493,0.002017,-0.000002251,0.000021631,-0.000044566,0.002720,-0.005093,-0.000032,0.999983
2.440000,-0.136526,-0.050530,12.639015,0.020056,-0.047437,0.001282,-0.000002255,0.000021664,-0.000044355,0.002823,-0.005324,-0.000025,0.999982
2.450000,-0.010182,0.003359,12.649666,0.020264,-0.045237,0.001418,-0.000002572,0.000021628,-0.000044364,0.002923,-0.005549,-0.000018,0.999980
2.460000,-0.021792,-0.008053,12.642840,0.019985,-0.044632,0.002160,-0.000002439,0.000021486,-0.000044161,0.003021,-0.005769,-0.000010,0.999979
2.470000,0.106736,0.043620,12.154978,0.019748,-0.044629,0.001310,-0.000002395,0.000021679,-0.000044433,0.003117,-0.005989,-0.000002,0.999977
2.480000,0.109805,0.020226,12.167227,0.018579,-0.043192,0.001596,-0.000002534,0.000021615,-0.000044310,0.003212,-0.006209,0.000007,0.999976
2.490000,0.154779,0.065448,11.662747,0.018489,-0.044555,0.001751,-0.000002445,0.000021735,-0.000044409,0.003306,-0.006432,0.000016,0.999974
2.500000,0.150930,0.034112,11.631947,0.018302,-0.043813,0.002374,-0.000002546,0.000021682,-0.000044579,0.003400,-0.006657,0.000027,0.999972
2.510000,0.146720,0.049194,11.140903,0.018999,-0.045624,0.002869,-0.000002593,0.000022107,-0.000044334,0.003495,-0.006885,0.000038,0.999970
2.520000,0.133598,0.053122,11.146353,0.018601,-0.046204,0.002513,-0.000002847,0.000021481,-0.000044488,0.003589,-0.007116,0.000050,0.999968
2.530000,0.088108,0.057194,11.534133,0.019463,-0.046682,0.003158,-0.000002776,0.000021761,-0.000044487,0.003684,-0.007346,0.000062,0.999966
2.540000,0.083239,0.069488,11.546716,0.019393,-0.046100,0.001938,-0.000002704,0.000021555,-0.000044307,0.003780,-0.007577,0.000073,0.999964
2.550000,0.085962,0.044462,12.050628,0.019712,-0.045832,0.001347,-0.000002522,0.000021434,-0.000044206,0.003876,-0.007807,0.000084,0.999962
2.560000,0.056372,0.025464,12.005798,0.019549,-0.045713,0.001653,-0.000002572,0.000021713,-0.000044210,0.003973,-0.008038,0.000095,0.999960
2.570000,0.072064,0.013496,12.543269,0.018949,-0.046525,0.002816,-0.000002655,0.000021499,-0.000044405,0.004069,-0.008267,0.000106,0.999958
2.580000,0.068644,0.036985,12.565754,0.019229,-0.045458,0.001911,-0.000002772,0.000021294,-0.000044472,0.004164,-0.008496,0.000117,0.999955
2.590000,-0.003967,-0.013365,12.650017,0.018863,-0.045596,0.001591,-0.000002710,0.000021564,-0.000044340,0.004257,-0.008722,0.000128,0.999953
2.600000,-0.024518,-0.013321,12.638529,0.018397,-0.044879,0.001864,-0.000002912,0.000021693,-0.000044540,0.004347,-0.008943,0.000140,0.999951
2.610000,-0.085120,-0.025601,12.672274,0.016212,-0.042797,0.002866,-0.000002690,0.000021737,-0.000044261,0.004435,-0.009159,0.000151,0.999948
2.620000,-0.053187,-0.016559,12.638687,0.016564,-0.042433,0.002127,-0.000002561,0.000021472,-0.000044234,0.004520,-0.009368,0.000163,0.999946
2.630000,-0.103693,0.004277,12.652028,0.016644,-0.040328,0.002993,-0.000002785,0.000021498,-0.000044380,0.004603,-0.009570,0.000173,0.999944
2.640000,-0.109400,0.020214,12.627049,0.016740,-0.037601,0.002424,-0.000003142,0.000021388,-0.000044332,0.004683,-0.009764,0.000183,0.999941
2.650000,-0.152165,-0.044933,12.605721,0.015593,-0.037394,0.000987,-0.000002840,0.000021545,-0.000044507,0.004761,-0.009948,0.000191,0.999939
2.660000,-0.140804,-0.009709,12.650579,0.013895,-0.035257,0.001844,-0.000002836,0.000021511,-0.000044515,0.004835,-0.010121,0.000198,0.999937
2.670000,0.071130,0.020761,12.639457,0.014338,-0.033493,0.000652,-0.000002818,0.000021474,-0.000044496,0.004908,-0.010291,0.000206,0.999935
2.680000,0.060491,0.015784,12.668110,0.014016,-0.033498,0.002006,-0.000003014,0.000021379,-0.000044572,0.004979,-0.010459,0.000214,0.999933
2.690000,0.156054,0.046740,12.160378,0.013735,-0.034161,0.001304,-0.000002984,0.000021643,-0.000044526,0.005049,-0.010628,0.000222,0.999931
2.700000,0.156764,0.083639,12.172646,0.014305,-0.034661,0.001733,-0.000003164,0.000021392,-0.000044665,0.005119,-0.010801,0.000232,0.999929
2.710000,0.162353,0.045154,11.647561,0.014131,-0.036416,0.001267,-0.000003232,0.000021420,-0.000044336,0.005189,-0.010976,0.000242,0.999926
2.720000,0.168383,0.050413,11.627924,0.014141,-0.035869,0.002883,-0.000002816,0.000021542,-0.000044450,0.005260,-0.011153,0.000253,0.999924
2.730000,0.091011,0.066422,11.502433,0.015120,-0.035514,0.002320,-0.000003027,0.000021605,-0.000044367,0.005331,-0.011331,0.000264,0.999922
2.740000,0.110967,0.032705,11.517286,0.014017,-0.036460,0.002994,-0.000003128,0.000021898,-0.000044599,0.005401,-0.011510,0.000275,0.999919
2.750000,0.043500,0.008474,12.015336,0.013743,-0.035393,0.002544,-0.000003121,0.000021658,-0.000044675,0.005470,-0.011688,0.000286,0.999917
2.760000,0.058870,0.022744,12.012536,0.014263,-0.035080,0.001296,-0.000003339,0.000021373,-0.000044413,0.005539,-0.011865,0.000298,0.999914
2.770000,0.044791,0.028200,12.553573,0.014426,-0.034558,0.001791,-0.000002955,0.000021390,-0.000044438,0.005607,-0.012039,0.000309,0.999912
2.780000,0.038874,0.030217,12.532686,0.013666,-0.034220,0.002634,-0.000002920,0.000021590,-0.000044587,0.005674,-0.012212,0.000320,0.999909
2.790000,0.026719,-0.006803,12.651987,0.012708,-0.032859,0.002061,-0.000003130,0.000021184,-0.000044513,0.005739,-0.012381,0.000332,0.999907
2.800000,-0.000886,0.018646,12.632070,0.012091,-0.033716,0.001932,-0.000003229,0.000021491,-0.000044630,0.005803,-0.012547,0.000343,0.999904
2.810000,-0.104171,-0.048263,12.668400,0.012152,-0.031909,0.003530,-0.000003129,0.000021560,-0.000044553,0.005862,-0.012706,0.000355,0.999902
2.820000,-0.035645,-0.055659,12.633588,0.010923,-0.030631,0.003048,-0.000003324,0.000021597,-0.000044081,0.005917,-0.012859,0.000368,0.999900
2.830000,-0.113470,-0.048576,12.643798,0.009803,-0.028670,0.002226,-0.000002854,0.000021363,-0.000044416,0.005969,-0.013003,0.000380,0.999898
2.840000,-0.131773,-0.041946,12.638225,0.009987,-0.027249,0.002105,-0.000003213,0.000021566,-0.000044557,0.006016,-0.013138,0.000392,0.999896
2.850000,-0.136910,-0.025132,12.639127,0.009195,-0.024759,0.002887,-0.000003195,0.000021574,-0.000044402,0.006060,-0.013264,0.000403,0.999894
2.860000,-0.116008,-0.053674,12.637736,0.007579,-0.023490,0.001977,-0.000003143,0.000021624,-0.000044379,0.006100,-0.013380,0.000413,0.999892
2.870000,-0.026817,-0.019129,12.673967,0.007284,-0.022015,0.002532,-0.000003222,0.000021018,-0.000044531,0.006137,-0.013489,0.000424,0.999890
2.880000,-0.035018,-0.005443,12.665643,0.006854,-0.020421,0.001161,-0.000003125,0.000021469,-0.000044233,0.006172,-0.013591,0.000434,0.999888
2.890000,0.115305,0.010752,12.169409,0.006230,-0.020668,0.002541,-0.000003293,0.000021690,-0.000044433,0.006204,-0.013693,0.000445,0.999887
2.900000,0.126271,-0.012886,12.185485,0.004985,-0.020417,0.003588,-0.000003203,0.000021580,-0.000044443,0.006234,-0.013796,0.000458,0.999885
2.910000,0.136253,0.041297,11.643174,0.006283,-0.021704,0.002766,-0.000003288,0.000021573,-0.000044675,0.006264,-0.013900,0.000471,0.999884
2.920000,0.132092,0.027706,11.645089,0.005474,-0.020597,0.003186,-0.000003069,0.000021235,-0.000044796,0.006293,-0.014006,0.000485,0.999882
2.930000,0.093574,0.067420,11.476883,0.005158,-0.022106,0.002519,-0.000003341,0.000021332,-0.000044271,0.006321,-0.014113,0.000500,0.999880
2.940000,0.120887,0.015621,11.487640,0.005625,-0.022410,0.004061,-0.000003331,0.000021321,-0.000044622,0.006349,-0.014221,0.000515,0.999879
2.950000,0.104683,0.049510,11.996619,0.005786,-0.020678,0.002658,-0.000003352,0.000021442,-0.000044647,0.006377,-0.014328,0.000530,0.999877
2.960000,0.076513,0.050374,12.027692,0.006185,-0.021042,0.003085,-0.000003145,0.000021409,-0.000044469,0.006405,-0.014434,0.000545,0.999875
2.970000,0.061213,0.051583,12.496611,0.004852,-0.020679,0.004367,-0.000003294,0.000021493,-0.000044312,0.006432,-0.014540,0.000560,0.999873
2.980000,0.066128,0.029986,12.500058,0.004921,-0.020644,0.002788,-0.000003543,0.000021339,-0.000044333,0.006459,-0.014644,0.000574,0.999872
2.990000,-0.003745,0.041085,12.647710,0.005454,-0.020136,0.001842,-0.000003409,0.000021500,-0.000044388,0.006485,-0.014745,0.000589,0.999870
3.000000,0.018478,0.021902,12.641552,0.005058,-0.019929,0.002719,-0.000003116,0.000021305,-0.000044579,0.006510,-0.014841,0.000602,0.999868
3.010000,-0.055814,0.007997,12.377369,0.005248,-0.017948,0.003268,-0.000003087,0.000021566,-0.000044363,0.006534,-0.014932,0.000615,0.999867
3.020000,-0.031160,0.025050,12.364408,0.004536,-0.017392,0.002434,-0.000003388,0.000021528,-0.000044630,0.006555,-0.015017,0.000628,0.999866
3.030000,-0.061333,0.018284,12.649007,0.003560,-0.014386,0.001709,-0.000003347,0.000021474,-0.000044589,0.006576,-0.015095,0.000639,0.999864
3.040000,-0.084599,0.048618,12.668150,0.005140,-0.014118,0.002516,-0.000003531,0.000021423,-0.000044670,0.006595,-0.015166,0.000648,0.999863
3.050000,-0.107036,0.006365,12.677465,0.003997,-0.012887,0.002795,-0.000003176,0.000021439,-0.000044533,0.006612,-0.015228,0.000657,0.999862
3.060000,-0.115534,-0.013576,12.642895,0.002942,-0.010752,0.000787,-0.000003154,0.000021246,-0.000044395,0.006627,-0.015282,0.000665,0.999861
3.070000,-0.118076,-0.017111,12.673204,0.001502,-0.008674,0.000891,-0.000003261,0.000021283,-0.000044435,0.006639,-0.015325,0.000671,0.999860
3.080000,-0.136583,-0.021636,12.655517,0.000896,-0.005691,0.001593,-0.000003503,0.000021259,-0.000044732,0.006648,-0.015359,0.000676,0.999860
3.090000,0.041792,-0.016403,12.161825,0.001547,-0.006163,0.000213,-0.000003076,0.000021393,-0.000044480,0.006655,-0.015387,0.000681,0.999859
3.100000,0.007934,0.007114,12.164306,0.000457,-0.004337,0.001453,-0.000003351,0.000021375,-0.000044456,0.006660,-0.015412,0.000686,0.999859
3.110000,0.151935,0.040513,11.644114,0.001129,-0.005960,0.001412,-0.000003312,0.000021336,-0.000044575,0.006665,-0.015438,0.000692,0.999858
3.120000,0.148073,0.041638,11.638382,0.002055,-0.004922,0.001324,-0.000003244,0.000021245,-0.000044550,0.006670,-0.015465,0.000698,0.999858
3.130000,0.158030,0.046204,11.119599,-0.000697,-0.005850,0.001627,-0.000003610,0.000021308,-0.000044379,0.006674,-0.015494,0.000705,0.999857
3.140000,0.176011,0.061850,11.160185,0.000700,-0.007600,0.001993,-0.000003575,0.000021389,-0.000044505,0.006678,-0.015526,0.000712,0.999857
3.150000,0.083836,0.030566,10.641463,0.001003,-0.007075,0.002559,-0.000003514,0.000021572,-0.000044457,0.006681,-0.015557,0.000720,0.999856
3.160000,0.062682,0.033583,10.643163,0.000909,-0.006183,0.001680,-0.000003222,0.000021209,-0.000044635,0.006684,-0.015589,0.000729,0.999856
3.170000,-0.003614,0.019937,10.361546,-0.001304,-0.005762,0.001087,-0.000003392,0.000021234,-0.000044450,0.006685,-0.015618,0.000738,0.999855
3.180000,0.028673,0.019838,10.368343,0.000974,-0.005938,0.001281,-0.000003201,0.000021344,-0.000044525,0.006686,-0.015645,0.000746,0.999855
3.190000,-0.010930,0.029861,10.876680,0.000003,-0.004188,0.001282,-0.000003312,0.000021381,-0.000044343,0.006686,-0.015669,0.000753,0.999855
3.200000,0.001917,0.052982,10.887152,-0.000075,-0.004216,0.000684,-0.000003440,0.000021419,-0.000044717,0.006685,-0.015690,0.000761,0.999854
3.210000,0.001669,-0.003127,11.374672,-0.001398,-0.003464,0.002515,-0.000003224,0.000021099,-0.000044554,0.006683,-0.015707,0.000768,0.999854
3.220000,0.015711,0.022093,11.343921,-0.000559,-0.002353,0.000801,-0.000003280,0.000021401,-0.000044329,0.006680,-0.015721,0.000775,0.999854
3.230000,-0.035517,-0.002322,11.936205,-0.001101,-0.001830,0.001639,-0.000003501,0.000021353,-0.000044606,0.006675,-0.015730,0.000781,0.999854
3.240000,-0.047589,-0.011726,11.920908,-0.000760,-0.000724,0.001085,-0.000003523,0.000021585,-0.000044694,0.006667,-0.015733,0.000788,0.999854
3.250000,-0.097002,-0.036058,12.424228,-0.002023,0.000888,0.000623,-0.000003210,0.000020927,-0.000044223,0.006655,-0.015728,0.000794,0.999854
3.260000,-0.114962,-0.069324,12.398655,-0.002589,0.002266,0.001617,-0.000003482,0.000021238,-0.000044614,0.006640,-0.015714,0.000800,0.999854
3.270000,-0.123852,-0.042833,12.674840,-0.004756,0.003693,0.001095,-0.000003548,0.000021563,-0.000044338,0.006619,-0.015691,0.000806,0.999855
3.280000,-0.098108,-0.048159,12.660503,-0.005847,0.007057,0.000641,-0.000003187,0.000021598,-0.000044392,0.006593,-0.015658,0.000813,0.999855
3.290000,-0.189095,-0.032844,12.674510,-0.006710,0.008715,0.000653,-0.000003257,0.000021458,-0.000044396,0.006564,-0.015613,0.000818,0.999856
3.300000,-0.169837,-0.022192,12.670872,-0.005347,0.011790,0.000856,-0.000003450,0.000021290,-0.000044480,0.006532,-0.015557,0.000821,0.999857
3.310000,-0.120674,-0.003552,12.676163,-0.006879,0.013711,0.001092,-0.000003581,0.000021316,-0.000044513,0.006498,-0.015490,0.000823,0.999859
3.320000,-0.119866,0.022846,12.687125,-0.007868,0.015146,0.000795,-0.000003282,0.000021282,-0.000044504,0.006461,-0.015412,0.000823,0.999860
3.330000,-0.039864,-0.017782,12.671475,-0.008595,0.016900,0.000412,-0.000003361,0.000021171,-0.000044614,0.006421,-0.015326,0.000823,0.999862
3.340000,-0.064515,0.002109,12.662815,-0.007877,0.018671,0.001008,-0.000003296,0.000021513,-0.000044641,0.006378,-0.015232,0.000822,0.999863
3.350000,-0.048070,-0.028262,12.683179,-0.008928,0.021449,0.000642,-0.000003038,0.000021330,-0.000044334,0.006332,-0.015130,0.000821,0.999865
3.360000,-0.047539,-0.032131,12.684119,-0.009928,0.020846,-0.000454,-0.000003318,0.000021454,-0.000044681,0.006282,-0.015022,0.000819,0.999867
3.370000,0.016669,0.012061,12.667756,-0.010551,0.023272,-0.000155,-0.000003357,0.000021478,-0.000044837,0.006231,-0.014908,0.000818,0.999869
3.380000,0.027259,0.007986,12.672283,-0.011377,0.024615,-0.000023,-0.000003279,0.000021433,-0.000044451,0.006177,-0.014790,0.000817,0.999871
3.390000,0.056435,0.002304,12.682668,-0.011522,0.023941,-0.001097,-0.000003241,0.000021512,-0.000044206,0.006122,-0.014669,0.000815,0.999873
3.400000,0.033402,-0.001405,12.678341,-0.011079,0.024588,-0.000225,-0.000003148,0.000021618,-0.000044526,0.006064,-0.014543,0.000814,0.999876
3.410000,0.021948,0.032731,12.665455,-0.012482,0.026815,-0.000717,-0.000003441,0.000021467,-0.000044380,0.006005,-0.014415,0.000813,0.999878
3.420000,0.024561,0.018731,12.666128,-0.011732,0.026101,-0.000626,-0.000003711,0.000021387,-0.000044302,0.005945,-0.014282,0.000811,0.999880
3.430000,-0.003391,0.022636,12.681836,-0.011554,0.027393,0.000152,-0.000003281,0.000021437,-0.000044539,0.005884,-0.014146,0.000809,0.999882
3.440000,0.032480,0.030115,12.672500,-0.013846,0.027452,-0.000694,-0.000003433,0.000021473,-0.000044571,0.005822,-0.014006,0.000806,0.999885
3.450000,0.062100,0.051647,12.680316,-0.012284,0.028224,-0.000811,-0.000003164,0.000021639,-0.000044544,0.005759,-0.013863,0.000803,0.999887
3.460000,0.037077,0.017461,12.665626,-0.011538,0.027841,-0.000920,-0.000003105,0.000021816,-0.000044635,0.005695,-0.013717,0.000800,0.999889
3.470000,0.039536,0.025661,12.675875,-0.012806,0.029845,-0.001721,-0.000003368,0.000021389,-0.000044249,0.005630,-0.013568,0.000796,0.999892
3.480000,0.044357,0.008243,12.685299,-0.013229,0.031242,-0.001269,-0.000003402,0.000021240,-0.000044467,0.005565,-0.013417,0.000792,0.999894
3.490000,0.001263,0.001250,12.692811,-0.013596,0.030340,-0.000449,-0.000003102,0.000021458,-0.000044411,0.005498,-0.013262,0.000788,0.999897
3.500000,-0.015323,0.033715,12.695497,-0.013648,0.031553,-0.000644,-0.000003164,0.000021714,-0.000044653,0.005430,-0.013102,0.000783,0.999899
3.510000,0.089949,0.038018,12.686805,-0.014060,0.032728,0.000355,-0.000002757,0.000021767,-0.000044215,0.005361,-0.012941,0.000778,0.999902
3.520000,0.054803,0.027276,12.716845,-0.013954,0.032691,-0.001372,-0.000003186,0.000021245,-0.000044688,0.005292,-0.012777,0.000773,0.999904
3.530000,0.127667,0.054197,12.682923,-0.013491,0.032210,-0.001292,-0.000003133,0.000021318,-0.000044625,0.005224,-0.012615,0.000768,0.999906
3.540000,0.120419,0.092982,12.651259,-0.013942,0.030963,-0.000240,-0.000003293,0.000021538,-0.000044297,0.005157,-0.012453,0.000762,0.999909
3.550000,0.154144,0.062900,12.172314,-0.013917,0.032307,-0.000466,-0.000003047,0.000021658,-0.000044179,0.005091,-0.012293,0.000756,0.999911
3.560000,0.164534,0.062827,12.187488,-0.013038,0.030943,-0.001290,-0.000003204,0.000021674,-0.000044300,0.005026,-0.012136,0.000750,0.999913
3.570000,0.137416,0.063850,11.699686,-0.011750,0.030414,-0.001284,-0.000002725,0.000021732,-0.000044352,0.004962,-0.011981,0.000745,0.999916
3.580000,0.136629,0.044421,11.737930,-0.013561,0.030753,-0.000939,-0.000003036,0.000021523,-0.000044600,0.004900,-0.011829,0.000739,0.999918
3.590000,0.152914,0.081138,11.710434,-0.012411,0.029233,-0.000928,-0.000002864,0.000021536,-0.000044415,0.004838,-0.011680,0.000734,0.999920
3.600000,0.160680,0.065488,11.721383,-0.011963,0.029250,-0.000436,-0.000003018,0.000021424,-0.000044619,0.004779,-0.011534,0.000728,0.999922
3.610000,0.161385,0.076886,11.936776,-0.010997,0.027993,-0.001521,-0.000002906,0.000021533,-0.000044441,0.004720,-0.011392,0.000723,0.999924
3.620000,0.165205,0.079298,11.922260,-0.012292,0.028698,-0.000580,-0.000002767,0.000021602,-0.000044341,0.004663,-0.011254,0.000719,0.999926
3.630000,0.157735,0.054583,12.360543,-0.010713,0.026956,-0.001168,-0.000002811,0.000021393,-0.000044265,0.004607,-0.011119,0.000714,0.999927
3.640000,0.155116,0.088749,12.372854,-0.009771,0.026502,-0.000937,-0.000003081,0.000021779,-0.000044575,0.004552,-0.010987,0.000710,0.999929
3.650000,0.121746,0.022011,12.682539,-0.011514,0.025520,-0.001233,-0.000002957,0.000021637,-0.000044405,0.004497,-0.010857,0.000706,0.999931
3.660000,0.117535,0.033823,12.681124,-0.012772,0.024543,-0.001465,-0.000002906,0.000021477,-0.000044288,0.004442,-0.010730,0.000703,0.999932
3.670000,0.089941,0.080006,12.682441,-0.009990,0.025487,-0.001110,-0.000002651,0.000021440,-0.000044398,0.004387,-0.010604,0.000700,0.999934
3.680000,0.098671,0.026612,12.658680,-0.010660,0.025593,-0.000693,-0.000002969,0.000021682,-0.000044370,0.004332,-0.010479,0.000698,0.999935
3.690000,0.105163,0.035174,12.673229,-0.011105,0.024537,-0.000350,-0.000002773,0.000021584,-0.000044474,0.004277,-0.010356,0.000697,0.999937
3.700000,0.120361,0.048277,12.645137,-0.011000,0.024819,-0.000325,-0.000002940,0.000021791,-0.000044152,0.004222,-0.010235,0.000695,0.999938
3.710000,0.117068,0.046977,12.688103,-0.010667,0.023303,0.000158,-0.000003054,0.000021424,-0.000044334,0.004167,-0.010115,0.000694,0.999940
3.720000,0.109694,0.047699,12.683323,-0.010957,0.023522,-0.000067,-0.000002910,0.000021620,-0.000044218,0.004111,-0.009996,0.000694,0.999941
3.730000,0.153417,0.019370,12.682617,-0.010019,0.023326,-0.000576,-0.000002857,0.000021328,-0.000044587,0.004055,-0.009880,0.000695,0.999943
3.740000,0.158506,0.025407,12.669310,-0.012122,0.023539,0.001221,-0.000002788,0.000021554,-0.000044333,0.003998,-0.009766,0.000697,0.999944
3.750000,0.117607,0.045138,12.213577,-0.011178,0.022724,0.001202,-0.000002982,0.000021953,-0.000044392,0.003940,-0.009655,0.000700,0.999945
3.760000,0.148424,-0.018022,12.182064,-0.011413,0.022033,0.000951,-0.000002809,0.000021770,-0.000044418,0.003881,-0.009546,0.000704,0.999947
3.770000,0.130329,0.060352,11.690154,-0.011107,0.021200,0.000439,-0.000002838,0.000021812,-0.000044399,0.003823,-0.009440,0.000709,0.999948
3.780000,0.102511,0.066304,11.672283,-0.012008,0.020424,0.001072,-0.000002753,0.000021848,-0.000044477,0.003766,-0.009337,0.000713,0.999949
3.790000,0.131012,0.063297,11.625602,-0.011617,0.020363,-0.000314,-0.000002643,0.000021818,-0.000044518,0.003710,-0.009235,0.000718,0.999950
3.800000,0.098802,0.045695,11.641440,-0.011211,0.019897,0.000876,-0.000002732,0.000021655,-0.000044153,0.003655,-0.009135,0.000722,0.999951
3.810000,0.148201,0.083744,11.903432,-0.010324,0.019480,0.001104,-0.000002809,0.000021877,-0.000044511,0.003603,-0.009038,0.000726,0.999952
3.820000,0.130893,0.087544,11.908602,-0.009423,0.018154,-0.000277,-0.000002947,0.000021898,-0.000044408,0.003552,-0.008943,0.000730,0.999953
3.830000,0.126523,0.076785,12.393608,-0.009357,0.018928,0.000835,-0.000002554,0.000021838,-0.000044444,0.003503,-0.008850,0.000733,0.999954
3.840000,0.138280,0.065046,12.378472,-0.008064,0.017482,0.001527,-0.000002867,0.000021672,-0.000044484,0.003456,-0.008760,0.000736,0.999955
3.850000,0.151653,0.078424,12.694271,-0.009735,0.018154,0.000588,-0.000002824,0.000021529,-0.000044321,0.003410,-0.008673,0.000738,0.999956
3.860000,0.163600,0.072525,12.705406,-0.008458,0.017262,0.000485,-0.000002730,0.000021855,-0.000044472,0.003366,-0.008588,0.000741,0.999957
3.870000,0.117207,0.026916,12.670334,-0.008316,0.016190,-0.000051,-0.000002670,0.000021903,-0.000044347,0.003322,-0.008505,0.000744,0.999958
3.880000,0.140354,0.027167,12.678488,-0.008212,0.015957,-0.000149,-0.000002534,0.000022042,-0.000044368,0.003279,-0.008424,0.000747,0.999959
3.890000,0.096431,0.067337,12.680216,-0.008891,0.015535,0.000322,-0.000002814,0.000021738,-0.000044332,0.003237,-0.008344,0.000749,0.999960
3.900000,0.085754,0.092387,12.701088,-0.007644,0.015944,-0.000375,-0.000002515,0.000021751,-0.000044351,0.003196,-0.008264,0.000752,0.999960
3.910000,0.071788,0.046025,12.700761,-0.007494,0.015026,0.000240,-0.000002608,0.000021742,-0.000044260,0.003155,-0.008183,0.000754,0.999961
3.920000,0.071223,0.029493,12.676853,-0.007668,0.017075,0.001663,-0.000002594,0.000021771,-0.000044540,0.003114,-0.008101,0.000755,0.999962
3.930000,0.083826,0.048700,12.677264,-0.008255,0.016215,0.000791,-0.000002960,0.000022004,-0.000044291,0.003073,-0.008020,0.000757,0.999963
3.940000,0.094274,0.058450,12.686311,-0.007862,0.017141,0.000500,-0.000002567,0.000021584,-0.000044301,0.003033,-0.007938,0.000758,0.999964
3.950000,0.092808,0.064098,12.671574,-0.007859,0.015714,0.000154,-0.000002417,0.000021460,-0.000044233,0.002995,-0.007857,0.000759,0.999964
3.960000,0.103104,0.072347,12.678286,-0.005908,0.016087,-0.000427,-0.000002547,0.000021767,-0.000044371,0.002958,-0.007776,0.000758,0.999965
3.970000,0.126518,0.086319,12.346339,-0.006133,0.016416,0.000350,-0.000002776,0.000021770,-0.000044478,0.002923,-0.007697,0.000758,0.999966
3.980000,0.147127,0.086636,12.353094,-0.005436,0.014208,-0.000981,-0.000002761,0.000021810,-0.000044294,0.002890,-0.007620,0.000756,0.999967
3.990000,0.118661,0.057944,12.120513,-0.005957,0.014499,0.000536,-0.000002550,0.000021738,-0.000044267,0.002858,-0.007545,0.000755,0.999967
4.000000,0.133330,0.055807,12.127576,-0.006907,0.015071,-0.001432,-0.000002651,0.000021623,-0.000044190,0.002827,-0.007473,0.000754,0.999968
4.010000,0.117219,0.050352,12.398890,-0.006633,0.015043,-0.000421,-0.000002705,0.000021717,-0.000044236,0.002796,-0.007401,0.000753,0.999968
4.020000,0.114632,0.049642,12.390838,-0.005831,0.013194,0.000398,-0.000002759,0.000021949,-0.000044474,0.002766,-0.007331,0.000752,0.999969
4.030000,0.092774,0.041557,12.687429,-0.005548,0.013237,0.000627,-0.000002836,0.000021910,-0.000044354,0.002737,-0.007262,0.000751,0.999970
4.040000,0.114744,0.045841,12.674135,-0.006679,0.013078,-0.000072,-0.000002753,0.000021885,-0.000044328,0.002707,-0.007193,0.000750,0.999970
4.050000,0.084726,0.044015,12.671639,-0.004673,0.012863,0.000399,-0.000002579,0.000021920,-0.000044314,0.002679,-0.007124,0.000749,0.999971
4.060000,0.081139,0.060401,12.658423,-0.004756,0.013881,0.000106,-0.000002387,0.000021934,-0.000044423,0.002651,-0.007055,0.000747,0.999971
4.070000,0.077736,0.071123,12.660809,-0.005300,0.014202,-0.000950,-0.000002484,0.000021660,-0.000044326,0.002624,-0.006985,0.000744,0.999972
4.080000,0.051089,0.046478,12.682931,-0.005102,0.013323,-0.000233,-0.000002483,0.000021817,-0.000044543,0.002598,-0.006914,0.000741,0.999972
4.090000,0.066094,0.045534,12.673626,-0.005485,0.014635,-0.001741,-0.000002756,0.000021783,-0.000044529,0.002571,-0.006842,0.000738,0.999973
4.100000,0.078714,0.043866,12.674619,-0.005989,0.013790,-0.000295,-0.000002661,0.000021909,-0.000044397,0.002544,-0.006770,0.000735,0.999974
4.110000,0.058393,0.030166,12.707858,-0.005378,0.014228,-0.001433,-0.000002533,0.000021940,-0.000044465,0.002517,-0.006697,0.000731,0.999974
4.120000,0.049775,0.019233,12.677950,-0.005396,0.015551,0.000085,-0.000002670,0.000021499,-0.000044355,0.002489,-0.006621,0.000728,0.999975
4.130000,0.048815,0.048874,12.709858,-0.005045,0.015924,-0.001696,-0.000002449,0.000021934,-0.000044227,0.002461,-0.006545,0.000724,0.999975
4.140000,0.051684,0.035309,12.706660,-0.005091,0.015080,-0.001407,-0.000002607,0.000022108,-0.000044601,0.002433,-0.006466,0.000720,0.999976
4.150000,0.090331,0.039888,12.684960,-0.005012,0.016325,-0.001298,-0.000002567,0.000021743,-0.000044226,0.002407,-0.006388,0.000714,0.999976
4.160000,0.088157,0.074178,12.686538,-0.005100,0.015561,-0.000856,-0.000002493,0.000021800,-0.000044189,0.002382,-0.006309,0.000708,0.999977
4.170000,0.102478,0.062073,12.675335,-0.004928,0.015599,0.000602,-0.000002386,0.000021714,-0.000044581,0.002358,-0.006231,0.000702,0.999978
4.180000,0.104538,0.073379,12.681987,-0.005116,0.014933,-0.001980,-0.000002700,0.000021916,-0.000044330,0.002336,-0.006153,0.000695,0.999978
4.190000,0.123734,0.062667,12.665652,-0.004694,0.014772,-0.001535,-0.000002353,0.000021641,-0.000044651,0.002314,-0.006077,0.000688,0.999979
4.200000,0.131003,0.054548,12.684075,-0.005208,0.014405,-0.001317,-0.000002494,0.000021675,-0.000044171,0.002292,-0.006003,0.000681,0.999979
4.210000,0.086539,0.008212,12.682002,-0.005252,0.014270,-0.000120,-0.000002311,0.000021953,-0.000044278,0.002270,-0.005929,0.000675,0.999980
4.220000,0.074345,0.014510,12.692537,-0.004427,0.013684,-0.001038,-0.000002548,0.000021638,-0.000044503,0.002246,-0.005855,0.000669,0.999980
4.230000,0.032775,0.007706,12.658679,-0.005388,0.015214,-0.000398,-0.000002393,0.000021859,-0.000044304,0.002222,-0.005780,0.000664,0.999981
4.240000,0.066493,0.022405,12.686594,-0.005423,0.015374,-0.001275,-0.000002520,0.000021827,-0.000044410,0.002198,-0.005705,0.000659,0.999981
4.250000,0.054134,0.047618,12.697367,-0.004449,0.015321,-0.000591,-0.000002559,0.000021699,-0.000044287,0.002173,-0.005629,0.000654,0.999982
4.260000,0.066998,0.041803,12.689014,-0.004135,0.014674,-0.000257,-0.000002377,0.000021863,-0.000044247,0.002148,-0.005552,0.000648,0.999982
4.270000,0.068219,0.023813,12.701215,-0.004501,0.015796,-0.002062,-0.000002397,0.000021919,-0.000044500,0.002124,-0.005474,0.000642,0.999983
4.280000,0.043760,0.034645,12.699197,-0.004432,0.015324,-0.000045,-0.000002410,0.000021695,-0.000044360,0.002099,-0.005395,0.000636,0.999983
4.290000,0.068657,0.026049,12.679385,-0.006014,0.017191,-0.001737,-0.000002383,0.000021931,-0.000044518,0.002073,-0.005315,0.000630,0.999984
4.300000,0.066499,0.027915,12.694977,-0.004873,0.015269,-0.002400,-0.000002405,0.000021641,-0.000044327,0.002047,-0.005234,0.000624,0.999984
4.310000,0.063392,0.040567,12.676808,-0.004911,0.016434,0.000753,-0.000002612,0.000021771,-0.000044298,0.002021,-0.005151,0.000618,0.999984
4.320000,0.085208,0.029533,12.692414,-0.006427,0.016084,-0.000437,-0.000002389,0.000021630,-0.000044270,0.001994,-0.005067,0.000611,0.999985
4.330000,0.032773,0.024288,12.700877,-0.005332,0.017781,-0.001349,-0.000002212,0.000021971,-0.000044422,0.001967,-0.004981,0.000605,0.999985
4.340000,0.017614,0.002119,12.689809,-0.005413,0.017759,-0.001184,-0.000002416,0.000021882,-0.000044398,0.001939,-0.004892,0.000598,0.999986
4.350000,0.057232,0.066198,12.682605,-0.006298,0.017541,-0.001419,-0.000002194,0.000021751,-0.000044509,0.001912,-0.004802,0.000590,0.999986
4.360000,0.014274,0.033599,12.689789,-0.004996,0.017800,-0.001738,-0.000002336,0.000021971,-0.000044648,0.001884,-0.004710,0.000582,0.999987
4.370000,0.107712,0.093532,12.676900,-0.003981,0.016596,-0.001977,-0.000002377,0.000021848,-0.000044468,0.001857,-0.004619,0.000574,0.999987
4.380000,0.128458,0.071454,12.673808,-0.006803,0.018459,-0.001040,-0.000002563,0.000021908,-0.000044372,0.001831,-0.004530,0.000565,0.999988
4.390000,0.123275,0.071285,12.686993,-0.004457,0.018016,-0.000823,-0.000002506,0.000021715,-0.000044429,0.001806,-0.004442,0.000557,0.999988
4.400000,0.131343,0.069356,12.697177,-0.004444,0.015638,-0.001107,-0.000002577,0.000021784,-0.000044449,0.001782,-0.004357,0.000549,0.999989
4.410000,0.079881,0.010409,12.665573,-0.005115,0.017016,-0.000655,-0.000002468,0.000021808,-0.000044271,0.001757,-0.004272,0.000541,0.999989
4.420000,0.055555,0.011018,12.671774,-0.004955,0.016891,-0.001402,-0.000002216,0.000022040,-0.000044489,0.001732,-0.004187,0.000534,0.999990
4.430000,0.041726,0.045526,12.673756,-0.005324,0.016075,-0.001725,-0.000002394,0.000021895,-0.000044322,0.001706,-0.004101,0.000527,0.999990
4.440000,0.051347,0.034660,12.682244,-0.004736,0.017493,-0.001979,-0.000002478,0.000021882,-0.000043935,0.001679,-0.004014,0.000520,0.999990
4.450000,0.067041,0.037912,12.683879,-0.005478,0.017923,-0.001064,-0.000002398,0.000021768,-0.000044402,0.001653,-0.003926,0.000512,0.999991
4.460000,0.066942,0.036132,12.694847,-0.005145,0.018671,-0.002647,-0.000002138,0.000021719,-0.000044343,0.001626,-0.003837,0.000504,0.999991
4.470000,0.046470,0.017091,12.682984,-0.005710,0.018609,-0.000781,-0.000002308,0.000021766,-0.000044408,0.001599,-0.003748,0.000497,0.999992
4.480000,0.061971,0.039536,12.688228,-0.005282,0.017914,-0.001970,-0.000002342,0.000021732,-0.000044389,0.001572,-0.003658,0.000489,0.999992
4.490000,0.039129,0.025499,12.694028,-0.005259,0.018574,-0.002127,-0.000002222,0.000021533,-0.000044184,0.001544,-0.003567,0.000481,0.999992
4.500000,0.069567,0.039134,12.686138,-0.004781,0.018387,-0.001279,-0.000002154,0.000021836,-0.000044386,0.001516,-0.003477,0.000474,0.999993
4.510000,0.078327,0.041229,12.678777,-0.006282,0.019846,-0.000915,-0.000002363,0.000021791,-0.000044325,0.001488,-0.003385,0.000466,0.999993
4.520000,0.076381,0.029494,12.692271,-0.005250,0.018374,-0.002727,-0.000002269,0.000022277,-0.000044407,0.001459,-0.003293,0.000459,0.999993
4.530000,0.064648,0.019655,12.682633,-0.005622,0.018385,-0.000266,-0.000002216,0.000021837,-0.000044299,0.001430,-0.003200,0.000452,0.999994
4.540000,0.049211,0.024991,12.679911,-0.005537,0.019370,-0.001829,-0.000002259,0.000021674,-0.000044239,0.001399,-0.003105,0.000444,0.999994
4.550000,0.055126,0.020652,12.662744,-0.005273,0.019178,-0.002642,-0.000002093,0.000021836,-0.000044478,0.001368,-0.003009,0.000437,0.999994
4.560000,0.048309,0.016092,12.681028,-0.006766,0.019140,-0.001541,-0.000002149,0.000021816,-0.000044207,0.001336,-0.002912,0.000430,0.999995
4.570000,0.098105,0.065355,12.666284,-0.006087,0.019101,-0.001110,-0.000002078,0.000021851,-0.000044196,0.001305,-0.002816,0.000423,0.999995
4.580000,0.081993,0.056581,12.701850,-0.006018,0.018255,-0.001972,-0.000002053,0.000021900,-0.000044216,0.001274,-0.002721,0.000416,0.999995
4.590000,0.114290,0.059774,12.681193,-0.006273,0.019161,-0.001620,-0.000002595,0.000021903,-0.000044208,0.001244,-0.002628,0.000409,0.999996
4.600000,0.071460,0.041816,12.663499,-0.005400,0.019119,-0.001591,-0.000002009,0.000022064,-0.000044171,0.001215,-0.002536,0.000402,0.999996
4.610000,0.123215,0.068486,12.675086,-0.006025,0.018778,-0.001876,-0.000002324,0.000021781,-0.000044457,0.001187,-0.002445,0.000394,0.999996
4.620000,0.103349,0.070048,12.677750,-0.004053,0.017447,-0.001671,-0.000002279,0.000021881,-0.000044514,0.001160,-0.002356,0.000386,0.999996
4.630000,0.087774,0.042490,12.686130,-0.006605,0.017007,-0.001000,-0.000002374,0.000021771,-0.000044490,0.001133,-0.002267,0.000379,0.999997
4.640000,0.091321,0.031847,12.684608,-0.005220,0.016798,-0.000786,-0.000002415,0.000022181,-0.000044157,0.001107,-0.002179,0.000371,0.999997
4.650000,0.073565,0.022147,12.685921,-0.005188,0.016655,-0.000423,-0.000002140,0.000021838,-0.000044086,0.001080,-0.002092,0.000364,0.999997
4.660000,0.067684,0.031399,12.680047,-0.004912,0.018389,-0.001710,-0.000002258,0.000021892,-0.000044348,0.001054,-0.002004,0.000356,0.999997
4.670000,0.085109,0.059271,12.660388,-0.004717,0.018035,-0.002206,-0.000002417,0.000021892,-0.000044084,0.001027,-0.001917,0.000349,0.999998
4.680000,0.078919,0.037530,12.679541,-0.004575,0.016853,-0.000710,-0.000002137,0.000021852,-0.000044500,0.001001,-0.001830,0.000342,0.999998
4.690000,0.085408,0.058931,12.674414,-0.004857,0.016513,-0.001433,-0.000002230,0.000021977,-0.000044205,0.000975,-0.001744,0.000334,0.999998
4.700000,0.069513,0.067532,12.671984,-0.004417,0.016266,-0.001039,-0.000002180,0.000021871,-0.000044581,0.000950,-0.001658,0.000327,0.999998
4.710000,0.063809,0.064415,12.662966,-0.004380,0.017583,-0.001332,-0.000001976,0.000021986,-0.000044468,0.000926,-0.001573,0.000318,0.999998
4.720000,0.093966,0.056561,12.670978,-0.004906,0.017307,-0.000386,-0.000002342,0.000022027,-0.000044187,0.000903,-0.001487,0.000310,0.999998
4.730000,0.095060,0.067756,12.675036,-0.004524,0.016825,-0.002832,-0.000002063,0.000021999,-0.000044391,0.000881,-0.001403,0.000300,0.999999
4.740000,0.124114,0.049676,12.678249,-0.003926,0.017452,-0.002945,-0.000001817,0.000021642,-0.000044215,0.000861,-0.001318,0.000290,0.999999
4.750000,0.097419,0.037707,12.666252,-0.003786,0.016681,-0.002444,-0.000002096,0.000021870,-0.000044500,0.000841,-0.001235,0.000280,0.999999
4.760000,0.090018,0.048837,12.647794,-0.002463,0.017672,-0.001297,-0.000001882,0.000021963,-0.000044407,0.000823,-0.001152,0.000270,0.999999
4.770000,0.110012,0.078614,12.671854,-0.003959,0.016534,-0.001937,-0.000001969,0.000021908,-0.000044144,0.000805,-0.001071,0.000259,0.999999
4.780000,0.107150,0.060036,12.672903,-0.003129,0.015663,-0.003228,-0.000002029,0.000021815,-0.000044361,0.000788,-0.000992,0.000249,0.999999
4.790000,0.151156,0.081570,12.700981,-0.003007,0.014926,-0.001940,-0.000002228,0.000021715,-0.000044207,0.000772,-0.000915,0.000238,0.999999
4.800000,0.119768,0.065573,12.667117,-0.002177,0.014935,-0.001807,-0.000001882,0.000021884,-0.000044294,0.000758,-0.000841,0.000228,0.999999
4.810000,0.139825,0.069586,12.663825,-0.002758,0.014465,-0.002651,-0.000001962,0.000021969,-0.000044179,0.000746,-0.000770,0.000217,0.999999
4.820000,0.118174,0.082352,12.672003,-0.001812,0.013265,-0.002141,-0.000001910,0.000021847,-0.000044120,0.000734,-0.000701,0.000207,0.999999
4.830000,0.134874,0.096418,12.660257,-0.001674,0.012589,-0.001892,-0.000002013,0.000021980,-0.000044364,0.000725,-0.000636,0.000196,1.000000
4.840000,0.159905,0.085275,12.671999,-0.001607,0.011454,-0.002121,-0.000001838,0.000021720,-0.000044562,0.000717,-0.000575,0.000185,1.000000
4.850000,0.152549,0.080452,12.668622,-0.001551,0.011754,-0.002001,-0.000001884,0.000022095,-0.000044504,0.000712,-0.000516,0.000174,1.000000
4.860000,0.125841,0.063140,12.659311,-0.001713,0.011227,-0.002675,-0.000001978,0.000021698,-0.000044374,0.000708,-0.000460,0.000163,1.000000
4.870000,0.131422,0.073343,12.677660,0.000211,0.010856,-0.001623,-0.000002281,0.000021917,-0.000044214,0.000706,-0.000407,0.000152,1.000000
4.880000,0.126800,0.072313,12.690823,-0.000380,0.010542,-0.001453,-0.000002143,0.000021667,-0.000044184,0.000706,-0.000357,0.000140,1.000000
4.890000,0.099575,0.037193,12.680590,-0.001005,0.010484,-0.002714,-0.000002123,0.000021995,-0.000044275,0.000708,-0.000308,0.000127,1.000000
4.900000,0.096757,0.077779,12.663348,0.000595,0.009463,-0.002840,-0.000002144,0.000021773,-0.000044334,0.000712,-0.000262,0.000115,1.000000
4.910000,0.130516,0.082450,12.656277,0.001748,0.009163,-0.003973,-0.000001899,0.000022036,-0.000044165,0.000717,-0.000218,0.000102,1.000000
4.920000,0.104473,0.088188,12.676813,0.001415,0.007890,-0.003443,-0.000001890,0.000022099,-0.000044147,0.000725,-0.000175,0.000088,1.000000
4.930000,0.127745,0.106663,12.663540,0.002561,0.007521,-0.002348,-0.000001987,0.000022084,-0.000044202,0.000735,-0.000135,0.000074,1.000000
4.940000,0.128196,0.095855,12.660883,0.002233,0.008049,-0.002202,-0.000002288,0.000021695,-0.000044158,0.000747,-0.000098,0.000058,1.000000
4.950000,0.129615,0.061435,12.665452,0.002662,0.007059,-0.004445,-0.000002058,0.000022060,-0.000044518,0.000762,-0.000063,0.000043,1.000000
4.960000,0.080682,0.075186,12.691176,0.002910,0.006411,-0.003168,-0.000001961,0.000021928,-0.000044350,0.000778,-0.000030,0.000027,1.000000
4.970000,0.123675,0.102453,12.684041,0.002263,0.006332,-0.003687,-0.000001972,0.000022173,-0.000044376,0.000796,0.000001,0.000010,1.000000
4.980000,0.094922,0.054273,12.701282,0.003986,0.005084,-0.002804,-0.000001906,0.000022017,-0.000044306,0.000816,0.000030,-0.000007,1.000000
4.990000,0.156309,0.078465,12.679827,0.004321,0.004437,-0.002562,-0.000002042,0.000022099,-0.000044496,0.000838,0.000056,-0.000024,1.000000
5.000000,0.136098,0.106588,12.675678,0.004558,0.005047,-0.003213,-0.000002085,0.000021982,-0.000044310,0.000863,0.000079,-0.000041,1.000000
5.010000,0.176329,0.109436,12.550825,0.005674,0.003947,-0.003421,-0.000001815,0.000021931,-0.000044127,0.000890,0.000098,-0.000059,1.000000
5.020000,0.124511,0.113981,12.558304,0.004926,0.002951,-0.003840,-0.000001867,0.000021976,-0.000044468,0.000919,0.000114,-0.000078,1.000000
5.030000,0.173545,0.096041,12.029465,0.006543,0.002411,-0.003764,-0.000002015,0.000022067,-0.000044357,0.000951,0.000124,-0.000096,1.000000
5.040000,0.186044,0.097659,11.995733,0.006915,0.001255,-0.003799,-0.000002018,0.000022206,-0.000044222,0.000986,0.000130,-0.000115,0.999999
5.050000,0.172609,0.093520,11.921627,0.006283,0.000590,-0.004247,-0.000001961,0.000021695,-0.000044227,0.001024,0.000131,-0.000134,0.999999
5.060000,0.164581,0.066069,11.937083,0.007613,0.000390,-0.003664,-0.000002030,0.000021778,-0.000044302,0.001064,0.000127,-0.000153,0.999999
5.070000,0.175845,0.077864,12.203182,0.007791,-0.002014,-0.004218,-0.000002092,0.000021961,-0.000044130,0.001106,0.000118,-0.000172,0.999999
5.080000,0.173422,0.060862,12.194790,0.008224,-0.001901,-0.002673,-0.000001967,0.000021836,-0.000044149,0.001150,0.000105,-0.000190,0.999999
5.090000,0.169096,0.054871,12.682040,0.008860,-0.002669,-0.003729,-0.000002020,0.000021951,-0.000044691,0.001195,0.000087,-0.000208,0.999999
5.100000,0.165923,0.062007,12.689860,0.010037,-0.004235,-0.003380,-0.000002041,0.000021769,-0.000044190,0.001243,0.000066,-0.000226,0.999999
5.110000,0.145303,0.062475,12.658106,0.009482,-0.005425,-0.003099,-0.000001912,0.000022039,-0.000044327,0.001291,0.000042,-0.000244,0.999999
5.120000,0.140397,0.052617,12.679353,0.010756,-0.006175,-0.003587,-0.000001887,0.000022129,-0.000044467,0.001341,0.000015,-0.000262,0.999999
5.130000,0.117878,0.070678,12.681279,0.010336,-0.005119,-0.002468,-0.000001775,0.000022001,-0.000044725,0.001392,-0.000015,-0.000280,0.999999
5.140000,0.145523,0.065938,12.668773,0.010301,-0.005545,-0.002975,-0.000002109,0.000021808,-0.000044361,0.001445,-0.000047,-0.000299,0.999999
5.150000,0.147277,0.076110,12.679351,0.011334,-0.006972,-0.002413,-0.000002109,0.000021923,-0.000044398,0.001499,-0.000082,-0.000317,0.999999
5.160000,0.142174,0.082108,12.675368,0.012053,-0.007234,-0.004005,-0.000001977,0.000022060,-0.000044503,0.001554,-0.000121,-0.000334,0.999999
5.170000,0.128891,0.049170,12.657641,0.010740,-0.008412,-0.004144,-0.000002042,0.000021679,-0.000044329,0.001609,-0.000162,-0.000352,0.999999
5.180000,0.129153,0.056266,12.670072,0.011369,-0.008577,-0.002731,-0.000001816,0.000021835,-0.000044464,0.001666,-0.000205,-0.000369,0.999999
5.190000,0.130309,0.047213,12.677453,0.011114,-0.009149,-0.003287,-0.000002172,0.000021877,-0.000044302,0.001723,-0.000250,-0.000386,0.999998
5.200000,0.120398,0.053696,12.670452,0.012278,-0.009636,-0.003835,-0.000001876,0.000021785,-0.000044558,0.001781,-0.000299,-0.000402,0.999998
5.210000,0.159053,0.076383,12.664422,0.011708,-0.009389,-0.003125,-0.000001900,0.000021734,-0.000044411,0.001839,-0.000352,-0.000418,0.999998
5.220000,0.154953,0.076267,12.675055,0.011699,-0.011537,-0.003285,-0.000001912,0.000021781,-0.000044361,0.001900,-0.000408,-0.000434,0.999998
5.230000,0.185956,0.067377,12.645828,0.012572,-0.011947,-0.002092,-0.000001989,0.000021668,-0.000044526,0.001962,-0.000469,-0.000450,0.999998
5.240000,0.195523,0.097877,12.653588,0.011853,-0.012527,-0.002635,-0.000002274,0.000021973,-0.000044468,0.002026,-0.000535,-0.000465,0.999998
5.250000,0.209578,0.098761,12.393855,0.012632,-0.014818,-0.002203,-0.000002399,0.000021881,-0.000044408,0.002092,-0.000607,-0.000480,0.999998
5.260000,0.226422,0.070309,12.377752,0.013991,-0.014739,-0.002175,-0.000001844,0.000021575,-0.000044229,0.002160,-0.000684,-0.000494,0.999997
5.270000,0.199704,0.062005,12.459242,0.013234,-0.016640,-0.001977,-0.000002067,0.000022051,-0.000044301,0.002229,-0.000767,-0.000508,0.999997
5.280000,0.177487,0.065180,12.439038,0.014436,-0.017578,-0.003250,-0.000002017,0.000021784,-0.000044139,0.002300,-0.000855,-0.000521,0.999997
5.290000,0.148630,0.098536,12.666795,0.014917,-0.017150,-0.003150,-0.000002291,0.000021585,-0.000044429,0.002374,-0.000947,-0.000535,0.999997
5.300000,0.154635,0.122563,12.660755,0.015344,-0.020052,-0.003780,-0.000002003,0.000021805,-0.000044195,0.002450,-0.001043,-0.000549,0.999996
5.310000,0.123564,0.046393,12.660747,0.015337,-0.019807,-0.002800,-0.000002048,0.000021754,-0.000044459,0.002528,-0.001142,-0.000563,0.999996
5.320000,0.148646,0.054471,12.695682,0.016725,-0.020518,-0.002774,-0.000002060,0.000021827,-0.000044425,0.002607,-0.001244,-0.000577,0.999996
5.330000,0.144380,0.061434,12.666224,0.015054,-0.020780,-0.003113,-0.000002198,0.000021527,-0.000044376,0.002688,-0.001349,-0.000590,0.999995
5.340000,0.148676,0.076343,12.672821,0.016683,-0.021578,-0.002471,-0.000001984,0.000021873,-0.000044428,0.002769,-0.001458,-0.000604,0.999995
5.350000,0.145013,0.061971,12.665034,0.017581,-0.022446,-0.001368,-0.000002373,0.000021865,-0.000044498,0.002851,-0.001570,-0.000617,0.999995
5.360000,0.161019,0.069340,12.671903,0.016971,-0.023195,-0.001810,-0.000002092,0.000021442,-0.000044344,0.002934,-0.001685,-0.000629,0.999994
5.370000,0.107781,0.024037,12.675450,0.016186,-0.024626,-0.004007,-0.000002060,0.000021789,-0.000044255,0.003016,-0.001802,-0.000640,0.999994
5.380000,0.101804,0.031684,12.649759,0.016109,-0.023769,-0.002153,-0.000002176,0.000021872,-0.000044392,0.003098,-0.001921,-0.000651,0.999993
5.390000,0.122715,0.124377,12.669108,0.016878,-0.024365,-0.002261,-0.000002491,0.000021697,-0.000044288,0.003182,-0.002043,-0.000663,0.999993
5.400000,0.125443,0.082587,12.659994,0.016647,-0.024501,-0.001480,-0.000002012,0.000021379,-0.000044600,0.003268,-0.002167,-0.000674,0.999992
5.410000,0.147877,0.107640,12.653948,0.017111,-0.024758,-0.003506,-0.000002101,0.000021765,-0.000044112,0.003356,-0.002295,-0.000686,0.999991
5.420000,0.156575,0.076814,12.652454,0.018120,-0.026261,-0.002134,-0.000002195,0.000021481,-0.000044525,0.003446,-0.002426,-0.000698,0.999991
5.430000,0.186297,0.106046,12.680664,0.018855,-0.026231,-0.002063,-0.000002024,0.000021672,-0.000044722,0.003540,-0.002561,-0.000711,0.999990
5.440000,0.214582,0.120351,12.671315,0.018918,-0.027064,-0.003219,-0.000002049,0.000021824,-0.000044213,0.003636,-0.002701,-0.000724,0.999989
5.450000,0.189266,0.089724,12.684742,0.019411,-0.029099,-0.002289,-0.000002106,0.000021578,-0.000044370,0.003735,-0.002846,-0.000738,0.999989
5.460000,0.212014,0.126944,12.669539,0.020132,-0.030853,-0.000824,-0.000002168,0.000021674,-0.000044164,0.003837,-0.002998,-0.000751,0.999988
5.470000,0.196949,0.090730,12.689456,0.020450,-0.030169,-0.002856,-0.000002438,0.000021648,-0.000044536,0.003941,-0.003154,-0.000764,0.999987
5.480000,0.175549,0.072861,12.672475,0.020335,-0.032369,-0.002135,-0.000002287,0.000021660,-0.000044681,0.004047,-0.003316,-0.000776,0.999986
5.490000,0.141353,0.052346,12.634363,0.020823,-0.033316,-0.002295,-0.000002213,0.000021593,-0.000044609,0.004153,-0.003481,-0.000787,0.999985
5.500000,0.154484,0.042093,12.656833,0.021101,-0.032829,-0.002834,-0.000002519,0.000021687,-0.000044392,0.004259,-0.003649,-0.000798,0.999984
5.510000,0.127727,0.050385,12.687985,0.020864,-0.033247,-0.001586,-0.000002456,0.000021491,-0.000044668,0.004365,-0.003820,-0.000808,0.999983
5.520000,0.165830,0.044790,12.651690,0.022549,-0.035265,-0.002180,-0.000002097,0.000021508,-0.000044483,0.004471,-0.003995,-0.000818,0.999982
5.530000,0.166828,0.046507,12.631199,0.021867,-0.033917,-0.002264,-0.000002263,0.000021703,-0.000044386,0.004578,-0.004172,-0.000826,0.999980
5.540000,0.136214,0.063133,12.669709,0.021976,-0.035268,-0.002111,-0.000002411,0.000021510,-0.000044570,0.004685,-0.004352,-0.000834,0.999979
5.550000,0.101938,0.055244,12.663646,0.022281,-0.036731,-0.001774,-0.000002318,0.000021606,-0.000044432,0.004792,-0.004535,-0.000842,0.999978
5.560000,0.134796,0.082298,12.662917,0.021389,-0.036591,-0.000690,-0.000002410,0.000021632,-0.000044411,0.004899,-0.004719,-0.000849,0.999977
5.570000,0.147319,0.092377,12.651674,0.022666,-0.038001,-0.001569,-0.000002614,0.000021642,-0.000044504,0.005008,-0.004906,-0.000857,0.999975
5.580000,0.130521,0.085846,12.682786,0.022250,-0.037488,-0.001989,-0.000002378,0.000021429,-0.000044704,0.005118,-0.005096,-0.000864,0.999974
5.590000,0.126671,0.048917,12.664610,0.022341,-0.037897,-0.001824,-0.000002567,0.000021850,-0.000044583,0.005229,-0.005287,-0.000871,0.999972
5.600000,0.115126,0.050952,12.663033,0.021530,-0.038759,-0.000210,-0.000002236,0.000021301,-0.000044475,0.005340,-0.005481,-0.000878,0.999970
5.610000,0.129639,0.087005,12.652725,0.022360,-0.039532,-0.001444,-0.000002600,0.000021480,-0.000044659,0.005453,-0.005677,-0.000885,0.999969
5.620000,0.126694,0.082118,12.657595,0.023626,-0.040792,-0.001309,-0.000002652,0.000021671,-0.000044522,0.005568,-0.005875,-0.000893,0.999967
5.630000,0.137114,0.075207,12.667393,0.023239,-0.040242,-0.001628,-0.000002771,0.000021481,-0.000044394,0.005684,-0.006074,-0.000901,0.999965
5.640000,0.113331,0.083246,12.633440,0.022709,-0.040689,-0.001854,-0.000002546,0.000021269,-0.000044454,0.005801,-0.006276,-0.000909,0.999963
5.650000,0.090706,0.073721,12.651667,0.022465,-0.040016,-0.000358,-0.000002701,0.000021034,-0.000044442,0.005919,-0.006479,-0.000917,0.999961
5.660000,0.099564,0.056456,12.660183,0.022720,-0.041028,-0.001202,-0.000002412,0.000021448,-0.000044620,0.006037,-0.006683,-0.000925,0.999959
5.670000,0.105190,0.023407,12.671511,0.023385,-0.041252,-0.001502,-0.000002760,0.000021550,-0.000044532,0.006154,-0.006887,-0.000932,0.999957
5.680000,0.095719,0.023953,12.639691,0.024016,-0.041080,-0.001650,-0.000002577,0.000021478,-0.000044689,0.006270,-0.007092,-0.000939,0.999955
5.690000,0.090550,0.036149,12.644488,0.022537,-0.040294,-0.001023,-0.000002484,0.000021319,-0.000044832,0.006386,-0.007296,-0.000945,0.999953
5.700000,0.065639,0.031968,12.655600,0.022926,-0.040427,-0.000620,-0.000002558,0.000021228,-0.000044622,0.006501,-0.007501,-0.000951,0.999950
5.710000,0.099116,0.041508,12.664680,0.022846,-0.040048,-0.001043,-0.000002741,0.000021500,-0.000044620,0.006615,-0.007706,-0.000956,0.999948
5.720000,0.090516,0.053849,12.646205,0.022429,-0.041198,0.000605,-0.000002741,0.000021329,-0.000044358,0.006728,-0.007911,-0.000961,0.999946
5.730000,0.108822,0.061991,12.642418,0.021608,-0.041195,-0.000351,-0.000002857,0.000021492,-0.000044746,0.006841,-0.008117,-0.000965,0.999943
5.740000,0.108609,0.038216,12.641665,0.022313,-0.042157,-0.001515,-0.000002660,0.000021276,-0.000044647,0.006953,-0.008324,-0.000970,0.999941
5.750000,0.081906,0.063459,12.650923,0.022644,-0.040495,-0.000017,-0.000003011,0.000021589,-0.000044571,0.007065,-0.008531,-0.000974,0.999938
5.760000,0.114715,0.065962,12.646624,0.023258,-0.041642,-0.001023,-0.000002726,0.000021421,-0.000044528,0.007177,-0.008738,-0.000977,0.999936
5.770000,0.088336,0.060044,12.679553,0.022577,-0.041983,-0.000059,-0.000003209,0.000021169,-0.000044416,0.007289,-0.008945,-0.000981,0.999933
5.780000,0.073159,0.072080,12.667287,0.022166,-0.041142,-0.000234,-0.000002981,0.000021112,-0.000044421,0.007401,-0.009151,-0.000985,0.999930
5.790000,0.057888,0.011546,12.656777,0.022289,-0.041213,-0.000409,-0.000003078,0.000021415,-0.000044398,0.007512,-0.009355,-0.000989,0.999928
5.800000,0.078225,0.028738,12.655634,0.023743,-0.040884,-0.000617,-0.000002961,0.000021651,-0.000044544,0.007622,-0.009559,-0.000993,0.999925
5.810000,0.062005,0.057589,12.620611,0.022525,-0.040330,-0.000676,-0.000003048,0.000021420,-0.000044408,0.007733,-0.009761,-0.000997,0.999922
5.820000,0.050779,0.075211,12.639556,0.022107,-0.040872,-0.000011,-0.000003043,0.000021429,-0.000044586,0.007843,-0.009963,-0.001001,0.999919
5.830000,0.064629,0.050740,12.639965,0.021622,-0.040803,0.000199,-0.000003158,0.000021062,-0.000044770,0.007952,-0.010163,-0.001006,0.999916
5.840000,0.066171,0.053982,12.640832,0.021364,-0.039767,0.000322,-0.000002912,0.000021230,-0.000044898,0.008061,-0.010361,-0.001010,0.999913
5.850000,0.072948,0.021898,12.644628,0.023069,-0.039194,0.000138,-0.000002830,0.000021144,-0.000044705,0.008169,-0.010558,-0.001014,0.999910
5.860000,0.088356,0.032818,12.628102,0.021738,-0.039111,-0.000176,-0.000002833,0.000021029,-0.000044593,0.008275,-0.010754,-0.001018,0.999907
5.870000,0.078502,-0.001320,12.134678,0.021301,-0.039479,-0.000455,-0.000002995,0.000021227,-0.000044562,0.008379,-0.010948,-0.001021,0.999904
5.880000,0.084679,-0.001788,12.136761,0.020448,-0.038172,-0.000489,-0.000003194,0.000021268,-0.000044589,0.008481,-0.011141,-0.001023,0.999901
5.890000,0.068913,0.019587,11.616428,0.018999,-0.038707,-0.000780,-0.000003200,0.000021134,-0.000044648,0.008582,-0.011334,-0.001025,0.999898
5.900000,0.075568,0.033128,11.612821,0.019158,-0.037765,-0.001163,-0.000002923,0.000021296,-0.000045021,0.008681,-0.011525,-0.001026,0.999895
5.910000,0.064423,0.015766,11.420764,0.019247,-0.037718,0.000376,-0.000003007,0.000021171,-0.000044799,0.008779,-0.011716,-0.001026,0.999892
5.920000,0.077492,0.008443,11.428380,0.019174,-0.037191,-0.000690,-0.000002831,0.000021180,-0.000044388,0.008875,-0.011906,-0.001026,0.999889
5.930000,0.081100,0.021350,11.685211,0.020426,-0.037555,0.000268,-0.000003406,0.000021490,-0.000044535,0.008971,-0.012096,-0.001026,0.999886
5.940000,0.085438,0.015292,11.682744,0.020032,-0.037558,0.000696,-0.000003195,0.000021202,-0.000044654,0.009065,-0.012285,-0.001025,0.999883
5.950000,0.061125,0.017598,12.181892,0.018729,-0.038316,0.000827,-0.000003279,0.000021212,-0.000044441,0.009157,-0.012472,-0.001023,0.999880
5.960000,0.061629,0.041775,12.175080,0.018857,-0.037859,-0.000118,-0.000002979,0.000021425,-0.000044567,0.009249,-0.012658,-0.001022,0.999877
5.970000,0.051137,0.024870,12.646501,0.017678,-0.036282,-0.000310,-0.000003024,0.000021094,-0.000044770,0.009339,-0.012842,-0.001020,0.999873
5.980000,0.069397,0.027283,12.660700,0.018650,-0.036165,0.000847,-0.000003061,0.000021190,-0.000044609,0.009429,-0.013024,-0.001019,0.999870
5.990000,0.019805,0.013662,12.614719,0.017856,-0.034841,0.000824,-0.000003108,0.000021320,-0.000044756,0.009517,-0.013204,-0.001018,0.999867
6.000000,0.059888,0.028127,12.643526,0.017581,-0.035297,0.000685,-0.000003090,0.000021210,-0.000044581,0.009604,-0.013381,-0.001016,0.999864
6.010000,0.088311,0.047858,12.638922,0.017650,-0.034743,0.000908,-0.000003174,0.000021204,-0.000044995,0.009690,-0.013558,-0.001014,0.999861
6.020000,0.081721,0.049651,12.668367,0.018501,-0.035540,0.001283,-0.000003244,0.000021205,-0.000044451,0.009775,-0.013734,-0.001011,0.999857
6.030000,0.110031,0.052469,12.107033,0.016247,-0.033854,0.001045,-0.000003431,0.000021231,-0.000044523,0.009858,-0.013910,-0.001008,0.999854
6.040000,0.113787,0.045447,12.094051,0.016321,-0.034940,0.001069,-0.000003295,0.000020966,-0.000044583,0.009941,-0.014086,-0.001005,0.999851
6.050000,0.107508,0.031139,11.607836,0.017169,-0.036131,0.002042,-0.000003349,0.000021158,-0.000044577,0.010023,-0.014262,-0.001001,0.999848
6.060000,0.114877,0.005135,11.613988,0.016514,-0.034921,0.000893,-0.000003356,0.000020957,-0.000044483,0.010104,-0.014438,-0.000996,0.999844
6.070000,0.092000,0.074453,11.099738,0.016297,-0.034888,0.000918,-0.000003326,0.000021089,-0.000044823,0.010184,-0.014616,-0.000991,0.999841
6.080000,0.112097,0.076821,11.087879,0.016604,-0.036817,0.001781,-0.000003490,0.000021024,-0.000044591,0.010265,-0.014795,-0.000985,0.999837
6.090000,0.154778,0.061679,10.562311,0.016082,-0.036669,0.001389,-0.000003211,0.000021204,-0.000044734,0.010346,-0.014976,-0.000979,0.999834
6.100000,0.164004,0.060350,10.519729,0.016094,-0.037617,0.001226,-0.000003398,0.000021119,-0.000044939,0.010427,-0.015160,-0.000973,0.999830
6.110000,0.170789,0.079798,10.040311,0.015500,-0.036732,0.001704,-0.000003384,0.000021069,-0.000044637,0.010508,-0.015347,-0.000966,0.999827
6.120000,0.162248,0.067345,10.040822,0.016781,-0.037006,0.003814,-0.000003469,0.000021276,-0.000044531,0.010591,-0.015537,-0.000958,0.999823
6.130000,0.118318,0.031589,9.506351,0.017039,-0.039482,0.001721,-0.000003077,0.000021251,-0.000044844,0.010674,-0.015730,-0.000950,0.999819
6.140000,0.127211,0.032782,9.505968,0.017398,-0.039366,0.002921,-0.000003336,0.000021292,-0.000044790,0.010757,-0.015926,-0.000942,0.999815
6.150000,0.118048,0.041789,9.001528,0.016693,-0.040041,0.001978,-0.000003482,0.000020842,-0.000044458,0.010840,-0.016125,-0.000933,0.999811
6.160000,0.121296,0.041326,9.014891,0.016101,-0.040426,0.002925,-0.000003590,0.000021205,-0.000044754,0.010924,-0.016326,-0.000923,0.999807
6.170000,0.086762,0.046155,8.482662,0.016779,-0.040713,0.003433,-0.000003556,0.000020873,-0.000044869,0.011007,-0.016529,-0.000913,0.999802
6.180000,0.105858,0.026189,8.488109,0.017269,-0.040412,0.001553,-0.000003643,0.000021165,-0.000044635,0.011090,-0.016734,-0.000901,0.999798
6.190000,0.048855,0.001747,7.986199,0.017020,-0.040662,0.002900,-0.000003572,0.000021010,-0.000044770,0.011171,-0.016939,-0.000889,0.999794
6.200000,0.064011,0.003300,7.967136,0.014946,-0.041233,0.003406,-0.000003313,0.000020982,-0.000044903,0.011251,-0.017144,-0.000876,0.999789
6.210000,0.036331,-0.015226,8.504031,0.015947,-0.042195,0.001950,-0.000003381,0.000021057,-0.000044750,0.011329,-0.017350,-0.000863,0.999785
6.220000,0.050601,0.003525,8.476530,0.015557,-0.040556,0.003305,-0.000003536,0.000021044,-0.000044759,0.011405,-0.017555,-0.000848,0.999780
6.230000,0.049041,0.010904,8.485762,0.015153,-0.040906,0.003512,-0.000003558,0.000020959,-0.000044629,0.011480,-0.017759,-0.000833,0.999776
6.240000,0.025128,-0.021879,8.449089,0.015344,-0.040890,0.004714,-0.000003555,0.000021037,-0.000044750,0.011554,-0.017962,-0.000818,0.999772
6.250000,0.035848,0.026546,7.921012,0.015022,-0.040657,0.002888,-0.000003696,0.000021005,-0.000044795,0.011628,-0.018166,-0.000802,0.999767
6.260000,0.040415,0.007848,7.934821,0.014708,-0.040540,0.004669,-0.000003924,0.000020865,-0.000044758,0.011701,-0.018369,-0.000786,0.999762
6.270000,0.074795,-0.005751,7.417008,0.014493,-0.039720,0.002888,-0.000003805,0.000020786,-0.000044493,0.011773,-0.018574,-0.000769,0.999758
6.280000,0.087003,-0.018961,7.459155,0.014327,-0.041210,0.003550,-0.000003747,0.000020793,-0.000044953,0.011845,-0.018779,-0.000752,0.999753
6.290000,0.073222,0.018539,6.918594,0.014406,-0.040466,0.004111,-0.000003788,0.000021024,-0.000044636,0.011916,-0.018986,-0.000735,0.999748
6.300000,0.083788,-0.001054,6.899797,0.014311,-0.041520,0.005020,-0.000003663,0.000020853,-0.000044853,0.011988,-0.019194,-0.000716,0.999744
6.310000,0.063471,0.042985,6.394942,0.013992,-0.042028,0.004635,-0.000003598,0.000020798,-0.000044570,0.012060,-0.019405,-0.000698,0.999739
6.320000,0.041360,0.031270,6.395281,0.015398,-0.042476,0.004337,-0.000003864,0.000020911,-0.000044676,0.012132,-0.019617,-0.000680,0.999734
6.330000,0.084732,0.020939,5.864024,0.015145,-0.042478,0.004785,-0.000003659,0.000020791,-0.000044484,0.012205,-0.019831,-0.000661,0.999729
6.340000,0.097098,0.054759,5.900103,0.015458,-0.043144,0.002618,-0.000004014,0.000020674,-0.000044640,0.012280,-0.020048,-0.000642,0.999723
6.350000,0.073772,0.007437,5.357060,0.014185,-0.044077,0.004409,-0.000003859,0.000020789,-0.000044767,0.012355,-0.020267,-0.000623,0.999718
6.360000,0.085199,0.013992,5.378437,0.014708,-0.043254,0.005130,-0.000003767,0.000020744,-0.000044763,0.012430,-0.020488,-0.000603,0.999713
6.370000,0.025664,0.009337,4.855160,0.014750,-0.043217,0.005074,-0.000003769,0.000020548,-0.000045077,0.012505,-0.020710,-0.000584,0.999707
6.380000,0.031863,-0.000579,4.861870,0.014383,-0.044936,0.004464,-0.000003983,0.000021068,-0.000044914,0.012580,-0.020934,-0.000564,0.999702
6.390000,0.018183,-0.038334,4.647477,0.015688,-0.044638,0.004678,-0.000003756,0.000020785,-0.000044661,0.012655,-0.021158,-0.000543,0.999696
6.400000,0.037241,-0.003261,4.624786,0.015503,-0.044757,0.004212,-0.000004096,0.000020836,-0.000044855,0.012728,-0.021384,-0.000521,0.999690
6.410000,0.015415,-0.010566,5.133471,0.014601,-0.044589,0.006247,-0.000004171,0.000020802,-0.000044475,0.012801,-0.021610,-0.000499,0.999684
6.420000,0.021601,-0.022500,5.124439,0.014698,-0.046212,0.005093,-0.000003798,0.000021090,-0.000044726,0.012872,-0.021836,-0.000476,0.999679
6.430000,-0.026429,-0.040129,5.636208,0.015295,-0.045011,0.006251,-0.000004038,0.000020898,-0.000044821,0.012943,-0.022062,-0.000452,0.999673
6.440000,-0.012504,-0.017659,5.651167,0.014071,-0.044592,0.006233,-0.000003755,0.000020803,-0.000044462,0.013012,-0.022287,-0.000429,0.999667
6.450000,-0.044171,-0.005582,5.129062,0.014226,-0.044305,0.005297,-0.000004018,0.000020541,-0.000044774,0.013080,-0.022510,-0.000405,0.999661
6.460000,-0.015211,0.006034,5.139070,0.014479,-0.043426,0.004650,-0.000003959,0.000020735,-0.000044630,0.013148,-0.022731,-0.000381,0.999655
6.470000,0.026632,-0.013739,4.606245,0.014069,-0.044418,0.005431,-0.000004380,0.000020646,-0.000044791,0.013214,-0.022953,-0.000357,0.999649
6.480000,0.034315,-0.023938,4.644173,0.013930,-0.044450,0.006426,-0.000003949,0.000021013,-0.000044776,0.013279,-0.023175,-0.000332,0.999643
6.490000,0.042510,0.011339,4.090172,0.013696,-0.044307,0.006576,-0.000004189,0.000020778,-0.000044491,0.013345,-0.023399,-0.000306,0.999637
6.500000,0.042149,0.011816,4.092130,0.011796,-0.045075,0.005308,-0.000004040,0.000020879,-0.000044755,0.013411,-0.023625,-0.000280,0.999631
6.510000,0.106918,0.045282,3.617372,0.013560,-0.045743,0.006031,-0.000004120,0.000020850,-0.000044763,0.013478,-0.023855,-0.000254,0.999625
6.520000,0.072082,0.024347,3.670131,0.014133,-0.046443,0.007075,-0.000004047,0.000020818,-0.000044525,0.013546,-0.024089,-0.000227,0.999618
6.530000,0.118475,0.031647,3.648060,0.014691,-0.047040,0.005906,-0.000004279,0.000020854,-0.000044772,0.013617,-0.024329,-0.000201,0.999611
6.540000,0.117767,0.057925,3.665606,0.015279,-0.048473,0.006301,-0.000004175,0.000020688,-0.000044901,0.013690,-0.024574,-0.000173,0.999604
6.550000,0.144029,0.052863,3.654747,0.015747,-0.050762,0.006843,-0.000004369,0.000020871,-0.000044555,0.013766,-0.024826,-0.000146,0.999597
6.560000,0.144915,0.069204,3.656312,0.016464,-0.051012,0.007460,-0.000004484,0.000020656,-0.000044886,0.013844,-0.025084,-0.000118,0.999589
6.570000,0.096170,0.033140,3.672971,0.015893,-0.052023,0.005647,-0.000004299,0.000020523,-0.000044684,0.013925,-0.025348,-0.000090,0.999582
6.580000,0.076374,0.021470,3.669691,0.017347,-0.052488,0.007042,-0.000004082,0.000020432,-0.000044592,0.014008,-0.025616,-0.000062,0.999574
6.590000,-0.055934,-0.004151,3.663555,0.018225,-0.052952,0.006048,-0.000004406,0.000020685,-0.000044738,0.014092,-0.025885,-0.000035,0.999566
6.600000,-0.033481,-0.031146,3.665660,0.018170,-0.053698,0.006633,-0.000004397,0.000020816,-0.000044936,0.014176,-0.026153,-0.000007,0.999557
6.610000,-0.120810,-0.070837,3.979853,0.016131,-0.053331,0.005963,-0.000004326,0.000020544,-0.000044954,0.014258,-0.026418,0.000020,0.999549
6.620000,-0.138064,-0.067609,3.963306,0.016336,-0.051721,0.007448,-0.000004267,0.000020576,-0.000044763,0.014338,-0.026678,0.000048,0.999541
6.630000,-0.089661,-0.058879,4.441398,0.016487,-0.050427,0.006773,-0.000004621,0.000020696,-0.000044866,0.014416,-0.026937,0.000075,0.999533
6.640000,-0.064304,-0.053492,4.471559,0.016575,-0.051306,0.006286,-0.000004371,0.000020650,-0.000044797,0.014493,-0.027193,0.000104,0.999525
6.650000,-0.048060,-0.033530,4.769418,0.015646,-0.049868,0.006136,-0.000004697,0.000020543,-0.000044575,0.014569,-0.027447,0.000132,0.999517
6.660000,-0.062145,-0.029283,4.764347,0.015173,-0.051229,0.006583,-0.000004564,0.000020914,-0.000044881,0.014643,-0.027700,0.000160,0.999509
6.670000,-0.024162,-0.009016,4.248088,0.016210,-0.049440,0.006087,-0.000004360,0.000020569,-0.000044916,0.014717,-0.027951,0.000189,0.999501
6.680000,-0.031646,-0.004732,4.260157,0.016054,-0.049277,0.006330,-0.000004516,0.000020649,-0.000044733,0.014790,-0.028200,0.000217,0.999493
6.690000,-0.013170,0.000996,3.735006,0.015714,-0.049312,0.007745,-0.000004554,0.000020835,-0.000044811,0.014862,-0.028450,0.000246,0.999485
6.700000,0.002621,0.002652,3.716955,0.014834,-0.049880,0.008003,-0.000004432,0.000020613,-0.000044833,0.014934,-0.028700,0.000275,0.999476
6.710000,0.034467,0.030135,3.700729,0.015371,-0.049681,0.006969,-0.000004587,0.000020813,-0.000044991,0.015007,-0.028953,0.000305,0.999468
6.720000,0.053210,0.030152,3.709706,0.014591,-0.050401,0.006411,-0.000004542,0.000020831,-0.000044920,0.015082,-0.029208,0.000334,0.999460
6.730000,0.152267,0.072907,3.714015,0.016898,-0.052265,0.006121,-0.000004718,0.000020633,-0.000044794,0.015158,-0.029470,0.000364,0.999451
6.740000,0.113456,0.052017,3.697903,0.016547,-0.053023,0.006556,-0.000004638,0.000020394,-0.000044573,0.015238,-0.029737,0.000393,0.999442
6.750000,0.174190,0.067706,3.704116,0.017456,-0.055404,0.006583,-0.000004734,0.000020534,-0.000044995,0.015320,-0.030012,0.000424,0.999432
6.760000,0.193065,0.052776,3.711903,0.017582,-0.056699,0.007377,-0.000004768,0.000020787,-0.000044715,0.015406,-0.030296,0.000454,0.999422
6.770000,0.174729,0.073905,3.695277,0.017908,-0.058471,0.007159,-0.000004781,0.000020608,-0.000044717,0.015496,-0.030589,0.000485,0.999412
6.780000,0.147085,0.065548,3.705882,0.020069,-0.060094,0.007565,-0.000004754,0.000020649,-0.000044480,0.015589,-0.030890,0.000517,0.999401
6.790000,-0.004698,-0.017431,3.713509,0.019192,-0.059225,0.008935,-0.000004697,0.000020413,-0.000044818,0.015683,-0.031195,0.000549,0.999390
6.800000,0.042880,0.000915,3.717492,0.019285,-0.062365,0.007690,-0.000004725,0.000020737,-0.000044790,0.015777,-0.031502,0.000581,0.999379
6.810000,-0.107373,-0.089565,3.722128,0.018852,-0.061515,0.008328,-0.000004842,0.000020494,-0.000044666,0.015867,-0.031808,0.000615,0.999368
6.820000,-0.112391,-0.110069,3.709039,0.017714,-0.059730,0.007607,-0.000004973,0.000020643,-0.000044918,0.015954,-0.032112,0.000650,0.999357
6.830000,-0.140090,-0.085616,3.723008,0.017168,-0.060017,0.008538,-0.000004889,0.000020656,-0.000045054,0.016039,-0.032411,0.000685,0.999346
6.840000,-0.143079,-0.065120,3.726100,0.017673,-0.058544,0.008857,-0.000004979,0.000020580,-0.000044723,0.016121,-0.032705,0.000720,0.999335
6.850000,-0.013003,-0.014038,4.232375,0.016846,-0.058952,0.009046,-0.000004793,0.000020379,-0.000044804,0.016202,-0.032999,0.000756,0.999324
6.860000,-0.031675,-0.019341,4.246122,0.016693,-0.058984,0.008234,-0.000004861,0.000020504,-0.000044888,0.016283,-0.033294,0.000792,0.999313
6.870000,-0.081110,-0.037702,3.729744,0.017262,-0.058461,0.007968,-0.000004836,0.000020624,-0.000044800,0.016362,-0.033586,0.000828,0.999302
6.880000,-0.083777,-0.048667,3.751451,0.016806,-0.057787,0.008780,-0.000005137,0.000020574,-0.000044848,0.016440,-0.033875,0.000864,0.999290
6.890000,-0.094545,-0.057463,3.702718,0.016807,-0.057886,0.008348,-0.000005108,0.000020599,-0.000044944,0.016517,-0.034162,0.000900,0.999279
6.900000,-0.072963,-0.051272,3.730484,0.016659,-0.055780,0.009174,-0.000005330,0.000020851,-0.000044966,0.016593,-0.034445,0.000935,0.999268
6.910000,-0.041559,-0.036273,3.743683,0.015582,-0.055624,0.007693,-0.000004861,0.000020326,-0.000044721,0.016667,-0.034727,0.000971,0.999257
6.920000,-0.059873,-0.043003,3.769320,0.016262,-0.054987,0.008087,-0.000005154,0.000020613,-0.000044647,0.016741,-0.035008,0.001007,0.999246
6.930000,0.027711,0.026494,3.752884,0.016185,-0.056863,0.008208,-0.000004912,0.000020527,-0.000044626,0.016815,-0.035291,0.001043,0.999235
6.940000,0.071019,0.027367,3.748438,0.014267,-0.055924,0.009125,-0.000005326,0.000020591,-0.000044627,0.016891,-0.035578,0.001080,0.999224
6.950000,0.162589,0.052361,3.748119,0.017140,-0.058674,0.007958,-0.000005128,0.000020585,-0.000044884,0.016969,-0.035873,0.001117,0.999212
6.960000,0.153813,0.060594,3.752206,0.018035,-0.060198,0.009272,-0.000005339,0.000020386,-0.000044663,0.017050,-0.036176,0.001155,0.999199
6.970000,0.066819,-0.000667,3.744858,0.017107,-0.060435,0.010776,-0.000005182,0.000020756,-0.000044806,0.017132,-0.036483,0.001194,0.999187
6.980000,0.057437,0.021407,3.755201,0.016936,-0.061167,0.009897,-0.000005198,0.000020546,-0.000044623,0.017215,-0.036794,0.001232,0.999174
6.990000,-0.063487,-0.072254,3.757450,0.015730,-0.061371,0.009302,-0.000005184,0.000020580,-0.000044723,0.017296,-0.037106,0.001272,0.999161
7.000000,-0.072233,-0.068840,3.756869,0.017488,-0.061995,0.009900,-0.000005397,0.000020395,-0.000044711,0.017374,-0.037416,0.001314,0.999148
7.010000,-0.213072,-0.125175,3.769362,0.015504,-0.060137,0.010106,-0.000005361,0.000020299,-0.000045076,0.017449,-0.037720,0.001355,0.999135
7.020000,-0.227159,-0.121035,3.747709,0.014452,-0.058183,0.009993,-0.000005345,0.000020625,-0.000044889,0.017518,-0.038018,0.001397,0.999123
7.030000,-0.110492,-0.058027,3.755147,0.014147,-0.058445,0.009582,-0.000005297,0.000020645,-0.000045021,0.017587,-0.038313,0.001440,0.999110
7.040000,-0.099284,-0.044487,3.763220,0.014587,-0.058086,0.010552,-0.000005109,0.000020278,-0.000044643,0.017653,-0.038605,0.001482,0.999097
7.050000,-0.036643,0.000071,3.782997,0.014858,-0.058367,0.010591,-0.000005437,0.000020457,-0.000044559,0.017720,-0.038896,0.001524,0.999085
7.060000,-0.051002,0.011409,3.813963,0.014501,-0.056551,0.009799,-0.000005546,0.000020644,-0.000044535,0.017787,-0.039187,0.001565,0.999072
7.070000,-0.152706,-0.062225,3.760022,0.013924,-0.057383,0.009983,-0.000005488,0.000020406,-0.000044485,0.017852,-0.039472,0.001606,0.999060
7.080000,-0.120095,-0.049407,3.780546,0.013352,-0.056035,0.010064,-0.000005429,0.000020525,-0.000044680,0.017915,-0.039754,0.001648,0.999048
7.090000,-0.208208,-0.091027,3.752838,0.013339,-0.055320,0.009528,-0.000005354,0.000020448,-0.000044849,0.017975,-0.040028,0.001688,0.999035
7.100000,-0.220934,-0.052765,3.781523,0.012396,-0.052912,0.008136,-0.000005418,0.000020444,-0.000044752,0.018033,-0.040295,0.001729,0.999024
7.110000,-0.133014,-0.087627,3.771739,0.010984,-0.052587,0.009881,-0.000005575,0.000020517,-0.000044688,0.018088,-0.040557,0.001769,0.999012
7.120000,-0.135373,-0.054591,3.780380,0.011619,-0.050178,0.008637,-0.000005569,0.000020510,-0.000044861,0.018141,-0.040814,0.001809,0.999000
7.130000,-0.056236,-0.011700,3.815831,0.011312,-0.050521,0.008852,-0.000005793,0.000020385,-0.000044584,0.018194,-0.041070,0.001848,0.998989
7.140000,-0.067934,-0.028339,3.795149,0.010688,-0.049309,0.009412,-0.000005742,0.000020328,-0.000044879,0.018247,-0.041323,0.001888,0.998977
7.150000,-0.060710,-0.026490,3.789693,0.010610,-0.049725,0.008666,-0.000005676,0.000020156,-0.000044588,0.018299,-0.041576,0.001927,0.998966
7.160000,-0.063025,-0.021930,3.798107,0.010940,-0.049315,0.009991,-0.000005781,0.000020631,-0.000044803,0.018351,-0.041826,0.001965,0.998954
7.170000,-0.153267,-0.058045,3.800604,0.010705,-0.050914,0.008017,-0.000005643,0.000020476,-0.000044854,0.018401,-0.042073,0.002004,0.998943
7.180000,-0.143928,-0.036516,3.787109,0.009905,-0.047782,0.009355,-0.000005443,0.000020578,-0.000044779,0.018449,-0.042315,0.002043,0.998932
7.190000,-0.172371,-0.059510,3.795206,0.009614,-0.046584,0.008151,-0.000005920,0.000020151,-0.000044727,0.018495,-0.042551,0.002081,0.998921
7.200000,-0.185352,-0.057073,3.808874,0.009003,-0.045005,0.008307,-0.000005687,0.000020210,-0.000044744,0.018538,-0.042779,0.002118,0.998910
7.210000,-0.202169,-0.082379,3.780820,0.007096,-0.043862,0.009525,-0.000005848,0.000020221,-0.000044777,0.018578,-0.043001,0.002156,0.998900
7.220000,-0.218340,-0.051324,3.788893,0.008238,-0.042053,0.008586,-0.000005829,0.000020345,-0.000044872,0.018615,-0.043216,0.002193,0.998890
7.230000,-0.102474,-0.044768,3.785773,0.008830,-0.042023,0.009710,-0.000005916,0.000020326,-0.000044837,0.018650,-0.043427,0.002230,0.998880
7.240000,-0.091349,-0.023061,3.802273,0.007329,-0.041082,0.009021,-0.000005848,0.000020447,-0.000044584,0.018684,-0.043635,0.002267,0.998870
7.250000,-0.113533,-0.022369,3.803441,0.006316,-0.040719,0.009132,-0.000005623,0.000020337,-0.000044637,0.018717,-0.043840,0.002304,0.998861
7.260000,-0.101556,-0.054708,3.796492,0.007105,-0.039582,0.007938,-0.000005751,0.000020323,-0.000044810,0.018748,-0.044042,0.002341,0.998851
7.270000,-0.150768,-0.066536,3.796628,0.006219,-0.039649,0.008181,-0.000005862,0.000020377,-0.000044947,0.018778,-0.044239,0.002377,0.998842
7.280000,-0.146496,-0.075719,3.799958,0.007229,-0.038319,0.007238,-0.000005977,0.000020657,-0.000044991,0.018805,-0.044430,0.002413,0.998833
7.290000,-0.184478,-0.076259,3.815070,0.005604,-0.035922,0.008340,-0.000005951,0.000020289,-0.000044869,0.018830,-0.044615,0.002448,0.998824
7.300000,-0.158932,-0.073428,3.807382,0.006007,-0.035522,0.008672,-0.000005952,0.000020291,-0.000044679,0.018853,-0.044793,0.002483,0.998815
7.310000,-0.154289,-0.066808,3.794356,0.005627,-0.035242,0.008114,-0.000005808,0.000020446,-0.000044567,0.018874,-0.044967,0.002518,0.998807
7.320000,-0.156684,-0.084863,3.807908,0.004008,-0.034836,0.008360,-0.000005771,0.000020198,-0.000044600,0.018894,-0.045137,0.002552,0.998799
7.330000,-0.124464,-0.055521,3.816650,0.003301,-0.032461,0.008077,-0.000005838,0.000019980,-0.000044943,0.018911,-0.045302,0.002586,0.998791
7.340000,-0.123140,-0.039065,3.779468,0.003837,-0.031995,0.007807,-0.000005896,0.000020448,-0.000044618,0.018927,-0.045463,0.002620,0.998783
7.350000,-0.150204,-0.062510,3.801126,0.004675,-0.031353,0.007632,-0.000005886,0.000020248,-0.000044663,0.018941,-0.045619,0.002653,0.998776
7.360000,-0.147795,-0.061053,3.790059,0.002411,-0.028899,0.007978,-0.000006096,0.000020467,-0.000044894,0.018953,-0.045771,0.002687,0.998769
7.370000,-0.149593,-0.077478,3.816151,0.002714,-0.028986,0.008568,-0.000006142,0.000020577,-0.000044373,0.018962,-0.045917,0.002720,0.998762
7.380000,-0.135010,-0.095791,3.818144,0.001537,-0.027808,0.008024,-0.000005720,0.000020555,-0.000044742,0.018969,-0.046059,0.002754,0.998755
7.390000,-0.156910,-0.046175,3.809829,0.001736,-0.026466,0.007513,-0.000005928,0.000020449,-0.000044404,0.018973,-0.046195,0.002787,0.998748
7.400000,-0.191592,-0.094419,3.836768,0.001927,-0.026300,0.007893,-0.000006063,0.000020339,-0.000044574,0.018975,-0.046324,0.002819,0.998742
7.410000,-0.139916,-0.006202,3.806638,0.001423,-0.025245,0.007323,-0.000006025,0.000020393,-0.000044664,0.018976,-0.046448,0.002851,0.998736
7.420000,-0.117045,-0.035888,3.820380,0.000319,-0.024169,0.007661,-0.000006161,0.000020505,-0.000044829,0.018975,-0.046568,0.002883,0.998731
7.430000,-0.135802,-0.044775,3.808334,0.000688,-0.023025,0.008785,-0.000006102,0.000020215,-0.000044577,0.018973,-0.046684,0.002914,0.998725
7.440000,-0.115649,-0.041848,3.829165,0.000214,-0.022650,0.008126,-0.000005945,0.000020205,-0.000044697,0.018970,-0.046795,0.002944,0.998720
7.450000,-0.150443,-0.025624,3.825294,-0.000118,-0.022461,0.006826,-0.000005852,0.000020366,-0.000044642,0.018966,-0.046902,0.002974,0.998715
7.460000,-0.147680,-0.056516,3.848253,-0.000640,-0.019678,0.007088,-0.000006203,0.000020044,-0.000044657,0.018961,-0.047005,0.003003,0.998710
7.470000,-0.150824,-0.077239,3.837562,-0.000279,-0.019927,0.007024,-0.000005907,0.000020497,-0.000044654,0.018954,-0.047103,0.003032,0.998706
7.480000,-0.153321,-0.019707,3.819180,-0.001972,-0.018339,0.006648,-0.000006085,0.000020443,-0.000044552,0.018945,-0.047196,0.003060,0.998701
7.490000,-0.107237,-0.052850,3.829041,-0.002069,-0.017759,0.007262,-0.000006329,0.000020592,-0.000044738,0.018936,-0.047285,0.003088,0.998697
7.500000,-0.125671,-0.042957,3.856262,-0.001715,-0.015823,0.006686,-0.000005727,0.000020438,-0.000044385,0.018925,-0.047371,0.003116,0.998693
7.510000,-0.137378,-0.046283,3.814718,-0.001690,-0.015913,0.007334,-0.000006072,0.000020500,-0.000044809,0.018913,-0.047452,0.003143,0.998689
7.520000,-0.133853,-0.024310,3.795122,-0.001876,-0.016249,0.006402,-0.000006384,0.000020215,-0.000044892,0.018900,-0.047530,0.003169,0.998686
7.530000,-0.140733,-0.059935,3.826269,-0.001906,-0.014388,0.006590,-0.000005897,0.000020331,-0.000044709,0.018886,-0.047603,0.003195,0.998683
7.540000,-0.140986,-0.035607,3.820573,-0.002193,-0.013005,0.005659,-0.000006155,0.000020430,-0.000044465,0.018871,-0.047672,0.003220,0.998680
7.550000,-0.160693,-0.026721,3.845691,-0.002206,-0.011914,0.006448,-0.000006116,0.000020494,-0.000044785,0.018854,-0.047736,0.003245,0.998677
7.560000,-0.136641,-0.041415,3.835375,-0.003457,-0.010909,0.005664,-0.000005791,0.000020185,-0.000044599,0.018836,-0.047796,0.003269,0.998674
7.570000,-0.140779,-0.040586,3.857113,-0.002558,-0.010014,0.004513,-0.000005992,0.000020195,-0.000044779,0.018817,-0.047851,0.003293,0.998672
7.580000,-0.128626,-0.041389,3.838539,-0.003772,-0.009785,0.005107,-0.000006194,0.000020516,-0.000044643,0.018796,-0.047902,0.003317,0.998670
7.590000,-0.115978,-0.062614,3.832712,-0.003653,-0.008932,0.005069,-0.000005986,0.000019933,-0.000044901,0.018773,-0.047949,0.003340,0.998668
7.600000,-0.088407,-0.045586,3.855449,-0.004497,-0.008264,0.006371,-0.000006219,0.000020557,-0.000044519,0.018748,-0.047991,0.003363,0.998666
7.610000,-0.129067,-0.049695,3.852950,-0.004987,-0.008137,0.005822,-0.000006096,0.000020583,-0.000044699,0.018722,-0.048031,0.003387,0.998665
7.620000,-0.118503,-0.036669,3.826397,-0.005575,-0.007370,0.005921,-0.000006346,0.000020449,-0.000044480,0.018693,-0.048067,0.003410,0.998663
7.630000,-0.131620,-0.033888,3.844961,-0.004628,-0.006402,0.005537,-0.000006028,0.000020483,-0.000044710,0.018663,-0.048099,0.003433,0.998662
7.640000,-0.130942,-0.059304,3.853038,-0.005895,-0.004793,0.006054,-0.000006305,0.000020700,-0.000044680,0.018631,-0.048129,0.003457,0.998661
7.650000,-0.122089,-0.021232,3.844136,-0.006319,-0.004817,0.005669,-0.000006273,0.000020082,-0.000044637,0.018598,-0.048155,0.003480,0.998661
7.660000,-0.118122,-0.054835,3.853757,-0.005965,-0.005036,0.006284,-0.000006070,0.000020653,-0.000044702,0.018564,-0.048177,0.003502,0.998660
7.670000,-0.117438,-0.035839,3.852149,-0.006193,-0.003279,0.005633,-0.000006099,0.000020292,-0.000044530,0.018527,-0.048195,0.003525,0.998660
7.680000,-0.122605,-0.033878,3.831604,-0.006980,-0.003096,0.006219,-0.000005982,0.000020691,-0.000044625,0.018489,-0.048210,0.003548,0.998660
7.690000,-0.119690,-0.045262,3.847616,-0.006427,-0.002270,0.004697,-0.000006254,0.000020360,-0.000044473,0.018449,-0.048221,0.003570,0.998660
7.700000,-0.116939,-0.036148,3.845425,-0.007857,-0.001660,0.006675,-0.000006256,0.000020449,-0.000044830,0.018407,-0.048228,0.003592,0.998660
7.710000,-0.105785,-0.054422,3.858587,-0.008620,-0.000921,0.005501,-0.000006403,0.000020205,-0.000044781,0.018364,-0.048231,0.003614,0.998661
7.720000,-0.111679,-0.063668,3.857743,-0.007976,-0.000131,0.005613,-0.000006268,0.000020344,-0.000044755,0.018319,-0.048230,0.003636,0.998662
7.730000,-0.136795,-0.064430,3.875684,-0.007747,0.001465,0.005877,-0.000006290,0.000020391,-0.000044676,0.018272,-0.048225,0.003658,0.998663
7.740000,-0.108767,-0.039258,3.853693,-0.009472,0.002568,0.006893,-0.000006162,0.000020200,-0.000044602,0.018223,-0.048216,0.003679,0.998664
7.750000,-0.123315,-0.050769,3.849969,-0.008534,0.002874,0.005437,-0.000006243,0.000020256,-0.000044739,0.018173,-0.048202,0.003700,0.998665
7.760000,-0.110187,-0.053416,3.866133,-0.008804,0.003550,0.005744,-0.000005967,0.000020650,-0.000044686,0.018121,-0.048184,0.003721,0.998667
7.770000,-0.121184,-0.062015,3.865958,-0.010556,0.004782,0.005535,-0.000006036,0.000020486,-0.000045002,0.018067,-0.048162,0.003742,0.998669
7.780000,-0.140225,-0.035719,3.858461,-0.010820,0.006188,0.005106,-0.000006038,0.000020388,-0.000044628,0.018011,-0.048136,0.003762,0.998671
7.790000,-0.133650,-0.054673,3.872641,-0.010247,0.006503,0.005530,-0.000006161,0.000020462,-0.000044808,0.017954,-0.048106,0.003782,0.998674
7.800000,-0.153725,-0.056305,3.872324,-0.010537,0.007366,0.004769,-0.000005977,0.000020343,-0.000044902,0.017895,-0.048072,0.003802,0.998676
7.810000,-0.122589,-0.025361,3.870846,-0.011220,0.007648,0.005130,-0.000006056,0.000020270,-0.000044561,0.017835,-0.048034,0.003822,0.998679
7.820000,-0.100010,-0.058011,3.874207,-0.011824,0.008903,0.004656,-0.000006106,0.000020271,-0.000044638,0.017773,-0.047992,0.003841,0.998682
7.830000,-0.122194,-0.021180,3.870995,-0.012728,0.009480,0.004854,-0.000006138,0.000020374,-0.000044621,0.017710,-0.047945,0.003860,0.998685
7.840000,-0.116982,-0.057149,3.875108,-0.012934,0.010109,0.005410,-0.000006145,0.000020365,-0.000044834,0.017645,-0.047895,0.003879,0.998689
7.850000,-0.136612,-0.035814,3.881101,-0.012360,0.010682,0.005162,-0.000006171,0.000020512,-0.000044676,0.017578,-0.047840,0.003897,0.998693
7.860000,-0.147796,-0.020715,3.868433,-0.013933,0.013193,0.003804,-0.000006139,0.000020399,-0.000044921,0.017510,-0.047782,0.003914,0.998697
7.870000,-0.141150,-0.016076,3.844428,-0.013110,0.014022,0.004120,-0.000006134,0.000020529,-0.000044640,0.017442,-0.047719,0.003932,0.998701
7.880000,-0.112002,-0.046076,3.906382,-0.012258,0.014048,0.004396,-0.000006405,0.000020543,-0.000044645,0.017372,-0.047653,0.003948,0.998705
7.890000,-0.145450,-0.048651,3.879268,-0.012532,0.013972,0.003328,-0.000006117,0.000020461,-0.000044969,0.017301,-0.047583,0.003965,0.998710
7.900000,-0.131192,-0.048749,3.879498,-0.013582,0.015196,0.004917,-0.000006103,0.000020398,-0.000044846,0.017229,-0.047509,0.003980,0.998714
7.910000,-0.107914,-0.039527,3.874037,-0.014879,0.016850,0.004271,-0.000005864,0.000020194,-0.000044607,0.017156,-0.047431,0.003996,0.998719
7.920000,-0.146654,-0.023550,3.895669,-0.012291,0.015935,0.004686,-0.000006080,0.000020384,-0.000044684,0.017081,-0.047349,0.004011,0.998724
7.930000,-0.095229,-0.034291,3.891569,-0.013848,0.016649,0.004107,-0.000006031,0.000020390,-0.000044633,0.017005,-0.047264,0.004025,0.998730
7.940000,-0.089789,-0.012615,3.892769,-0.014496,0.018783,0.004792,-0.000006063,0.000020287,-0.000044612,0.016928,-0.047175,0.004040,0.998735
7.950000,-0.136596,-0.064295,3.876181,-0.015407,0.017876,0.003285,-0.000006175,0.000020535,-0.000044897,0.016849,-0.047083,0.004054,0.998741
7.960000,-0.101146,-0.062673,3.882789,-0.014367,0.019810,0.003139,-0.000006067,0.000020727,-0.000044598,0.016768,-0.046987,0.004069,0.998746
7.970000,-0.124212,-0.050099,3.869598,-0.016264,0.019737,0.004253,-0.000005930,0.000020615,-0.000044811,0.016686,-0.046887,0.004083,0.998752
7.980000,-0.138068,-0.062638,3.892634,-0.016636,0.021969,0.003948,-0.000006059,0.000020580,-0.000044535,0.016602,-0.046782,0.004096,0.998759
7.990000,-0.103295,-0.039991,3.907528,-0.014132,0.022035,0.003748,-0.000006064,0.000020495,-0.000044815,0.016516,-0.046674,0.004110,0.998765
8.000000,-0.150889,-0.029876,3.873071,-0.015862,0.022791,0.003585,-0.000005995,0.000020614,-0.000044912,0.016429,-0.046562,0.004123,0.998772
8.010000,-0.105019,-0.071890,3.888862,-0.017708,0.023464,0.004278,-0.000005889,0.000020488,-0.000044662,0.016340,-0.046445,0.004136,0.998779
8.020000,-0.129981,-0.027790,3.876489,-0.017541,0.024648,0.003601,-0.000006089,0.000020539,-0.000044653,0.016249,-0.046324,0.004148,0.998786
8.030000,-0.085637,0.003586,3.879250,-0.017769,0.025905,0.003313,-0.000005937,0.000020795,-0.000044677,0.016158,-0.046202,0.004161,0.998793
8.040000,-0.051079,0.000304,3.910484,-0.017347,0.025253,0.003782,-0.000006014,0.000020785,-0.000044757,0.016066,-0.046077,0.004173,0.998800
8.050000,-0.116109,-0.034310,3.859668,-0.017745,0.025762,0.003616,-0.000005997,0.000020605,-0.000044646,0.015973,-0.045949,0.004185,0.998807
8.060000,-0.071473,-0.041169,3.862552,-0.018068,0.026878,0.003076,-0.000005931,0.000020577,-0.000044529,0.015879,-0.045819,0.004196,0.998815
8.070000,-0.098380,-0.024994,3.914056,-0.018583,0.027156,0.003032,-0.000005954,0.000020784,-0.000044826,0.015785,-0.045685,0.004207,0.998822
8.080000,-0.131742,-0.026788,3.911316,-0.017943,0.027423,0.003764,-0.000005928,0.000020481,-0.000044745,0.015689,-0.045548,0.004218,0.998830
8.090000,-0.126784,-0.032838,4.442400,-0.017601,0.027381,0.004171,-0.000005928,0.000020911,-0.000044591,0.015592,-0.045406,0.004228,0.998838
8.100000,-0.130346,-0.031911,4.410745,-0.018284,0.030050,0.003866,-0.000005902,0.000020874,-0.000044435,0.015494,-0.045261,0.004237,0.998846
8.110000,-0.126237,-0.009897,4.959235,-0.018066,0.031125,0.003045,-0.000005987,0.000020375,-0.000044731,0.015395,-0.045110,0.004246,0.998854
8.120000,-0.166941,-0.026282,4.925865,-0.019374,0.032189,0.001738,-0.000005772,0.000020732,-0.000044344,0.015295,-0.044954,0.004254,0.998863
8.130000,-0.141168,-0.046738,4.931680,-0.020251,0.033624,0.002346,-0.000005550,0.000020740,-0.000044669,0.015192,-0.044792,0.004261,0.998872
8.140000,-0.133266,-0.030333,4.931196,-0.019636,0.034019,0.003324,-0.000005810,0.000020430,-0.000044790,0.015088,-0.044625,0.004268,0.998881
8.150000,-0.110473,-0.013396,4.850928,-0.020175,0.033631,0.001846,-0.000005537,0.000020857,-0.000044793,0.014982,-0.044453,0.004275,0.998890
8.160000,-0.113243,-0.029104,4.845649,-0.021844,0.035501,0.002272,-0.000005684,0.000020772,-0.000044404,0.014875,-0.044277,0.004281,0.998899
8.170000,-0.123887,-0.042355,4.853705,-0.020693,0.036429,0.002020,-0.000005479,0.000020710,-0.000044399,0.014766,-0.044096,0.004286,0.998909
8.180000,-0.093241,-0.021026,4.835283,-0.021570,0.037915,0.001087,-0.000005427,0.000020765,-0.000044246,0.014656,-0.043911,0.004291,0.998919
8.190000,-0.131909,-0.043718,4.865199,-0.022584,0.038436,0.002346,-0.000005582,0.000020797,-0.000044481,0.014544,-0.043720,0.004296,0.998929
8.200000,-0.146188,-0.037665,4.854163,-0.022223,0.038958,0.003168,-0.000005700,0.000021024,-0.000044472,0.014431,-0.043524,0.004300,0.998939
8.210000,-0.111270,-0.038525,4.975036,-0.022233,0.041511,0.001565,-0.000005588,0.000020700,-0.000044530,0.014315,-0.043322,0.004303,0.998949
8.220000,-0.111076,-0.038418,5.016706,-0.022879,0.041464,0.001102,-0.000005586,0.000020725,-0.000044773,0.014198,-0.043115,0.004306,0.998960
8.230000,-0.114313,-0.033612,5.141871,-0.023350,0.042032,0.001568,-0.000005551,0.000020636,-0.000044475,0.014080,-0.042903,0.004308,0.998971
8.240000,-0.124700,-0.016230,5.113948,-0.023619,0.043781,0.000830,-0.000005729,0.000020881,-0.000044599,0.013959,-0.042685,0.004310,0.998982
8.250000,-0.123009,-0.030398,5.315262,-0.023814,0.044025,0.001887,-0.000005354,0.000020849,-0.000044651,0.013836,-0.042462,0.004312,0.998993
8.260000,-0.107344,-0.029609,5.292365,-0.023296,0.046181,0.001840,-0.000005501,0.000020763,-0.000044585,0.013712,-0.042234,0.004313,0.999004
8.270000,-0.117431,-0.029250,5.457333,-0.023759,0.047709,0.000709,-0.000005403,0.000020965,-0.000044579,0.013585,-0.042000,0.004313,0.999016
8.280000,-0.086588,-0.042542,5.486398,-0.024473,0.048278,0.001052,-0.000005213,0.000021000,-0.000044508,0.013457,-0.041760,0.004313,0.999028
8.290000,-0.101175,-0.018652,5.636029,-0.024646,0.049468,0.001266,-0.000005443,0.000020632,-0.000044534,0.013326,-0.041515,0.004313,0.999040
8.300000,-0.113663,-0.042402,5.605658,-0.025652,0.050984,0.000447,-0.000005500,0.000020754,-0.000044904,0.013194,-0.041265,0.004312,0.999052
8.310000,-0.085314,-0.042139,5.862655,-0.026619,0.050991,0.000446,-0.000005214,0.000021030,-0.000044746,0.013060,-0.041009,0.004310,0.999064
8.320000,-0.074033,-0.030512,5.836557,-0.026601,0.053162,0.001647,-0.000005194,0.000020635,-0.000044437,0.012924,-0.040748,0.004309,0.999077
8.330000,-0.103590,-0.022575,5.979973,-0.027225,0.053256,0.001470,-0.000005403,0.000021093,-0.000044493,0.012786,-0.040482,0.004306,0.999089
8.340000,-0.113986,-0.016911,5.989943,-0.027020,0.054950,-0.000277,-0.000005355,0.000021104,-0.000044711,0.012647,-0.040210,0.004303,0.999102
8.350000,-0.111115,-0.037077,6.014503,-0.027690,0.056837,0.000715,-0.000005265,0.000020760,-0.000044390,0.012506,-0.039932,0.004299,0.999115
8.360000,-0.119002,-0.003171,6.023285,-0.027476,0.057951,-0.000254,-0.000005386,0.000020957,-0.000044157,0.012364,-0.039648,0.004294,0.999128
8.370000,-0.128405,-0.019749,6.072307,-0.028319,0.059386,0.001126,-0.000005125,0.000020983,-0.000044724,0.012220,-0.039356,0.004288,0.999141
8.380000,-0.144811,-0.062241,6.090272,-0.028864,0.060818,-0.000612,-0.000005594,0.000021045,-0.000044694,0.012074,-0.039057,0.004282,0.999155
8.390000,-0.124965,-0.032212,6.107988,-0.029221,0.061478,0.000132,-0.000005312,0.000020972,-0.000044423,0.011925,-0.038752,0.004274,0.999169
8.400000,-0.137274,-0.037216,6.134389,-0.029266,0.064254,0.000364,-0.000005064,0.000020917,-0.000044365,0.011775,-0.038439,0.004266,0.999182
8.410000,-0.140667,-0.040690,6.169954,-0.028986,0.063367,-0.001259,-0.000005316,0.000020914,-0.000044400,0.011623,-0.038120,0.004257,0.999196
8.420000,-0.121472,-0.006490,6.183570,-0.030838,0.065613,-0.000185,-0.000004866,0.000021037,-0.000044432,0.011469,-0.037794,0.004248,0.999211
8.430000,-0.128181,-0.051841,6.266564,-0.030627,0.067531,-0.000094,-0.000005135,0.000021093,-0.000044506,0.011312,-0.037460,0.004237,0.999225
8.440000,-0.132166,-0.020511,6.271086,-0.030697,0.067657,-0.001798,-0.000005269,0.000021054,-0.000044541,0.011153,-0.037120,0.004226,0.999240
8.450000,-0.098319,-0.046838,6.380218,-0.031016,0.071463,-0.000892,-0.000005161,0.000021098,-0.000044485,0.010992,-0.036772,0.004214,0.999254
8.460000,-0.098264,-0.038705,6.369025,-0.031156,0.071736,-0.001272,-0.000005025,0.000021036,-0.000044765,0.010829,-0.036417,0.004202,0.999269
8.470000,-0.120704,-0.033103,6.479987,-0.032088,0.073359,-0.001802,-0.000004839,0.000021306,-0.000044508,0.010664,-0.036056,0.004188,0.999284
8.480000,-0.125373,-0.036133,6.457431,-0.033304,0.073516,-0.001498,-0.000004973,0.000020812,-0.000044250,0.010496,-0.035688,0.004174,0.999299
8.490000,-0.099891,-0.002238,6.615968,-0.032345,0.075667,-0.001634,-0.000005024,0.000021254,-0.000044460,0.010328,-0.035314,0.004159,0.999314
8.500000,-0.114623,-0.020779,6.600755,-0.033834,0.077459,-0.003000,-0.000004735,0.000021209,-0.000044656,0.010160,-0.034933,0.004142,0.999329
8.510000,-0.051884,-0.015942,6.776797,-0.032831,0.077440,-0.001895,-0.000004885,0.000021280,-0.000044259,0.009990,-0.034548,0.004125,0.999345
8.520000,-0.066052,0.007570,6.781111,-0.033340,0.079262,-0.002204,-0.000005072,0.000021329,-0.000044497,0.009819,-0.034157,0.004106,0.999360
8.530000,-0.061366,0.004724,6.914951,-0.033698,0.079202,-0.001719,-0.000004762,0.000020786,-0.000044153,0.009648,-0.033761,0.004087,0.999375
8.540000,-0.051773,0.009919,6.947514,-0.033704,0.080903,-0.002737,-0.000004889,0.000020910,-0.000044658,0.009477,-0.033361,0.004067,0.999390
8.550000,-0.045537,-0.021709,6.990932,-0.033271,0.082287,-0.003106,-0.000004919,0.000021237,-0.000044555,0.009304,-0.032956,0.004046,0.999405
8.560000,-0.066954,-0.016706,6.999578,-0.035127,0.082827,-0.004030,-0.000004871,0.000020962,-0.000044520,0.009129,-0.032546,0.004024,0.999420
8.570000,-0.089795,-0.011417,7.014821,-0.034869,0.083676,-0.002673,-0.000004748,0.000021558,-0.000044524,0.008953,-0.032128,0.004001,0.999436
8.580000,-0.114828,-0.018023,7.026220,-0.034174,0.085647,-0.002982,-0.000004627,0.000021047,-0.000044493,0.008776,-0.031704,0.003978,0.999451
8.590000,-0.121425,-0.008863,7.099858,-0.034388,0.086508,-0.003475,-0.000004511,0.000021072,-0.000044404,0.008597,-0.031272,0.003953,0.999466
8.600000,-0.099563,0.008207,7.082546,-0.036392,0.087368,-0.004366,-0.000004635,0.000021513,-0.000044447,0.008416,-0.030832,0.003927,0.999481
8.610000,-0.117115,-0.008879,7.170951,-0.035969,0.090201,-0.005123,-0.000004736,0.000021276,-0.000044266,0.008234,-0.030383,0.003899,0.999497
8.620000,-0.116922,-0.001078,7.147324,-0.036119,0.091339,-0.004156,-0.000004672,0.000021246,-0.000044350,0.008051,-0.029927,0.003870,0.999512
8.630000,-0.136608,-0.020540,7.202810,-0.036081,0.092302,-0.005414,-0.000004478,0.000021285,-0.000044505,0.007866,-0.029463,0.003840,0.999528
8.640000,-0.129038,-0.016343,7.203696,-0.037690,0.095273,-0.005129,-0.000003872,0.000021248,-0.000044318,0.007679,-0.028990,0.003808,0.999543
8.650000,-0.122132,-0.015724,7.301446,-0.037319,0.096313,-0.005811,-0.000004440,0.000021225,-0.000044400,0.007491,-0.028510,0.003775,0.999558
8.660000,-0.120217,-0.022069,7.313747,-0.038106,0.098539,-0.005548,-0.000004368,0.000021470,-0.000044287,0.007300,-0.028022,0.003742,0.999574
8.670000,-0.100973,-0.024534,7.420682,-0.038843,0.098586,-0.005111,-0.000004223,0.000021355,-0.000044090,0.007108,-0.027526,0.003707,0.999589
8.680000,-0.107131,-0.019903,7.437919,-0.038971,0.101262,-0.005896,-0.000004438,0.000021285,-0.000044482,0.006913,-0.027024,0.003672,0.999604
8.690000,-0.079630,-0.003291,7.479341,-0.037909,0.101622,-0.005495,-0.000004267,0.000021435,-0.000044371,0.006717,-0.026514,0.003635,0.999619
8.700000,-0.099000,-0.032066,7.484075,-0.039586,0.103305,-0.005903,-0.000003928,0.000021406,-0.000044468,0.006519,-0.025998,0.003598,0.999634
8.710000,-0.051260,-0.002896,7.581366,-0.038933,0.105195,-0.006820,-0.000004162,0.000021477,-0.000044384,0.006320,-0.025475,0.003560,0.999649
8.720000,-0.062205,0.007792,7.561179,-0.038810,0.105943,-0.006809,-0.000003966,0.000021349,-0.000044358,0.006120,-0.024948,0.003521,0.999664
8.730000,-0.023369,0.019156,7.696554,-0.039577,0.106514,-0.006177,-0.000004097,0.000021626,-0.000044533,0.005919,-0.024415,0.003481,0.999678
8.740000,-0.023852,0.033301,7.666926,-0.039932,0.106646,-0.006585,-0.000003987,0.000021500,-0.000044298,0.005717,-0.023879,0.003441,0.999693
8.750000,-0.041872,0.005856,7.782379,-0.039280,0.108449,-0.006298,-0.000004146,0.000021400,-0.000044417,0.005515,-0.023338,0.003399,0.999707
8.760000,-0.021770,0.019702,7.761429,-0.039818,0.110257,-0.008104,-0.000003849,0.000021312,-0.000044303,0.005312,-0.022792,0.003357,0.999720
8.770000,-0.067638,-0.025410,7.841376,-0.040862,0.110063,-0.007506,-0.000003764,0.000021789,-0.000044577,0.005107,-0.022242,0.003314,0.999734
8.780000,-0.064905,0.005461,7.868824,-0.040848,0.111801,-0.008328,-0.000003876,0.000021531,-0.000044450,0.004901,-0.021685,0.003271,0.999747
8.790000,-0.081715,0.000380,7.894818,-0.040407,0.113095,-0.007669,-0.000003697,0.000022028,-0.000044562,0.004694,-0.021122,0.003226,0.999761
8.800000,-0.076902,0.008739,7.907745,-0.040514,0.113753,-0.008163,-0.000003744,0.000021634,-0.000044526,0.004486,-0.020552,0.003180,0.999774
8.810000,-0.080907,0.021174,7.972001,-0.041168,0.115468,-0.008813,-0.000003552,0.000021657,-0.000044234,0.004278,-0.019975,0.003132,0.999786
8.820000,-0.099418,0.010804,7.986079,-0.041053,0.116702,-0.009856,-0.000003568,0.000021717,-0.000044571,0.004070,-0.019392,0.003083,0.999799
8.830000,-0.067254,0.025478,8.046871,-0.040562,0.117789,-0.010579,-0.000003531,0.000021411,-0.000044332,0.003861,-0.018802,0.003032,0.999811
8.840000,-0.089821,0.028329,8.022948,-0.040999,0.119384,-0.009352,-0.000003296,0.000021594,-0.000044428,0.003652,-0.018205,0.002979,0.999823
8.850000,-0.068051,0.021069,8.112459,-0.040992,0.120670,-0.009049,-0.000003486,0.000021760,-0.000044357,0.003443,-0.017603,0.002926,0.999835
8.860000,-0.051697,-0.013247,8.068770,-0.041977,0.120827,-0.009276,-0.000003372,0.000021955,-0.000044567,0.003232,-0.016995,0.002871,0.999846
8.870000,-0.070483,-0.004596,8.202057,-0.042573,0.122226,-0.011000,-0.000003399,0.000021510,-0.000044330,0.003020,-0.016381,0.002816,0.999857
8.880000,-0.052179,-0.009419,8.215794,-0.042397,0.124449,-0.010281,-0.000003201,0.000021845,-0.000044166,0.002807,-0.015762,0.002759,0.999868
8.890000,-0.013721,-0.005813,8.228287,-0.042501,0.124449,-0.009783,-0.000003639,0.000021824,-0.000044239,0.002592,-0.015137,0.002702,0.999878
8.900000,-0.064513,-0.003007,8.234840,-0.042898,0.124928,-0.009258,-0.000003414,0.000021780,-0.000044445,0.002376,-0.014507,0.002645,0.999888
8.910000,-0.047941,-0.010419,8.289088,-0.043420,0.128673,-0.010749,-0.000003064,0.000021695,-0.000044441,0.002159,-0.013872,0.002587,0.999898
8.920000,-0.070278,-0.014173,8.313481,-0.043144,0.127297,-0.010762,-0.000002902,0.000021919,-0.000044230,0.001940,-0.013233,0.002529,0.999907
8.930000,-0.007313,0.014668,8.359645,-0.043671,0.128446,-0.010655,-0.000002923,0.000021676,-0.000044443,0.001721,-0.012591,0.002470,0.999916
8.940000,0.016055,0.030631,8.383742,-0.042830,0.129469,-0.010545,-0.000003031,0.000021976,-0.000044596,0.001500,-0.011945,0.002411,0.999925
8.950000,0.031000,0.026640,8.430520,-0.043836,0.129916,-0.010796,-0.000002883,0.000021907,-0.000044151,0.001280,-0.011299,0.002351,0.999933
8.960000,0.067363,0.016011,8.429291,-0.043552,0.129329,-0.010921,-0.000002917,0.000022050,-0.000044273,0.001058,-0.010651,0.002292,0.999940
8.970000,0.009370,0.004747,8.491065,-0.044348,0.129878,-0.010777,-0.000002926,0.000022196,-0.000044354,0.000837,-0.010001,0.002232,0.999947
8.980000,0.032028,-0.011275,8.501929,-0.044816,0.129913,-0.010675,-0.000002874,0.000021870,-0.000043980,0.000614,-0.009349,0.002172,0.999954
8.990000,-0.038345,0.031990,8.557367,-0.044369,0.132040,-0.011029,-0.000002519,0.000022017,-0.000044352,0.000392,-0.008692,0.002111,0.999960
9.000000,-0.039490,0.009294,8.577439,-0.043968,0.132858,-0.011776,-0.000002703,0.000021978,-0.000044112,0.000170,-0.008032,0.002050,0.999966
9.010000,-0.051979,0.048266,8.686643,-0.043428,0.132926,-0.012398,-0.000002461,0.000022613,-0.000044240,-0.000053,-0.007367,0.001986,0.999971
9.020000,-0.043711,0.035792,8.674704,-0.043825,0.134084,-0.011506,-0.000002361,0.000022085,-0.000044001,-0.000275,-0.006698,0.001922,0.999976
9.030000,-0.052623,0.042439,8.744822,-0.044433,0.135107,-0.012697,-0.000002387,0.000022085,-0.000044209,-0.000496,-0.006023,0.001855,0.999980
9.040000,-0.084846,0.049661,8.731679,-0.043489,0.135652,-0.012441,-0.000002248,0.000022140,-0.000044382,-0.000716,-0.005343,0.001787,0.999984
9.050000,-0.013387,0.042307,8.766006,-0.044085,0.138140,-0.013329,-0.000002409,0.000022234,-0.000044479,-0.000935,-0.004659,0.001717,0.999987
9.060000,-0.041102,0.049280,8.789827,-0.042858,0.138566,-0.012979,-0.000002432,0.000022049,-0.000044376,-0.001153,-0.003970,0.001645,0.999990
9.070000,-0.048098,0.035104,8.833272,-0.043472,0.138216,-0.013207,-0.000001905,0.000022168,-0.000044260,-0.001371,-0.003278,0.001572,0.999992
9.080000,-0.005380,0.014575,8.828341,-0.041938,0.140874,-0.012633,-0.000002195,0.000022172,-0.000044082,-0.001589,-0.002581,0.001498,0.999994
9.090000,0.041519,0.040679,8.875527,-0.043373,0.139475,-0.014459,-0.000002075,0.000022113,-0.000044129,-0.001806,-0.001882,0.001423,0.999996
9.100000,0.004362,0.045801,8.881733,-0.042067,0.140322,-0.014301,-0.000002142,0.000022260,-0.000044045,-0.002022,-0.001181,0.001347,0.999996
9.110000,0.037618,0.034189,8.891980,-0.041494,0.140912,-0.013800,-0.000002278,0.000022190,-0.000044408,-0.002238,-0.000478,0.001271,0.999997
9.120000,0.013482,0.039717,8.921022,-0.042105,0.141284,-0.013309,-0.000002094,0.000022087,-0.000044135,-0.002454,0.000226,0.001194,0.999996
9.130000,0.068889,0.012822,8.945726,-0.043239,0.140191,-0.015728,-0.000001570,0.000022275,-0.000044283,-0.002670,0.000930,0.001117,0.999995
9.140000,0.032924,-0.003404,8.942562,-0.043484,0.142514,-0.013208,-0.000001902,0.000022293,-0.000043931,-0.002885,0.001634,0.001040,0.999994
9.150000,0.084856,0.029643,8.974572,-0.041650,0.141415,-0.014930,-0.000001667,0.000022375,-0.000044036,-0.003100,0.002336,0.000964,0.999992
9.160000,0.099382,0.050194,8.987094,-0.042109,0.140269,-0.014448,-0.000001689,0.000022119,-0.000044173,-0.003315,0.003037,0.000887,0.999990
9.170000,0.114446,0.052999,9.045395,-0.042703,0.140033,-0.013624,-0.000001835,0.000022283,-0.000044117,-0.003528,0.003735,0.000811,0.999986
9.180000,0.112567,0.045109,9.030280,-0.042622,0.138854,-0.014381,-0.000001547,0.000022369,-0.000044003,-0.003740,0.004430,0.000734,0.999983
9.190000,0.042443,0.007199,9.080358,-0.043302,0.139668,-0.014318,-0.000001649,0.000022516,-0.000044219,-0.003952,0.005126,0.000657,0.999979
9.200000,0.047581,0.041087,9.122161,-0.041428,0.140373,-0.014523,-0.000001351,0.000022473,-0.000044367,-0.004162,0.005821,0.000580,0.999974
9.210000,0.020891,0.051134,9.169000,-0.041006,0.139716,-0.014880,-0.000001269,0.000022351,-0.000044249,-0.004372,0.006517,0.000502,0.999969
9.220000,0.012854,0.041422,9.175711,-0.041178,0.139507,-0.014821,-0.000001280,0.000022142,-0.000044113,-0.004581,0.007215,0.000424,0.999963
9.230000,0.007107,0.047496,9.220058,-0.040341,0.139710,-0.014148,-0.000001028,0.000022673,-0.000044218,-0.004789,0.007914,0.000344,0.999957
9.240000,-0.006255,0.032691,9.215435,-0.041900,0.140876,-0.014357,-0.000001405,0.000022483,-0.000044181,-0.004996,0.008615,0.000264,0.999950
9.250000,0.047988,0.046190,9.292732,-0.040755,0.140260,-0.015501,-0.000001006,0.000022273,-0.000043799,-0.005201,0.009317,0.000182,0.999943
9.260000,0.018468,0.061560,9.305780,-0.039912,0.141444,-0.014859,-0.000001126,0.000022747,-0.000044023,-0.005405,0.010020,0.000100,0.999935
9.270000,0.084763,0.049755,9.318686,-0.040095,0.141175,-0.015065,-0.000001161,0.000022584,-0.000044186,-0.005608,0.010723,0.000016,0.999927
9.280000,0.062725,0.049191,9.314866,-0.039486,0.140444,-0.016119,-0.000000872,0.000022645,-0.000044148,-0.005809,0.011426,-0.000068,0.999918
9.290000,0.042715,0.052282,9.342471,-0.039986,0.141245,-0.014993,-0.000000925,0.000022546,-0.000044210,-0.006010,0.012127,-0.000152,0.999908
9.300000,0.078814,0.059469,9.360882,-0.039703,0.139748,-0.014492,-0.000000773,0.000022593,-0.000044051,-0.006209,0.012828,-0.000237,0.999898
9.310000,0.094923,0.043522,9.402309,-0.038943,0.140786,-0.014814,-0.000000470,0.000022348,-0.000043727,-0.006407,0.013527,-0.000321,0.999888
9.320000,0.091669,0.021766,9.362273,-0.038502,0.139978,-0.015705,-0.000000535,0.000022556,-0.000044258,-0.006604,0.014224,-0.000406,0.999877
9.330000,0.124285,0.039610,9.386258,-0.038645,0.138807,-0.016885,-0.000000581,0.000022312,-0.000043881,-0.006800,0.014917,-0.000490,0.999865
9.340000,0.116660,0.018193,9.399855,-0.038390,0.138209,-0.016615,-0.000000605,0.000022842,-0.000044001,-0.006995,0.015607,-0.000574,0.999854
9.350000,0.166982,0.048193,9.423524,-0.038413,0.137284,-0.016935,-0.000000720,0.000022643,-0.000044174,-0.007189,0.016292,-0.000657,0.999841
9.360000,0.163267,0.048862,9.423535,-0.037358,0.136014,-0.015811,-0.000000495,0.000022545,-0.000044121,-0.007382,0.016972,-0.000739,0.999828
9.370000,0.175049,0.018066,9.414024,-0.037824,0.133856,-0.015519,-0.000000295,0.000022572,-0.000044076,-0.007574,0.017645,-0.000820,0.999815
9.380000,0.175644,0.068518,9.433958,-0.037549,0.133535,-0.014349,-0.000000585,0.000022819,-0.000043980,-0.007765,0.018311,-0.000900,0.999802
9.390000,0.174317,0.046039,9.503637,-0.037215,0.133327,-0.015030,-0.000000180,0.000022485,-0.000043855,-0.007954,0.018972,-0.000979,0.999788
9.400000,0.179895,0.040223,9.516844,-0.037046,0.131107,-0.014607,-0.000000046,0.000022963,-0.000043827,-0.008142,0.019627,-0.001057,0.999774
9.410000,0.138049,0.051396,9.585799,-0.035982,0.130660,-0.014578,-0.000000260,0.000022840,-0.000043888,-0.008329,0.020278,-0.001135,0.999759
9.420000,0.115060,0.039541,9.525600,-0.037090,0.129032,-0.014237,-0.000000316,0.000022745,-0.000043808,-0.008515,0.020924,-0.001212,0.999744
9.430000,0.068008,0.055296,9.598238,-0.036352,0.128126,-0.015138,-0.000000099,0.000022906,-0.000043962,-0.008699,0.021568,-0.001290,0.999729
9.440000,0.096973,0.059503,9.592440,-0.035867,0.128134,-0.014064,0.000000122,0.000022730,-0.000044004,-0.008883,0.022209,-0.001367,0.999713
9.450000,0.059597,0.058541,9.636117,-0.035284,0.128023,-0.014561,-0.000000091,0.000022840,-0.000044078,-0.009064,0.022847,-0.001444,0.999697
9.460000,0.065249,0.058042,9.677379,-0.034496,0.127590,-0.015127,-0.000000187,0.000022567,-0.000043730,-0.009243,0.023484,-0.001522,0.999680
9.470000,0.071595,0.043970,9.694104,-0.034972,0.127927,-0.014944,0.000000052,0.000022715,-0.000043953,-0.009421,0.024118,-0.001601,0.999663
9.480000,0.086161,0.058404,9.665900,-0.036170,0.126421,-0.014269,0.000000286,0.000022997,-0.000043925,-0.009597,0.024750,-0.001679,0.999646
9.490000,0.051670,0.076204,9.723190,-0.033803,0.126402,-0.014783,-0.000000015,0.000022912,-0.000043830,-0.009771,0.025378,-0.001758,0.999629
9.500000,0.105571,0.062825,9.721383,-0.034354,0.126097,-0.015618,-0.000000054,0.000022997,-0.000043956,-0.009943,0.026004,-0.001837,0.999611
9.510000,0.086275,0.079504,9.731854,-0.033238,0.124651,-0.015695,0.000000510,0.000022843,-0.000043735,-0.010113,0.026626,-0.001916,0.999592
9.520000,0.090076,0.049752,9.759817,-0.034480,0.123395,-0.014576,0.000000149,0.000023029,-0.000043879,-0.010282,0.027245,-0.001995,0.999574
9.530000,0.137958,0.094647,9.758353,-0.032452,0.122795,-0.014898,0.000000334,0.000022776,-0.000043903,-0.010448,0.027858,-0.002074,0.999555
9.540000,0.125744,0.102111,9.737023,-0.032879,0.122058,-0.014806,0.000000430,0.000022874,-0.000043999,-0.010612,0.028467,-0.002153,0.999536
9.550000,0.185955,0.048575,9.750443,-0.032088,0.120720,-0.014588,0.000000225,0.000023085,-0.000043705,-0.010773,0.029069,-0.002232,0.999517
9.560000,0.171527,0.063967,9.747978,-0.030633,0.119874,-0.013734,0.000000311,0.000022981,-0.000043959,-0.010933,0.029664,-0.002310,0.999497
9.570000,0.184144,0.061305,9.770785,-0.030784,0.118195,-0.014031,0.000000505,0.000022679,-0.000043921,-0.011090,0.030253,-0.002387,0.999478
9.580000,0.198936,0.080240,9.750939,-0.029712,0.116752,-0.014717,0.000000563,0.000022990,-0.000043704,-0.011244,0.030835,-0.002464,0.999458
9.590000,0.183968,0.051278,9.754188,-0.030289,0.115076,-0.014275,0.000000818,0.000023027,-0.000044020,-0.011397,0.031409,-0.002540,0.999438
9.600000,0.196912,0.067753,9.748662,-0.030954,0.113295,-0.014337,0.000001028,0.000022827,-0.000043718,-0.011547,0.031976,-0.002615,0.999419
9.610000,0.157301,0.061531,9.848895,-0.027988,0.112260,-0.013797,0.000000848,0.000022920,-0.000043741,-0.011695,0.032536,-0.002690,0.999399
9.620000,0.163591,0.030355,9.821940,-0.028581,0.110815,-0.014107,0.000000623,0.000022995,-0.000043838,-0.011841,0.033090,-0.002764,0.999378
9.630000,0.111010,0.051278,9.886857,-0.028159,0.109653,-0.014280,0.000000786,0.000023030,-0.000043650,-0.011986,0.033639,-0.002837,0.999358
9.640000,0.121805,0.033318,9.907650,-0.028439,0.108819,-0.014804,0.000000678,0.000023043,-0.000043842,-0.012130,0.034183,-0.002910,0.999338
9.650000,0.110079,0.058594,9.990813,-0.028048,0.107995,-0.011459,0.000000901,0.000023150,-0.000043928,-0.012272,0.034722,-0.002982,0.999317
9.660000,0.118103,0.070526,9.976726,-0.027022,0.107075,-0.012773,0.000001054,0.000023280,-0.000043759,-0.012412,0.035258,-0.003055,0.999297
9.670000,0.108090,0.047617,9.971806,-0.027164,0.106310,-0.013276,0.000000900,0.000023104,-0.000043892,-0.012550,0.035789,-0.003127,0.999276
9.680000,0.113870,0.064038,10.001100,-0.027314,0.105757,-0.014124,0.000000605,0.000022946,-0.000043747,-0.012687,0.036315,-0.003199,0.999255
9.690000,0.123245,0.036903,9.979592,-0.026784,0.104221,-0.013378,0.000001147,0.000023116,-0.000043949,-0.012822,0.036837,-0.003270,0.999234
9.700000,0.107132,0.063185,9.980216,-0.026611,0.102466,-0.013537,0.000000847,0.000023266,-0.000043573,-0.012956,0.037355,-0.003341,0.999212
9.710000,0.131259,0.044937,10.000447,-0.026003,0.101983,-0.013235,0.000001262,0.000023218,-0.000043837,-0.013087,0.037867,-0.003412,0.999191
9.720000,0.109597,0.066265,9.984804,-0.025637,0.101595,-0.011994,0.000001378,0.000023021,-0.000043817,-0.013216,0.038375,-0.003483,0.999170
9.730000,0.120851,0.074954,10.004366,-0.024393,0.100951,-0.014125,0.000001071,0.000023231,-0.000043519,-0.013344,0.038876,-0.003553,0.999149
9.740000,0.167370,0.090829,10.051427,-0.024241,0.099506,-0.012386,0.000001466,0.000023296,-0.000043770,-0.013469,0.039371,-0.003623,0.999127
9.750000,0.117399,0.066762,10.028196,-0.024424,0.097905,-0.013298,0.000001299,0.000023084,-0.000043710,-0.013593,0.039860,-0.003692,0.999106
9.760000,0.153294,0.046404,10.017522,-0.024137,0.096397,-0.011922,0.000001296,0.000023105,-0.000043623,-0.013715,0.040343,-0.003760,0.999085
9.770000,0.178009,0.069743,10.005344,-0.022967,0.094653,-0.013016,0.000001443,0.000023249,-0.000043550,-0.013834,0.040819,-0.003828,0.999063
9.780000,0.164246,0.084233,9.998115,-0.023586,0.093611,-0.012615,0.000001534,0.000023554,-0.000043555,-0.013950,0.041287,-0.003896,0.999042
9.790000,0.228659,0.121446,9.966501,-0.022413,0.091164,-0.012014,0.000001534,0.000023215,-0.000043805,-0.014063,0.041745,-0.003962,0.999021
9.800000,0.227685,0.102373,9.954051,-0.020941,0.089136,-0.012652,0.000001652,0.000023249,-0.000043745,-0.014173,0.042193,-0.004028,0.999001
9.810000,0.195355,0.086653,9.970465,-0.022313,0.088344,-0.012603,0.000001486,0.000023570,-0.000043809,-0.014280,0.042632,-0.004093,0.998980
9.820000,0.179136,0.070661,9.981312,-0.021351,0.086256,-0.011095,0.000001598,0.000023168,-0.000043599,-0.014384,0.043064,-0.004157,0.998960
9.830000,0.153033,0.072625,10.051402,-0.020537,0.085424,-0.011503,0.000001722,0.000023090,-0.000043762,-0.014486,0.043488,-0.004221,0.998940
9.840000,0.125344,0.070764,10.016315,-0.019397,0.084074,-0.011162,0.000001900,0.000023469,-0.000043749,-0.014586,0.043906,-0.004284,0.998920
9.850000,0.057270,0.015366,10.059008,-0.018949,0.083744,-0.011488,0.000001814,0.000023184,-0.000043856,-0.014685,0.044321,-0.004347,0.998900
9.860000,0.062954,0.013694,10.007607,-0.019709,0.083471,-0.011470,0.000001882,0.000023207,-0.000043667,-0.014783,0.044734,-0.004409,0.998880
9.870000,0.030804,0.038849,10.041495,-0.019419,0.081790,-0.012833,0.000001647,0.000023149,-0.000043521,-0.014881,0.045144,-0.004471,0.998860
9.880000,0.061635,0.009238,10.042851,-0.019593,0.082671,-0.011319,0.000001853,0.000023299,-0.000043471,-0.014979,0.045551,-0.004533,0.998839
9.890000,0.059970,0.023571,10.026983,-0.019088,0.081435,-0.009718,0.000001755,0.000023474,-0.000043538,-0.015076,0.045955,-0.004594,0.998819
9.900000,0.043576,0.021432,10.054213,-0.019294,0.080458,-0.010939,0.000001931,0.000023299,-0.000043859,-0.015173,0.046358,-0.004654,0.998799
9.910000,0.146296,0.054401,10.055065,-0.018631,0.079214,-0.010732,0.000001939,0.000023315,-0.000043522,-0.015268,0.046754,-0.004715,0.998779
9.920000,0.142664,0.081390,10.068122,-0.018403,0.078122,-0.010407,0.000002250,0.000023371,-0.000043610,-0.015361,0.047145,-0.004774,0.998759
9.930000,0.070704,0.036354,10.083580,-0.017812,0.078071,-0.010723,0.000002254,0.000023523,-0.000043462,-0.015453,0.047533,-0.004833,0.998738
9.940000,0.098385,0.025488,10.057196,-0.017461,0.077303,-0.010802,0.000001941,0.000023193,-0.000043434,-0.015545,0.047916,-0.004892,0.998718
9.950000,0.143719,0.081801,10.069247,-0.017528,0.076060,-0.011097,0.000002186,0.000023251,-0.000043705,-0.015634,0.048294,-0.004950,0.998699
9.960000,0.130425,0.065909,10.076106,-0.016421,0.075066,-0.010435,0.000002030,0.000023455,-0.000043537,-0.015721,0.048665,-0.005008,0.998679
9.970000,0.096209,0.036370,10.071441,-0.016024,0.073841,-0.010980,0.000002356,0.000023470,-0.000043295,-0.015807,0.049031,-0.005065,0.998659
9.980000,0.083547,0.013745,10.086196,-0.016659,0.072450,-0.010564,0.000001977,0.000023197,-0.000043379,-0.015892,0.049394,-0.005122,0.998640
9.990000,0.211133,0.095455,10.095111,-0.015629,0.071587,-0.010292,0.000002021,0.000023193,-0.000043367,-0.015973,0.049747,-0.005178,0.998621
10.000000,0.203631,0.083493,10.052898,-0.014943,0.069058,-0.010441,0.000002474,0.000023411,-0.000043794,-0.016052,0.050090,-0.005233,0.998602
10.010000,0.240954,0.075941,10.074740,-0.014570,0.068703,-0.010119,0.000002133,0.000023436,-0.000043804,-0.016127,0.050424,-0.005288,0.998584
10.020000,0.213199,0.107027,10.069468,-0.013923,0.064978,-0.010392,0.000002013,0.000023347,-0.000043598,-0.016199,0.050747,-0.005341,0.998566
10.030000,0.151195,0.034811,10.086600,-0.013858,0.063964,-0.008787,0.000002195,0.000023469,-0.000043526,-0.016269,0.051064,-0.005393,0.998548
10.040000,0.144505,0.053402,10.060565,-0.014384,0.062538,-0.009900,0.000002499,0.000023361,-0.000043754,-0.016338,0.051374,-0.005445,0.998531
10.050000,0.134496,0.047998,10.102046,-0.013503,0.060161,-0.009597,0.000002162,0.000023308,-0.000043362,-0.016406,0.051676,-0.005495,0.998514
10.060000,0.176541,0.059079,10.095234,-0.011517,0.059891,-0.008234,0.000002624,0.000023573,-0.000043396,-0.016471,0.051970,-0.005544,0.998497
10.070000,0.059678,0.002096,10.079678,-0.012652,0.057877,-0.009172,0.000002228,0.000023541,-0.000043589,-0.016535,0.052260,-0.005593,0.998481
10.080000,0.081039,0.001550,10.070909,-0.011375,0.058088,-0.008939,0.000002335,0.000023174,-0.000043570,-0.016598,0.052547,-0.005641,0.998465
10.090000,0.083672,0.037310,10.119886,-0.011248,0.056493,-0.009017,0.000002362,0.000023289,-0.000043315,-0.016660,0.052829,-0.005689,0.998448
10.100000,0.095594,0.069546,10.102278,-0.011662,0.054266,-0.008065,0.000002327,0.000023472,-0.000043451,-0.016720,0.053106,-0.005737,0.998432
10.110000,0.061810,0.046977,10.118285,-0.011686,0.054973,-0.008024,0.000002575,0.000023371,-0.000043301,-0.016779,0.053379,-0.005784,0.998417
10.120000,0.069943,0.043606,10.111250,-0.011705,0.052932,-0.007772,0.000002317,0.000023445,-0.000043463,-0.016838,0.053649,-0.005831,0.998401
10.130000,0.086221,0.074900,10.111532,-0.010611,0.053532,-0.008375,0.000002759,0.000023555,-0.000043729,-0.016895,0.053913,-0.005877,0.998385
10.140000,0.135145,0.046474,10.091245,-0.010218,0.052568,-0.008067,0.000002458,0.000023455,-0.000043417,-0.016950,0.054172,-0.005922,0.998370
10.150000,0.179220,0.047398,10.144142,-0.010085,0.050443,-0.008199,0.000002334,0.000023401,-0.000043387,-0.017003,0.054423,-0.005967,0.998355
10.160000,0.158196,0.072457,10.132224,-0.009380,0.048114,-0.007893,0.000002703,0.000023649,-0.000043360,-0.017054,0.054666,-0.006011,0.998341
10.170000,0.103537,0.047768,10.102520,-0.008244,0.047574,-0.007933,0.000002635,0.000023526,-0.000043279,-0.017104,0.054903,-0.006054,0.998327
10.180000,0.135533,0.056179,10.093644,-0.008187,0.046797,-0.006490,0.000002413,0.000023494,-0.000043366,-0.017152,0.055134,-0.006096,0.998313
10.190000,0.188004,0.064582,10.113217,-0.008888,0.045101,-0.006295,0.000002580,0.000023516,-0.000043448,-0.017198,0.055357,-0.006137,0.998300
10.200000,0.166857,0.052405,10.086097,-0.008379,0.043546,-0.007485,0.000002829,0.000023384,-0.000043773,-0.017242,0.055571,-0.006177,0.998287
10.210000,0.159234,0.032745,10.130241,-0.009043,0.040444,-0.006137,0.000002300,0.000023776,-0.000043449,-0.017283,0.055778,-0.006216,0.998274
10.220000,0.125760,0.017030,10.108401,-0.007691,0.039567,-0.006419,0.000002690,0.000023493,-0.000043394,-0.017323,0.055977,-0.006254,0.998262
10.230000,0.114564,0.069479,10.113221,-0.006774,0.039726,-0.006690,0.000002627,0.000023585,-0.000043445,-0.017361,0.056170,-0.006292,0.998250
10.240000,0.118889,0.045497,10.119676,-0.006904,0.037282,-0.006950,0.000002496,0.000023420,-0.000043244,-0.017396,0.056355,-0.006329,0.998239
10.250000,0.184785,0.045550,10.149313,-0.007059,0.036005,-0.006478,0.000002740,0.000023833,-0.000043626,-0.017429,0.056531,-0.006365,0.998228
10.260000,0.161680,0.073845,10.134056,-0.005541,0.034441,-0.006485,0.000002714,0.000023789,-0.000043574,-0.017459,0.056700,-0.006400,0.998218
10.270000,0.080608,0.027184,10.111197,-0.004484,0.032590,-0.005785,0.000002585,0.000023587,-0.000043367,-0.017488,0.056863,-0.006435,0.998208
10.280000,0.073523,0.031115,10.114152,-0.003862,0.031062,-0.006749,0.000002770,0.000023725,-0.000043431,-0.017515,0.057022,-0.006470,0.998198
10.290000,0.192359,0.061314,10.154695,-0.004681,0.029223,-0.005866,0.000002620,0.000023721,-0.000043487,-0.017540,0.057173,-0.006503,0.998189
10.300000,0.164304,0.102487,10.166393,-0.005013,0.027402,-0.004677,0.000002509,0.000023689,-0.000043496,-0.017562,0.057315,-0.006536,0.998180
10.310000,0.099933,0.039957,10.109690,-0.003677,0.027919,-0.005703,0.000002652,0.000023502,-0.000043464,-0.017583,0.057452,-0.006568,0.998172
10.320000,0.076079,0.020967,10.114157,-0.003480,0.026890,-0.006191,0.000002692,0.000023443,-0.000043403,-0.017603,0.057584,-0.006600,0.998164
10.330000,0.202389,0.071173,10.152048,-0.002920,0.024722,-0.006578,0.000002707,0.000023606,-0.000043397,-0.017620,0.057707,-0.006630,0.998156
10.340000,0.226530,0.097314,10.130304,-0.001642,0.022534,-0.004182,0.000002769,0.000023378,-0.000043484,-0.017634,0.057821,-0.006660,0.998149
10.350000,0.055854,-0.024844,10.128670,-0.001961,0.023158,-0.004581,0.000002758,0.000023618,-0.000043336,-0.017647,0.057930,-0.006689,0.998142
10.360000,0.048625,-0.006630,10.108863,-0.002553,0.022236,-0.005249,0.000002652,0.000023394,-0.000043504,-0.017660,0.058035,-0.006717,0.998136
10.370000,0.213806,0.105493,10.141101,-0.001039,0.019614,-0.004739,0.000002952,0.000023551,-0.000043283,-0.017671,0.058132,-0.006745,0.998130
10.380000,0.197983,0.054895,10.146439,-0.001445,0.017688,-0.004482,0.000002836,0.000023381,-0.000043512,-0.017678,0.058218,-0.006771,0.998124
10.390000,0.112796,0.050394,10.166083,-0.000672,0.016629,-0.004289,0.000002704,0.000023204,-0.000043598,-0.017683,0.058299,-0.006797,0.998119
10.400000,0.116151,0.049500,10.138782,0.000927,0.015128,-0.004114,0.000002964,0.000023542,-0.000043502,-0.017686,0.058372,-0.006822,0.998115
10.410000,0.199223,0.094336,10.155619,-0.000468,0.013436,-0.003814,0.000002806,0.000023748,-0.000043352,-0.017687,0.058437,-0.006846,0.998111
10.420000,0.177061,0.074298,10.158769,0.001271,0.010682,-0.005368,0.000002791,0.000023824,-0.000043571,-0.017685,0.058492,-0.006869,0.998108
10.430000,0.110135,0.040145,10.134795,0.002118,0.009279,-0.003621,0.000002896,0.000023596,-0.000043418,-0.017682,0.058540,-0.006891,0.998105
10.440000,0.148119,0.056084,10.105452,0.001835,0.009742,-0.003787,0.000002572,0.000023352,-0.000043377,-0.017677,0.058582,-0.006912,0.998102
10.450000,0.165316,0.047290,10.142675,0.002376,0.007595,-0.002100,0.000003058,0.000023532,-0.000043483,-0.017670,0.058615,-0.006932,0.998100
10.460000,0.160784,0.052531,10.152731,0.002671,0.006374,-0.002382,0.000002894,0.000023645,-0.000043310,-0.017661,0.058639,-0.006951,0.998099
10.470000,0.115559,0.041646,10.116786,0.001873,0.003542,-0.003081,0.000002659,0.000023614,-0.000043471,-0.017651,0.058658,-0.006969,0.998098
10.480000,0.104093,0.031232,10.107761,0.001882,0.003420,-0.004204,0.000002963,0.000023625,-0.000043586,-0.017640,0.058670,-0.006986,0.998097
10.490000,0.150088,0.060054,10.138441,0.002124,0.001150,-0.004352,0.000002932,0.000023608,-0.000043342,-0.017626,0.058675,-0.007003,0.998097
10.500000,0.178034,0.047877,10.155854,0.003164,-0.001491,-0.003087,0.000002763,0.000023604,-0.000043262,-0.017611,0.058672,-0.007018,0.998097
10.510000,0.101479,0.062384,10.112287,0.003125,-0.002013,-0.002033,0.000002696,0.000023239,-0.000043141,-0.017594,0.058662,-0.007032,0.998098
10.520000,0.123217,0.048322,10.102417,0.004444,-0.003509,-0.003000,0.000002637,0.000023449,-0.000043270,-0.017575,0.058645,-0.007046,0.998099
10.530000,0.172973,0.071978,10.158340,0.004218,-0.004406,-0.000969,0.000003001,0.000023697,-0.000043466,-0.017554,0.058620,-0.007058,0.998101
10.540000,0.178388,0.075907,10.137799,0.005965,-0.006858,-0.002662,0.000002859,0.000023718,-0.000043247,-0.017531,0.058586,-0.007070,0.998103
10.550000,0.107296,0.016039,10.122452,0.005327,-0.007603,-0.001890,0.000002737,0.000023508,-0.000043600,-0.017506,0.058546,-0.007080,0.998106
10.560000,0.116530,0.029987,10.137033,0.005298,-0.009032,-0.001919,0.000002997,0.000023650,-0.000043544,-0.017480,0.058500,-0.007090,0.998109
10.570000,0.171686,0.046780,10.158432,0.007112,-0.010115,-0.002351,0.000002609,0.000023496,-0.000043434,-0.017452,0.058444,-0.007098,0.998113
10.580000,0.193251,0.050380,10.152927,0.006747,-0.012111,-0.000983,0.000002911,0.000023487,-0.000043258,-0.017422,0.058381,-0.007105,0.998117
10.590000,0.085247,0.018363,10.125818,0.005648,-0.012650,-0.000573,0.000002976,0.000023521,-0.000043288,-0.017391,0.058312,-0.007112,0.998122
10.600000,0.096333,0.011021,10.108606,0.007682,-0.014312,-0.000882,0.000002860,0.000023408,-0.000043519,-0.017360,0.058238,-0.007117,0.998126
10.610000,0.164557,0.075535,10.150482,0.007065,-0.016192,-0.000669,0.000002623,0.000023517,-0.000043542,-0.017327,0.058156,-0.007121,0.998132
10.620000,0.150371,0.061679,10.187660,0.007570,-0.016365,-0.001032,0.000002795,0.000023584,-0.000043504,-0.017292,0.058067,-0.007125,0.998138
10.630000,0.132818,0.052186,10.082508,0.008360,-0.018440,0.000312,0.000002976,0.000023572,-0.000043424,-0.017254,0.057971,-0.007128,0.998144
10.640000,0.113829,0.089996,10.103597,0.008566,-0.020633,0.000369,0.000002870,0.000023569,-0.000043576,-0.017214,0.057868,-0.007130,0.998150
10.650000,0.170340,0.083188,10.126595,0.008435,-0.021014,0.000066,0.000002733,0.000023773,-0.000043432,-0.017173,0.057758,-0.007132,0.998157
10.660000,0.163851,0.057731,10.121448,0.009932,-0.024612,0.000040,0.000002811,0.000023187,-0.000043615,-0.017128,0.057639,-0.007132,0.998165
10.670000,0.092941,0.014099,10.113333,0.008562,-0.027049,0.001144,0.000002689,0.000023415,-0.000043385,-0.017083,0.057514,-0.007132,0.998173
10.680000,0.097435,0.027833,10.094538,0.010013,-0.026684,-0.000406,0.000002772,0.000023563,-0.000043579,-0.017036,0.057383,-0.007131,0.998181
10.690000,0.174919,0.076676,10.162577,0.010897,-0.027930,0.000926,0.000002763,0.000023410,-0.000043488,-0.016987,0.057243,-0.007128,0.998190
10.700000,0.200501,0.056472,10.173004,0.010952,-0.029815,0.000426,0.000002780,0.000023509,-0.000043745,-0.016935,0.057096,-0.007126,0.998200
10.710000,0.139732,0.050854,10.111273,0.011479,-0.030803,0.001391,0.000002600,0.000023597,-0.000043409,-0.016882,0.056941,-0.007122,0.998209
10.720000,0.111383,0.030344,10.107381,0.011439,-0.032856,0.001559,0.000002496,0.000023621,-0.000043191,-0.016827,0.056781,-0.007117,0.998219
10.730000,0.193158,0.087351,10.161045,0.012560,-0.034106,0.001661,0.000002622,0.000023467,-0.000043579,-0.016769,0.056612,-0.007112,0.998230
10.740000,0.178481,0.081470,10.180048,0.010958,-0.035054,0.001000,0.000002718,0.000023484,-0.000043529,-0.016709,0.056434,-0.007106,0.998241
10.750000,0.116085,0.019828,10.151555,0.012451,-0.036463,0.001462,0.000002512,0.000023486,-0.000043643,-0.016647,0.056249,-0.007099,0.998253
10.760000,0.124564,0.024564,10.140313,0.013528,-0.038558,0.001847,0.000002627,0.000023435,-0.000043818,-0.016583,0.056058,-0.007091,0.998265
10.770000,0.147891,0.062527,10.169191,0.013741,-0.039773,0.002268,0.000002470,0.000023261,-0.000043399,-0.016518,0.055860,-0.007082,0.998277
10.780000,0.167420,0.048372,10.161987,0.013869,-0.041783,0.002120,0.000002604,0.000023416,-0.000043350,-0.016451,0.055653,-0.007072,0.998290
10.790000,0.096311,0.020849,10.094178,0.013629,-0.043157,0.002022,0.000002671,0.000023296,-0.000043319,-0.016382,0.055440,-0.007062,0.998303
10.800000,0.105287,0.018493,10.086746,0.015448,-0.042335,0.001642,0.000002477,0.000023546,-0.000043574,-0.016313,0.055223,-0.007050,0.998316
10.810000,0.138065,0.052701,10.188284,0.014342,-0.045753,0.003241,0.000002334,0.000023586,-0.000043753,-0.016242,0.054997,-0.007037,0.998330
10.820000,0.162573,0.064629,10.191903,0.014875,-0.045709,0.003334,0.000002542,0.000023660,-0.000043581,-0.016169,0.054764,-0.007023,0.998344
10.830000,0.125958,0.032490,10.111281,0.015817,-0.048615,0.003524,0.000002632,0.000023304,-0.000043665,-0.016094,0.054525,-0.007009,0.998358
10.840000,0.111597,0.040238,10.123771,0.016459,-0.049986,0.004131,0.000002336,0.000023356,-0.000043645,-0.016019,0.054280,-0.006994,0.998373
10.850000,0.158124,0.087151,10.157280,0.015594,-0.050479,0.002608,0.000002460,0.000023400,-0.000043327,-0.015941,0.054028,-0.006978,0.998388
10.860000,0.126529,0.032988,10.143287,0.016885,-0.052737,0.002866,0.000002331,0.000023468,-0.000043817,-0.015862,0.053768,-0.006960,0.998403
10.870000,0.073240,0.038428,10.101406,0.015954,-0.052445,0.003913,0.000002403,0.000023057,-0.000043449,-0.015782,0.053503,-0.006942,0.998419
10.880000,0.113883,0.035169,10.086378,0.016570,-0.053688,0.004140,0.000002306,0.000023365,-0.000043519,-0.015701,0.053233,-0.006923,0.998435
10.890000,0.180430,0.046065,10.128299,0.018227,-0.054075,0.004115,0.000002253,0.000023207,-0.000043690,-0.015619,0.052955,-0.006902,0.998451
10.900000,0.194818,0.061361,10.144544,0.016119,-0.056634,0.004379,0.000002189,0.000023056,-0.000043683,-0.015535,0.052668,-0.006881,0.998468
10.910000,0.100921,0.034598,10.111641,0.018874,-0.059180,0.004585,0.000001912,0.000023202,-0.000043517,-0.015449,0.052375,-0.006858,0.998484
10.920000,0.095316,0.023711,10.101199,0.018328,-0.060455,0.003500,0.000002334,0.000023385,-0.000043514,-0.015363,0.052076,-0.006835,0.998502
10.930000,0.180137,0.025383,10.175664,0.019029,-0.060225,0.005354,0.000002131,0.000023226,-0.000043610,-0.015275,0.051769,-0.006810,0.998519
10.940000,0.150948,0.068682,10.183064,0.019318,-0.063385,0.005531,0.000002265,0.000023423,-0.000043785,-0.015186,0.051454,-0.006783,0.998537
10.950000,0.093175,0.035005,10.090168,0.018899,-0.063608,0.004502,0.000002255,0.000023155,-0.000043571,-0.015096,0.051134,-0.006756,0.998555
10.960000,0.076081,0.028462,10.108364,0.017899,-0.066054,0.006235,0.000002363,0.000023402,-0.000043551,-0.015004,0.050807,-0.006728,0.998573
10.970000,0.160916,0.064497,10.181976,0.019207,-0.066245,0.004992,0.000002352,0.000023193,-0.000043568,-0.014911,0.050473,-0.006699,0.998592
10.980000,0.187538,0.046916,10.171083,0.019488,-0.068276,0.006356,0.000002256,0.000023243,-0.000043593,-0.014817,0.050132,-0.006669,0.998610
10.990000,0.093241,0.026874,10.107839,0.020236,-0.069593,0.005663,0.000001889,0.000023217,-0.000043475,-0.014721,0.049785,-0.006638,0.998629
11.000000,0.075651,0.038073,10.110115,0.019223,-0.070894,0.004823,0.000002032,0.000023468,-0.000043716,-0.014625,0.049433,-0.006606,0.998649
11.010000,0.135961,0.055823,10.162697,0.019533,-0.070567,0.006146,0.000001917,0.000023282,-0.000043430,-0.014527,0.049075,-0.006573,0.998668
11.020000,0.151055,0.046730,10.165219,0.020011,-0.073664,0.007342,0.000001944,0.000023161,-0.000043696,-0.014428,0.048709,-0.006539,0.998687
11.030000,0.111941,0.022953,10.113279,0.020757,-0.073591,0.006607,0.000001946,0.000023162,-0.000043554,-0.014328,0.048339,-0.006504,0.998707
11.040000,0.058001,0.012106,10.135549,0.021028,-0.074920,0.006826,0.000001879,0.000023085,-0.000043866,-0.014227,0.047965,-0.006468,0.998727
11.050000,0.112095,0.063960,10.164988,0.022101,-0.077083,0.007133,0.000001987,0.000023435,-0.000043544,-0.014125,0.047584,-0.006432,0.998747
11.060000,0.123698,0.030853,10.159578,0.021492,-0.076703,0.006514,0.000001827,0.000023167,-0.000043837,-0.014021,0.047197,-0.006395,0.998767
11.070000,0.049696,0.023607,10.104844,0.021441,-0.077194,0.007045,0.000001937,0.000023174,-0.000043887,-0.013916,0.046806,-0.006357,0.998787
11.080000,0.051481,0.043717,10.126338,0.023603,-0.078446,0.007189,0.000002004,0.000023171,-0.000043741,-0.013810,0.046412,-0.006319,0.998807
11.090000,0.158914,0.067480,10.176426,0.021600,-0.080765,0.007905,0.000001926,0.000023442,-0.000043823,-0.013703,0.046011,-0.006280,0.998827
11.100000,0.150840,0.064815,10.108689,0.021681,-0.082359,0.007335,0.000001748,0.000023238,-0.000043578,-0.013594,0.045603,-0.006241,0.998848
11.110000,0.118837,0.038761,10.133601,0.022988,-0.081697,0.007344,0.000001610,0.000023243,-0.000043576,-0.013483,0.045190,-0.006200,0.998868
11.120000,0.099455,0.038867,10.132472,0.022662,-0.083918,0.007444,0.000001768,0.000023223,-0.000043483,-0.013372,0.044772,-0.006159,0.998889
11.130000,0.171190,0.065136,10.133962,0.022111,-0.084831,0.007821,0.000001623,0.000023216,-0.000043597,-0.013259,0.044347,-0.006117,0.998909
11.140000,0.169376,0.081237,10.138083,0.024599,-0.087213,0.008984,0.000001442,0.000023137,-0.000043669,-0.013144,0.043913,-0.006074,0.998930
11.150000,0.101531,0.030378,10.124370,0.023671,-0.088754,0.007851,0.000001528,0.000023439,-0.000043733,-0.013027,0.043474,-0.006030,0.998951
11.160000,0.100466,0.031162,10.108931,0.024066,-0.087732,0.007535,0.000001489,0.000022956,-0.000043708,-0.012910,0.043029,-0.005985,0.998972
11.170000,0.144647,0.085567,10.142809,0.024334,-0.089303,0.009264,0.000001339,0.000023312,-0.000043800,-0.012791,0.042577,-0.005939,0.998994
11.180000,0.157900,0.068395,10.175682,0.024311,-0.092485,0.009430,0.000001331,0.000023048,-0.000043891,-0.012669,0.042118,-0.005893,0.999015
11.190000,0.070589,0.044791,10.107564,0.024652,-0.093666,0.009204,0.000001508,0.000023039,-0.000043659,-0.012546,0.041655,-0.005846,0.999036
11.200000,0.065909,0.044226,10.136040,0.024703,-0.093549,0.010074,0.000001456,0.000023190,-0.000043677,-0.012422,0.041189,-0.005799,0.999057
11.210000,0.146677,0.074185,10.148434,0.024528,-0.095618,0.009912,0.000001263,0.000023072,-0.000043886,-0.012296,0.040716,-0.005751,0.999079
11.220000,0.142331,0.055815,10.158527,0.025851,-0.095960,0.008712,0.000001202,0.000023099,-0.000043775,-0.012168,0.040237,-0.005703,0.999100
11.230000,0.043763,0.028602,10.124275,0.026329,-0.098166,0.009591,0.000001312,0.000023033,-0.000043940,-0.012040,0.039754,-0.005654,0.999121
11.240000,0.065062,0.045630,10.118742,0.025289,-0.096859,0.009122,0.000001287,0.000023238,-0.000043806,-0.011910,0.039268,-0.005605,0.999142
11.250000,0.122279,0.041396,10.170509,0.026817,-0.098791,0.009064,0.000001334,0.000023354,-0.000043671,-0.011779,0.038777,-0.005555,0.999163
11.260000,0.109177,0.084566,10.168182,0.026644,-0.100966,0.009550,0.000000958,0.000022905,-0.000043482,-0.011647,0.038280,-0.005504,0.999184
11.270000,0.031251,0.019609,10.091336,0.026862,-0.100441,0.010246,0.000001126,0.000023003,-0.000043757,-0.011514,0.037780,-0.005453,0.999205
11.280000,0.046618,0.026208,10.111867,0.028096,-0.099948,0.010389,0.000000851,0.000023213,-0.000043828,-0.011382,0.037277,-0.005401,0.999226
11.290000,0.116559,0.056081,10.147784,0.027058,-0.101527,0.009041,0.000001098,0.000023029,-0.000043834,-0.011248,0.036769,-0.005349,0.999246
11.300000,0.121956,0.041608,10.162173,0.027975,-0.102626,0.009363,0.000000884,0.000022829,-0.000043765,-0.011112,0.036256,-0.005295,0.999267
11.310000,0.072944,0.040689,10.106686,0.027523,-0.104198,0.010585,0.000000872,0.000022990,-0.000043778,-0.010976,0.035739,-0.005242,0.999287
11.320000,0.066945,0.001247,10.109846,0.027516,-0.103875,0.010298,0.000000824,0.000022990,-0.000043889,-0.010840,0.035220,-0.005187,0.999307
11.330000,0.017464,0.006221,10.159618,0.027032,-0.104352,0.010738,0.000000810,0.000022785,-0.000044209,-0.010703,0.034699,-0.005133,0.999327
11.340000,0.029898,0.011096,10.121252,0.028463,-0.103694,0.009699,0.000000765,0.000022737,-0.000043916,-0.010567,0.034177,-0.005078,0.999347
11.350000,0.011257,0.014242,10.113990,0.026874,-0.104430,0.011307,0.000000715,0.000023047,-0.000044027,-0.010430,0.033653,-0.005023,0.999367
11.360000,0.042933,0.026347,10.103128,0.027313,-0.105484,0.010842,0.000000645,0.000022871,-0.000043881,-0.010294,0.033129,-0.004967,0.999386
11.370000,0.157808,0.038317,10.128924,0.027675,-0.105756,0.011299,0.000000708,0.000022977,-0.000043962,-0.010156,0.032598,-0.004910,0.999405
11.380000,0.147171,0.051203,10.118129,0.027966,-0.107039,0.009823,0.000000561,0.000022990,-0.000043999,-0.010017,0.032062,-0.004853,0.999424
11.390000,0.057120,0.024257,10.101083,0.027619,-0.108104,0.009522,0.000000691,0.000022943,-0.000043926,-0.009878,0.031524,-0.004795,0.999443
11.400000,0.066138,0.027576,10.090319,0.028366,-0.108364,0.011521,0.000000576,0.000022737,-0.000043984,-0.009739,0.030982,-0.004737,0.999461
11.410000,0.096435,0.073504,10.148590,0.029794,-0.108715,0.010909,0.000000353,0.000022618,-0.000044022,-0.009598,0.030436,-0.004678,0.999480
11.420000,0.119683,0.050196,10.176669,0.029273,-0.109308,0.011372,0.000000284,0.000022916,-0.000043931,-0.009456,0.029885,-0.004618,0.999498
11.430000,0.049397,0.036390,10.121963,0.027889,-0.110592,0.011123,0.000000299,0.000022676,-0.000043804,-0.009313,0.029331,-0.004558,0.999516
11.440000,0.053711,0.024152,10.098938,0.029924,-0.110831,0.012096,0.000000262,0.000022781,-0.000043950,-0.009171,0.028776,-0.004498,0.999534
11.450000,0.023936,0.004731,10.130352,0.028647,-0.111640,0.011370,0.000000385,0.000022790,-0.000043832,-0.009028,0.028219,-0.004437,0.999551
11.460000,0.011209,0.009579,10.135290,0.029540,-0.111822,0.011339,0.000000069,0.000023106,-0.000044049,-0.008885,0.027663,-0.004376,0.999568
11.470000,-0.018702,0.028716,10.062809,0.028925,-0.110541,0.011841,0.000000353,0.000023076,-0.000044060,-0.008744,0.027106,-0.004315,0.999585
11.480000,-0.023827,0.016800,10.067725,0.027890,-0.111913,0.012443,-0.000000012,0.000022683,-0.000044024,-0.008602,0.026551,-0.004254,0.999601
11.490000,0.057374,0.022029,10.120471,0.028770,-0.111212,0.011874,0.000000225,0.000022923,-0.000044107,-0.008460,0.025993,-0.004193,0.999618
11.500000,0.098977,0.063693,10.093586,0.028818,-0.111824,0.011200,0.000000196,0.000022803,-0.000043954,-0.008318,0.025432,-0.004131,0.999633
11.510000,-0.028395,0.012471,10.073572,0.030047,-0.112747,0.011322,-0.000000008,0.000022831,-0.000044219,-0.008175,0.024871,-0.004069,0.999649
11.520000,-0.026507,0.004505,10.084680,0.029436,-0.111988,0.011538,-0.000000016,0.000022872,-0.000044059,-0.008034,0.024312,-0.004007,0.999664
11.530000,-0.084621,0.000190,10.077859,0.028411,-0.111826,0.012062,-0.000000160,0.000022817,-0.000043972,-0.007894,0.023756,-0.003945,0.999679
11.540000,-0.051256,0.015866,10.070541,0.029366,-0.109580,0.010959,-0.000000054,0.000022794,-0.000043927,-0.007755,0.023203,-0.003883,0.999693
11.550000,-0.016918,-0.002773,10.037389,0.028549,-0.109575,0.011944,0.000000114,0.000022730,-0.000043739,-0.007617,0.022653,-0.003821,0.999707
11.560000,-0.028311,-0.003212,10.055799,0.027221,-0.110396,0.011876,-0.000000116,0.000022649,-0.000044063,-0.007480,0.022104,-0.003759,0.999721
11.570000,0.128055,0.057031,10.078166,0.028790,-0.109699,0.012022,-0.000000324,0.000022575,-0.000044140,-0.007342,0.021551,-0.003697,0.999734
11.580000,0.147398,0.073766,10.096526,0.028395,-0.111634,0.011639,-0.000000166,0.000022712,-0.000044059,-0.007203,0.020993,-0.003634,0.999747
11.590000,0.079105,0.032060,10.079369,0.028803,-0.112532,0.011216,-0.000000249,0.000022434,-0.000044005,-0.007063,0.020434,-0.003571,0.999760
11.600000,0.038746,0.040828,10.084894,0.028232,-0.113208,0.011563,-0.000000313,0.000022671,-0.000043853,-0.006923,0.019872,-0.003507,0.999772
11.610000,0.096788,0.054554,10.132864,0.029553,-0.113639,0.010810,-0.000000305,0.000022529,-0.000043564,-0.006782,0.019306,-0.003443,0.999785
11.620000,0.126261,0.041559,10.137885,0.029958,-0.113695,0.011449,-0.000000694,0.000022535,-0.000043871,-0.006640,0.018735,-0.003378,0.999797
11.630000,-0.030611,-0.002678,10.116774,0.027788,-0.113699,0.011901,-0.000000651,0.000022778,-0.000044460,-0.006499,0.018165,-0.003313,0.999808
11.640000,-0.028797,-0.004914,10.100123,0.028335,-0.114516,0.012000,-0.000000637,0.000022617,-0.000044176,-0.006359,0.017595,-0.003247,0.999820
11.650000,-0.035761,-0.001268,10.080037,0.029234,-0.113360,0.012810,-0.000000525,0.000022815,-0.000044214,-0.006220,0.017028,-0.003181,0.999831
11.660000,-0.062143,-0.020386,10.071156,0.027656,-0.112594,0.012779,-0.000000578,0.000022975,-0.000044019,-0.006083,0.016465,-0.003116,0.999841
11.670000,-0.008619,0.018465,10.093507,0.026881,-0.112478,0.012977,-0.000000503,0.000022706,-0.000044106,-0.005946,0.015903,-0.003050,0.999851
11.680000,-0.011145,0.034067,10.082602,0.027372,-0.111143,0.012457,-0.000000728,0.000022390,-0.000044229,-0.005810,0.015340,-0.002984,0.999861
11.690000,0.065485,0.049215,10.110999,0.028263,-0.112021,0.012468,-0.000000659,0.000022662,-0.000044147,-0.005673,0.014776,-0.002918,0.999870
11.700000,0.070289,0.039654,10.114213,0.027330,-0.113540,0.012306,-0.000000903,0.000022409,-0.000044060,-0.005535,0.014210,-0.002852,0.999880
11.710000,-0.084860,-0.013227,10.086334,0.027304,-0.112352,0.012936,-0.000000914,0.000022696,-0.000044131,-0.005399,0.013649,-0.002787,0.999888
11.720000,-0.112745,-0.036882,10.084092,0.026877,-0.111270,0.012904,-0.000001071,0.000022447,-0.000043972,-0.005265,0.013092,-0.002721,0.999897
11.730000,-0.069496,-0.000486,10.077600,0.026446,-0.110098,0.012567,-0.000000888,0.000022543,-0.000044190,-0.005132,0.012541,-0.002656,0.999905
11.740000,-0.072622,-0.003776,10.046759,0.025929,-0.109419,0.011422,-0.000001185,0.000022715,-0.000044084,-0.005001,0.011994,-0.002591,0.999912
11.750000,0.068301,0.061385,10.028492,0.026207,-0.110372,0.012556,-0.000001351,0.000022294,-0.000044090,-0.004870,0.011446,-0.002526,0.999919
11.760000,0.042331,0.013101,10.028443,0.026291,-0.110136,0.012435,-0.000001079,0.000022297,-0.000043916,-0.004739,0.010897,-0.002461,0.999926
11.770000,0.019813,-0.002371,10.053087,0.027375,-0.109164,0.012306,-0.000001081,0.000022623,-0.000044322,-0.004609,0.010350,-0.002396,0.999933
11.780000,-0.004940,0.016992,10.050730,0.026240,-0.108189,0.013411,-0.000001333,0.000022366,-0.000044198,-0.004480,0.009804,-0.002330,0.999939
11.790000,-0.074485,-0.020082,9.998185,0.025102,-0.108723,0.013337,-0.000001294,0.000022255,-0.000044074,-0.004353,0.009262,-0.002264,0.999945
11.800000,-0.069601,-0.036582,10.043377,0.025563,-0.108614,0.012793,-0.000001301,0.000022315,-0.000044132,-0.004228,0.008723,-0.002199,0.999951
11.810000,-0.168066,-0.053386,10.012721,0.024994,-0.106944,0.011586,-0.000001301,0.000022566,-0.000044212,-0.004105,0.008191,-0.002133,0.999956
11.820000,-0.152935,-0.034271,10.028360,0.024271,-0.104966,0.013116,-0.000001224,0.000022377,-0.000044193,-0.003986,0.007667,-0.002068,0.999961
11.830000,-0.185372,-0.057727,10.038468,0.023001,-0.103663,0.012137,-0.000001464,0.000022532,-0.000044117,-0.003870,0.007152,-0.002004,0.999965
11.840000,-0.187891,-0.055506,10.013034,0.023403,-0.102214,0.011530,-0.000001580,0.000022229,-0.000044150,-0.003758,0.006647,-0.001940,0.999969
11.850000,0.057894,0.034422,10.104773,0.022796,-0.099811,0.012120,-0.000001610,0.000022043,-0.000044155,-0.003645,0.006143,-0.001877,0.999973
11.860000,0.033524,0.041239,10.116402,0.023760,-0.100478,0.013258,-0.000001842,0.000022339,-0.000044046,-0.003533,0.005640,-0.001813,0.999976
11.870000,0.103216,0.061388,10.108003,0.022449,-0.101758,0.012300,-0.000001579,0.000022175,-0.000044035,-0.003419,0.005135,-0.001750,0.999979
11.880000,0.108553,0.071469,10.087386,0.023644,-0.102239,0.011299,-0.000001681,0.000022211,-0.000044156,-0.003305,0.004627,-0.001686,0.999982
11.890000,-0.069176,-0.021636,10.071335,0.023208,-0.100448,0.012690,-0.000001540,0.000022590,-0.000044325,-0.003192,0.004123,-0.001623,0.999985
11.900000,-0.095106,-0.015399,10.047030,0.022719,-0.099977,0.012659,-0.000001866,0.000022251,-0.000044089,-0.003081,0.003624,-0.001560,0.999987
11.910000,0.061981,0.028942,10.138849,0.022243,-0.099807,0.011524,-0.000001913,0.000022512,-0.000044413,-0.002969,0.003124,-0.001497,0.999990
11.920000,0.071302,0.027843,10.128441,0.023039,-0.099094,0.012219,-0.000001699,0.000022283,-0.000044186,-0.002856,0.002624,-0.001435,0.999991
11.930000,-0.037623,0.035505,10.082693,0.023760,-0.098775,0.011598,-0.000002016,0.000022004,-0.000044265,-0.002744,0.002126,-0.001372,0.999993
11.940000,-0.028905,0.006364,10.063167,0.022410,-0.099072,0.011919,-0.000001880,0.000022209,-0.000044292,-0.002633,0.001630,-0.001310,0.999994
11.950000,-0.030192,0.019111,10.070564,0.022147,-0.099419,0.011285,-0.000002044,0.000022189,-0.000044145,-0.002523,0.001137,-0.001248,0.999995
11.960000,-0.024273,-0.016350,10.070460,0.021794,-0.098426,0.011664,-0.000002252,0.000022160,-0.000044270,-0.002413,0.000645,-0.001186,0.999996
11.970000,0.129432,0.065031,10.143818,0.022777,-0.098454,0.011864,-0.000001836,0.000022311,-0.000044047,-0.002302,0.000150,-0.001124,0.999997
11.980000,0.140198,0.054331,10.135763,0.023174,-0.100151,0.011526,-0.000002062,0.000022249,-0.000044147,-0.002191,-0.000348,-0.001061,0.999997
11.990000,-0.029724,0.004574,10.103643,0.021220,-0.099172,0.012822,-0.000002240,0.000022106,-0.000044165,-0.002079,-0.000845,-0.000999,0.999997
12.000000,-0.009111,0.000636,10.102867,0.021183,-0.098496,0.012471,-0.000002378,0.000022036,-0.000044022,-0.001969,-0.001339,-0.000936,0.999997
12.010000,0.038624,0.020607,10.106106,0.021218,-0.099077,0.010846,-0.000002135,0.000021985,-0.000044261,-0.001859,-0.001834,-0.000874,0.999996
12.020000,0.016080,0.014609,10.099281,0.022540,-0.098563,0.011765,-0.000001950,0.000022310,-0.000044223,-0.001749,-0.002329,-0.000811,0.999995
12.030000,0.058860,0.030151,10.103509,0.022444,-0.099254,0.012170,-0.000002428,0.000022177,-0.000044076,-0.001639,-0.002825,-0.000748,0.999994
12.040000,0.056092,0.043365,10.105281,0.023252,-0.099759,0.011996,-0.000002271,0.000022191,-0.000044278,-0.001528,-0.003322,-0.000685,0.999993
12.050000,-0.023186,-0.004741,10.101349,0.021918,-0.099742,0.012357,-0.000002118,0.000022051,-0.000044126,-0.001418,-0.003816,-0.000623,0.999992
12.060000,-0.042688,-0.041104,10.085276,0.022648,-0.099289,0.010995,-0.000002650,0.000022260,-0.000044284,-0.001309,-0.004307,-0.000560,0.999990
12.070000,-0.099571,-0.024253,10.058500,0.020661,-0.097375,0.012245,-0.000002536,0.000021998,-0.000044587,-0.001202,-0.004793,-0.000498,0.999988
12.080000,-0.092193,-0.009204,10.083775,0.021086,-0.095831,0.011518,-0.000002660,0.000022016,-0.000044338,-0.001098,-0.005272,-0.000436,0.999985
12.090000,-0.060082,-0.013548,10.036110,0.020036,-0.095014,0.011821,-0.000002561,0.000022066,-0.000044337,-0.000996,-0.005746,-0.000375,0.999983
12.100000,-0.071205,-0.031909,10.047418,0.021591,-0.094535,0.011698,-0.000002441,0.000022195,-0.000044048,-0.000896,-0.006217,-0.000313,0.999980
12.110000,-0.208449,-0.072129,10.043916,0.020222,-0.091553,0.011781,-0.000002655,0.000022172,-0.000044022,-0.000799,-0.006676,-0.000252,0.999977
12.120000,-0.220628,-0.050523,10.045927,0.018460,-0.090979,0.011210,-0.000002839,0.000022143,-0.000044724,-0.000706,-0.007125,-0.000192,0.999974
12.130000,-0.147606,-0.061479,10.027816,0.018784,-0.087043,0.011478,-0.000002704,0.000022304,-0.000044008,-0.000617,-0.007565,-0.000133,0.999971
12.140000,-0.158001,-0.049779,10.041163,0.017976,-0.085575,0.011954,-0.000002744,0.000021980,-0.000044182,-0.000532,-0.007994,-0.000074,0.999968
12.150000,0.041426,0.027164,10.084263,0.017688,-0.084549,0.011160,-0.000002918,0.000022039,-0.000044371,-0.000446,-0.008422,-0.000016,0.999964
12.160000,0.063897,0.052974,10.062920,0.017512,-0.085817,0.011347,-0.000002613,0.000022136,-0.000044378,-0.000361,-0.008850,0.000043,0.999961
12.170000,-0.027949,-0.019357,10.030861,0.016029,-0.084671,0.011110,-0.000002887,0.000021983,-0.000044167,-0.000276,-0.009273,0.000101,0.999957
12.180000,-0.024683,0.018914,10.037177,0.017100,-0.083450,0.011616,-0.000002685,0.000022242,-0.000044126,-0.000193,-0.009693,0.000158,0.999953
12.190000,-0.012809,-0.007376,10.040830,0.017589,-0.083755,0.010526,-0.000003010,0.000021743,-0.000044361,-0.000111,-0.010109,0.000215,0.999949
12.200000,-0.015729,-0.006125,10.052070,0.015727,-0.082908,0.010768,-0.000002956,0.000021903,-0.000044104,-0.000031,-0.010522,0.000273,0.999945
12.210000,0.070641,0.034339,10.047793,0.016531,-0.082597,0.011417,-0.000002602,0.000021659,-0.000044233,0.000049,-0.010935,0.000330,0.999940
12.220000,0.079600,0.030265,10.080434,0.016762,-0.083365,0.011073,-0.000002792,0.000021776,-0.000044467,0.000129,-0.011348,0.000388,0.999936
12.230000,0.024893,-0.000114,10.094776,0.015903,-0.083121,0.011502,-0.000003032,0.000021841,-0.000044127,0.000208,-0.011760,0.000446,0.999931
12.240000,0.023923,0.018801,10.081339,0.016122,-0.081864,0.011908,-0.000003022,0.000021805,-0.000044279,0.000287,-0.012171,0.000503,0.999926
12.250000,-0.068534,0.012211,10.036857,0.015600,-0.081879,0.011517,-0.000003286,0.000022136,-0.000044120,0.000363,-0.012577,0.000561,0.999921
12.260000,-0.051487,-0.000784,10.057288,0.015291,-0.081086,0.011716,-0.000003147,0.000021773,-0.000044435,0.000438,-0.012978,0.000619,0.999915
12.270000,-0.044510,-0.026798,10.080547,0.014341,-0.079139,0.010698,-0.000002956,0.000022037,-0.000044366,0.000511,-0.013376,0.000676,0.999910
12.280000,-0.038277,0.000741,10.058058,0.013828,-0.077876,0.011085,-0.000003210,0.000021636,-0.000044188,0.000582,-0.013769,0.000733,0.999905
12.290000,-0.034053,-0.006217,10.045663,0.013664,-0.077647,0.011431,-0.000003291,0.000022029,-0.000044272,0.000652,-0.014158,0.000790,0.999899
12.300000,-0.018839,-0.003465,10.038745,0.012935,-0.076038,0.011446,-0.000003338,0.000022069,-0.000044137,0.000720,-0.014543,0.000846,0.999894
12.310000,0.020319,0.032011,10.065995,0.013967,-0.076680,0.010990,-0.000002937,0.000022100,-0.000044240,0.000788,-0.014925,0.000902,0.999888
12.320000,0.041582,0.055980,10.080189,0.014065,-0.076275,0.010459,-0.000003408,0.000022136,-0.000044215,0.000856,-0.015306,0.000958,0.999882
12.330000,-0.025376,-0.017039,10.045171,0.013792,-0.074516,0.011152,-0.000003265,0.000021854,-0.000044381,0.000923,-0.015683,0.001013,0.999876
12.340000,-0.037100,0.008462,10.040933,0.012912,-0.074613,0.010798,-0.000003201,0.000021859,-0.000044196,0.000990,-0.016057,0.001067,0.999870
12.350000,-0.088665,-0.007047,10.045920,0.012833,-0.073893,0.008984,-0.000003391,0.000021875,-0.000044439,0.001056,-0.016426,0.001121,0.999864
12.360000,-0.040919,-0.008328,10.058741,0.013102,-0.073016,0.009906,-0.000003506,0.000022024,-0.000044470,0.001119,-0.016789,0.001174,0.999858
12.370000,0.026814,0.031771,10.086224,0.012889,-0.072950,0.011360,-0.000003445,0.000021933,-0.000044335,0.001182,-0.017150,0.001228,0.999851
12.380000,-0.008356,0.018544,10.076135,0.012077,-0.071261,0.010730,-0.000003635,0.000021721,-0.000044196,0.001244,-0.017510,0.001281,0.999845
12.390000,0.004996,0.014957,10.055187,0.012777,-0.071122,0.009871,-0.000003567,0.000021932,-0.000044398,0.001304,-0.017866,0.001335,0.999839
12.400000,0.015531,-0.008303,10.053738,0.011136,-0.069859,0.010623,-0.000003518,0.000021845,-0.000044310,0.001363,-0.018219,0.001388,0.999832
12.410000,-0.051266,-0.012274,10.074317,0.012112,-0.070599,0.010850,-0.000003429,0.000022015,-0.000044480,0.001420,-0.018567,0.001441,0.999826
12.420000,-0.058453,-0.054097,10.061098,0.011070,-0.068601,0.011786,-0.000003498,0.000022097,-0.000044272,0.001474,-0.018910,0.001494,0.999819
12.430000,0.049631,0.025251,10.068502,0.010891,-0.068473,0.009571,-0.000003380,0.000021697,-0.000044202,0.001528,-0.019251,0.001547,0.999812
12.440000,0.030518,0.008729,10.044761,0.011163,-0.067203,0.009982,-0.000003433,0.000021806,-0.000044125,0.001581,-0.019590,0.001600,0.999806
12.450000,0.014439,0.061475,10.057641,0.011173,-0.067292,0.010571,-0.000003800,0.000021700,-0.000044119,0.001634,-0.019927,0.001652,0.999799
12.460000,0.031076,0.022028,10.057962,0.010398,-0.065790,0.010744,-0.000003593,0.000021642,-0.000044244,0.001686,-0.020263,0.001704,0.999792
12.470000,-0.032531,-0.001068,10.027238,0.010232,-0.066486,0.009694,-0.000003740,0.000021904,-0.000044243,0.001737,-0.020594,0.001756,0.999785
12.480000,-0.019734,-0.000821,10.029367,0.010424,-0.063828,0.009425,-0.000003855,0.000021708,-0.000044405,0.001786,-0.020920,0.001808,0.999778
12.490000,-0.016037,0.017442,10.070661,0.009806,-0.064336,0.009941,-0.000003943,0.000021835,-0.000044417,0.001835,-0.021244,0.001859,0.999771
12.500000,0.001271,0.013357,10.045484,0.011084,-0.064093,0.009369,-0.000003492,0.000021727,-0.000044417,0.001883,-0.021563,0.001909,0.999764
12.510000,-0.048474,-0.028171,10.079821,0.009346,-0.063038,0.009222,-0.000003978,0.000021633,-0.000044367,0.001929,-0.021877,0.001959,0.999757
12.520000,-0.066932,-0.014912,10.043588,0.008194,-0.061414,0.010248,-0.000004101,0.000021808,-0.000044298,0.001973,-0.022186,0.002009,0.999750
12.530000,0.032101,0.027394,10.087723,0.008654,-0.060947,0.009706,-0.000003967,0.000021757,-0.000044264,0.002016,-0.022491,0.002058,0.999743
12.540000,0.021696,0.021614,10.068712,0.009031,-0.060655,0.008131,-0.000003981,0.000021885,-0.000044065,0.002059,-0.022794,0.002107,0.999736
12.550000,0.010664,0.016402,10.071809,0.007813,-0.059398,0.008841,-0.000004202,0.000021973,-0.000044265,0.002100,-0.023093,0.002155,0.999729
12.560000,-0.020191,0.006150,10.074369,0.008282,-0.060949,0.010273,-0.000004036,0.000021838,-0.000044411,0.002141,-0.023389,0.002204,0.999722
12.570000,0.027065,0.012502,10.064136,0.007715,-0.057415,0.009477,-0.000004103,0.000021794,-0.000044187,0.002180,-0.023680,0.002251,0.999715
12.580000,-0.008452,-0.000729,10.062935,0.008437,-0.057910,0.007776,-0.000004044,0.000021768,-0.000044317,0.002219,-0.023968,0.002299,0.999708
12.590000,-0.007728,0.020418,10.038563,0.008005,-0.057322,0.008995,-0.000003897,0.000021858,-0.000044049,0.002256,-0.024252,0.002346,0.999701
12.600000,-0.019539,0.015413,10.058299,0.008076,-0.055848,0.008760,-0.000004069,0.000021814,-0.000044020,0.002292,-0.024533,0.002392,0.999694
12.610000,0.019972,0.034709,10.051744,0.006357,-0.055913,0.009496,-0.000004343,0.000021862,-0.000044285,0.002328,-0.024811,0.002438,0.999686
12.620000,0.016956,0.046724,10.055103,0.006224,-0.055539,0.009026,-0.000004142,0.000021955,-0.000044396,0.002364,-0.025087,0.002484,0.999679
12.630000,-0.047684,-0.011716,10.021987,0.007574,-0.052641,0.009677,-0.000004260,0.000021780,-0.000044302,0.002398,-0.025358,0.002529,0.999672
12.640000,-0.021852,-0.020448,9.998872,0.006544,-0.054404,0.007561,-0.000004132,0.000021774,-0.000044161,0.002431,-0.025624,0.002574,0.999665
12.650000,0.020259,0.021491,10.043979,0.005923,-0.052393,0.009671,-0.000004147,0.000021611,-0.000044009,0.002463,-0.025887,0.002618,0.999658
12.660000,0.031639,0.020258,10.063470,0.006488,-0.051945,0.008109,-0.000004291,0.000021728,-0.000043855,0.002495,-0.026148,0.002662,0.999651
12.670000,0.000787,-0.019362,10.014008,0.005212,-0.051579,0.008702,-0.000004396,0.000021701,-0.000044387,0.002525,-0.026406,0.002706,0.999644
12.680000,0.005608,-0.015168,10.005639,0.006106,-0.050194,0.007542,-0.000004275,0.000021701,-0.000044173,0.002555,-0.026660,0.002749,0.999638
12.690000,-0.063732,-0.017396,10.034760,0.006516,-0.050097,0.008081,-0.000004044,0.000021531,-0.000044364,0.002583,-0.026910,0.002792,0.999631
12.700000,-0.047718,-0.004561,10.015721,0.005073,-0.049545,0.009366,-0.000004379,0.000021643,-0.000044332,0.002609,-0.027155,0.002835,0.999624
12.710000,-0.005812,0.012901,10.073403,0.005957,-0.047892,0.008235,-0.000004144,0.000021727,-0.000044338,0.002634,-0.027396,0.002877,0.999617
12.720000,0.007645,0.028197,10.055822,0.005241,-0.046803,0.006807,-0.000004468,0.000021550,-0.000044058,0.002657,-0.027633,0.002919,0.999610
12.730000,-0.055508,-0.005297,10.025223,0.005064,-0.046878,0.008601,-0.000004311,0.000021956,-0.000044240,0.002679,-0.027865,0.002961,0.999604
12.740000,-0.021827,-0.002143,10.021865,0.004847,-0.044414,0.007849,-0.000004460,0.000021741,-0.000044263,0.002699,-0.028092,0.003002,0.999597
12.750000,0.013376,0.027192,10.076833,0.003590,-0.044207,0.008376,-0.000004510,0.000021904,-0.000044273,0.002719,-0.028315,0.003043,0.999591
12.760000,0.022993,0.026932,10.068358,0.004128,-0.042590,0.008009,-0.000004517,0.000021785,-0.000044295,0.002738,-0.028536,0.003083,0.999584
12.770000,-0.026896,0.005756,10.035776,0.005474,-0.043145,0.006522,-0.000004473,0.000021786,-0.000044344,0.002756,-0.028753,0.003123,0.999578
12.780000,-0.001205,0.012882,10.012448,0.003895,-0.041982,0.007413,-0.000004397,0.000021808,-0.000044115,0.002773,-0.028966,0.003162,0.999572
12.790000,0.125407,0.121452,10.088024,0.002919,-0.043307,0.007529,-0.000004330,0.000022082,-0.000044234,0.002791,-0.029178,0.003201,0.999565
12.800000,0.117063,0.074185,10.052955,0.003759,-0.041225,0.008206,-0.000004513,0.000021604,-0.000044399,0.002811,-0.029392,0.003239,0.999559
12.810000,0.102574,0.081026,10.048802,0.004479,-0.043905,0.007210,-0.000004477,0.000021740,-0.000044151,0.002833,-0.029607,0.003276,0.999552
12.820000,0.090808,0.039143,10.036858,0.005060,-0.042877,0.008314,-0.000004602,0.000021808,-0.000044175,0.002857,-0.029822,0.003312,0.999546
12.830000,0.179827,0.107805,10.091215,0.005905,-0.043648,0.006282,-0.000004178,0.000021750,-0.000044335,0.002884,-0.030041,0.003348,0.999539
12.840000,0.158732,0.126256,10.118523,0.006407,-0.044662,0.006218,-0.000004616,0.000021871,-0.000044443,0.002914,-0.030263,0.003383,0.999532
12.850000,0.166498,0.122491,10.117770,0.007715,-0.045479,0.006596,-0.000004575,0.000021941,-0.000044419,0.002948,-0.030490,0.003417,0.999525
12.860000,0.197831,0.112064,10.124454,0.008075,-0.046584,0.006275,-0.000004780,0.000021904,-0.000044358,0.002986,-0.030722,0.003450,0.999518
12.870000,0.202481,0.116195,10.100734,0.008228,-0.048058,0.006317,-0.000004531,0.000021885,-0.000044045,0.003027,-0.030957,0.003483,0.999510
12.880000,0.182316,0.080482,10.087988,0.009706,-0.047922,0.004838,-0.000004604,0.000021864,-0.000044205,0.003072,-0.031197,0.003515,0.999502
12.890000,0.139260,0.086571,10.111784,0.008970,-0.049409,0.007170,-0.000004718,0.000021757,-0.000044316,0.003119,-0.031441,0.003546,0.999494
12.900000,0.186391,0.124949,10.098311,0.008963,-0.049044,0.005951,-0.000004664,0.000021647,-0.000044415,0.003170,-0.031687,0.003577,0.999486
12.910000,0.155500,0.104869,10.110426,0.010368,-0.050108,0.006193,-0.000004608,0.000021783,-0.000044202,0.003224,-0.031936,0.003606,0.999478
12.920000,0.107897,0.068721,10.124550,0.010536,-0.050025,0.005100,-0.000004634,0.000021651,-0.000044013,0.003280,-0.032187,0.003635,0.999470
12.930000,0.026822,0.037551,10.063496,0.011614,-0.050798,0.006035,-0.000004948,0.000021908,-0.000044060,0.003337,-0.032435,0.003664,0.999462
12.940000,0.017538,0.051358,10.077543,0.010076,-0.048469,0.003875,-0.000004768,0.000021855,-0.000044141,0.003394,-0.032681,0.003691,0.999453
12.950000,0.082206,0.071478,10.103528,0.011356,-0.049289,0.004583,-0.000004498,0.000021782,-0.000044252,0.003453,-0.032926,0.003717,0.999445
12.960000,0.072323,0.056241,10.074324,0.011521,-0.050414,0.004003,-0.000004846,0.000021557,-0.000044207,0.003514,-0.033171,0.003742,0.999437
12.970000,0.111656,0.106488,10.069252,0.012636,-0.048496,0.003540,-0.000004745,0.000021932,-0.000044299,0.003578,-0.033416,0.003766,0.999428
12.980000,0.101672,0.073598,10.072354,0.011477,-0.047464,0.003617,-0.000004603,0.000021409,-0.000044282,0.003644,-0.033663,0.003789,0.999419
12.990000,0.120044,0.088778,10.087347,0.012338,-0.049557,0.002361,-0.000004824,0.000021779,-0.000044151,0.003713,-0.033911,0.003810,0.999411
13.000000,0.111149,0.099490,10.090809,0.013472,-0.050267,0.003053,-0.000004837,0.000021765,-0.000044242,0.003785,-0.034160,0.003831,0.999402
13.010000,0.178102,0.105506,10.073780,0.014674,-0.051993,0.002464,-0.000004724,0.000021787,-0.000044632,0.003861,-0.034413,0.003851,0.999393
13.020000,0.152938,0.107741,10.062171,0.015117,-0.049865,0.003522,-0.000004709,0.000021791,-0.000044171,0.003940,-0.034668,0.003869,0.999384
13.030000,0.177977,0.098459,10.067868,0.015955,-0.052224,0.003883,-0.000004634,0.000021707,-0.000044296,0.004023,-0.034927,0.003886,0.999374
13.040000,0.166165,0.105719,10.078247,0.017177,-0.053946,0.002298,-0.000004855,0.000021501,-0.000044028,0.004110,-0.035189,0.003903,0.999365
13.050000,0.150795,0.101120,10.051317,0.017879,-0.052843,0.000840,-0.000004987,0.000021415,-0.000044534,0.004199,-0.035454,0.003919,0.999355
13.060000,0.147420,0.110508,10.052189,0.018664,-0.054120,0.000767,-0.000005064,0.000021297,-0.000044477,0.004292,-0.035722,0.003934,0.999345
13.070000,0.139620,0.080706,10.033730,0.017990,-0.053628,0.002516,-0.000004845,0.000021679,-0.000044185,0.004387,-0.035993,0.003949,0.999335
13.080000,0.160558,0.083194,10.036078,0.018833,-0.054879,0.001804,-0.000004908,0.000021678,-0.000044469,0.004484,-0.036266,0.003963,0.999324
13.090000,0.100330,0.061040,10.041390,0.019103,-0.056350,0.000116,-0.000005187,0.000021594,-0.000044146,0.004582,-0.036540,0.003976,0.999314
13.100000,0.138739,0.081473,10.039235,0.019772,-0.055285,0.001929,-0.000005169,0.000021726,-0.000044226,0.004683,-0.036815,0.003989,0.999303
13.110000,-0.035094,0.011780,10.018180,0.019109,-0.054491,0.001672,-0.000005100,0.000021889,-0.000044391,0.004783,-0.037087,0.004002,0.999293
13.120000,-0.009421,0.027048,10.012039,0.020018,-0.052449,0.001137,-0.000005115,0.000021881,-0.000044083,0.004883,-0.037355,0.004013,0.999282
13.130000,0.052084,0.065795,10.016272,0.021108,-0.053385,0.001402,-0.000005187,0.000021436,-0.000044004,0.004984,-0.037621,0.004023,0.999272
13.140000,0.057929,0.038804,10.007051,0.019987,-0.053323,-0.000012,-0.000005074,0.000021563,-0.000044241,0.005087,-0.037885,0.004033,0.999261
13.150000,-0.053760,-0.015470,9.967964,0.020450,-0.051147,-0.000190,-0.000005156,0.000021594,-0.000044390,0.005188,-0.038143,0.004041,0.999251
13.160000,-0.084181,-0.020002,9.977798,0.018635,-0.049905,0.000425,-0.000005289,0.000021492,-0.000044225,0.005288,-0.038394,0.004048,0.999241
13.170000,0.026305,0.034590,9.980763,0.019774,-0.048953,0.000377,-0.000005308,0.000021536,-0.000044464,0.005388,-0.038641,0.004054,0.999230
13.180000,0.008779,0.052324,9.958269,0.020635,-0.049594,-0.000197,-0.000005427,0.000021613,-0.000044362,0.005488,-0.038885,0.004060,0.999220
13.190000,-0.022864,-0.015492,9.997540,0.019766,-0.048140,-0.000128,-0.000005118,0.000021723,-0.000044265,0.005587,-0.039123,0.004064,0.999211
13.200000,-0.030582,0.012332,9.989644,0.018223,-0.046563,-0.000767,-0.000005250,0.000021228,-0.000044522,0.005685,-0.039356,0.004068,0.999201
13.210000,0.079789,0.078364,9.995257,0.019429,-0.047151,-0.000654,-0.000005564,0.000021503,-0.000044489,0.005783,-0.039588,0.004071,0.999191
13.220000,0.087856,0.063994,9.998719,0.018848,-0.045480,-0.000992,-0.000005411,0.000021563,-0.000044139,0.005883,-0.039819,0.004073,0.999181
13.230000,0.113294,0.095959,10.025025,0.019817,-0.045832,-0.001554,-0.000005316,0.000021580,-0.000044210,0.005985,-0.040050,0.004075,0.999171
13.240000,0.126397,0.076288,10.030603,0.019755,-0.047049,-0.000536,-0.000005318,0.000021526,-0.000044570,0.006089,-0.040282,0.004075,0.999162
13.250000,0.135267,0.112711,10.021531,0.020948,-0.046839,-0.001468,-0.000005395,0.000021445,-0.000044143,0.006195,-0.040514,0.004075,0.999151
13.260000,0.140314,0.099096,10.016912,0.021300,-0.046013,-0.000997,-0.000005309,0.000021567,-0.000044430,0.006303,-0.040748,0.004073,0.999141
13.270000,0.096894,0.089377,9.995473,0.020993,-0.046341,-0.001075,-0.000005410,0.000021655,-0.000044376,0.006414,-0.040981,0.004071,0.999131
13.280000,0.097538,0.089824,10.004560,0.022090,-0.047461,-0.001843,-0.000005499,0.000021389,-0.000044101,0.006527,-0.041215,0.004067,0.999121
13.290000,0.122653,0.070988,10.056721,0.022888,-0.047328,-0.003634,-0.000005667,0.000021176,-0.000044200,0.006643,-0.041449,0.004062,0.999110
13.300000,0.116251,0.065368,10.026679,0.022955,-0.047740,-0.002221,-0.000005573,0.000021480,-0.000044224,0.006760,-0.041682,0.004056,0.999100
13.310000,0.096765,0.063879,10.039086,0.023588,-0.047931,-0.003704,-0.000005583,0.000021661,-0.000044312,0.006879,-0.041915,0.004049,0.999089
13.320000,0.105370,0.077229,10.020424,0.023389,-0.047059,-0.003920,-0.000005373,0.000021568,-0.000044242,0.006999,-0.042147,0.004041,0.999079
13.330000,0.042225,0.047549,10.028906,0.023806,-0.045116,-0.003486,-0.000005403,0.000021717,-0.000044478,0.007120,-0.042377,0.004033,0.999068
13.340000,0.073266,0.034348,10.038720,0.023301,-0.045545,-0.004018,-0.000005776,0.000021368,-0.000044298,0.007242,-0.042606,0.004023,0.999058
13.350000,0.005842,0.042727,10.016055,0.024776,-0.044913,-0.004153,-0.000005698,0.000021350,-0.000044223,0.007364,-0.042829,0.004013,0.999047
13.360000,-0.004758,0.056169,9.987101,0.023711,-0.044125,-0.005593,-0.000005605,0.000021458,-0.000044512,0.007486,-0.043048,0.004001,0.999037
13.370000,0.048342,0.038146,9.981363,0.023567,-0.043258,-0.003849,-0.000005726,0.000021607,-0.000044372,0.007609,-0.043264,0.003988,0.999027
13.380000,0.039046,0.053261,10.005307,0.023358,-0.043359,-0.004796,-0.000005560,0.000021458,-0.000044206,0.007731,-0.043477,0.003974,0.999017
13.390000,0.059046,0.041830,9.999913,0.023390,-0.042697,-0.005611,-0.000005609,0.000020952,-0.000044471,0.007856,-0.043687,0.003959,0.999007
13.400000,0.063514,0.056092,10.021467,0.023330,-0.041720,-0.005504,-0.000005968,0.000021417,-0.000044324,0.007981,-0.043895,0.003943,0.998996
13.410000,0.062472,0.036957,10.011445,0.023580,-0.041216,-0.005204,-0.000005622,0.000021184,-0.000044395,0.008108,-0.044102,0.003926,0.998986
13.420000,0.074259,0.039283,10.004741,0.024054,-0.040867,-0.006200,-0.000005885,0.000021319,-0.000044376,0.008235,-0.044307,0.003908,0.998976
13.430000,0.122390,0.048481,9.994996,0.024802,-0.041738,-0.005961,-0.000005880,0.000021295,-0.000044326,0.008363,-0.044512,0.003890,0.998966
13.440000,0.124104,0.067595,10.020092,0.025784,-0.040665,-0.005802,-0.000005730,0.000021535,-0.000044359,0.008492,-0.044718,0.003871,0.998956
13.450000,0.086974,0.051777,9.968312,0.024439,-0.041570,-0.006127,-0.000005746,0.000020962,-0.000044373,0.008622,-0.044923,0.003852,0.998946
13.460000,0.096372,0.076194,9.980960,0.024197,-0.041452,-0.006224,-0.000005837,0.000021306,-0.000044568,0.008753,-0.045128,0.003832,0.998936
13.470000,0.137241,0.043961,9.976186,0.024894,-0.041021,-0.007454,-0.000005955,0.000021344,-0.000044337,0.008885,-0.045333,0.003812,0.998925
13.480000,0.117814,0.063479,9.980452,0.026147,-0.042606,-0.007128,-0.000005989,0.000021420,-0.000044177,0.009018,-0.045538,0.003791,0.998915
13.490000,0.090001,0.059427,9.950747,0.025976,-0.040849,-0.005762,-0.000005843,0.000021139,-0.000044408,0.009151,-0.045742,0.003770,0.998904
13.500000,0.117284,0.067751,9.965958,0.025869,-0.040313,-0.007128,-0.000005694,0.000021437,-0.000044074,0.009285,-0.045945,0.003749,0.998894
13.510000,0.040858,0.060257,9.970499,0.025658,-0.039895,-0.007831,-0.000005859,0.000021130,-0.000044531,0.009420,-0.046146,0.003726,0.998883
13.520000,0.045289,0.056090,9.996972,0.025455,-0.041067,-0.006472,-0.000006078,0.000021217,-0.000044211,0.009555,-0.046345,0.003703,0.998873
13.530000,0.033024,0.004810,9.932145,0.025461,-0.040385,-0.008201,-0.000005947,0.000021208,-0.000044370,0.009689,-0.046540,0.003679,0.998863
13.540000,0.022195,0.008753,9.948503,0.024221,-0.038160,-0.008296,-0.000006220,0.000021133,-0.000043974,0.009822,-0.046731,0.003655,0.998853
13.550000,-0.010947,0.040359,9.933584,0.025669,-0.037397,-0.007290,-0.000006087,0.000021038,-0.000044206,0.009954,-0.046917,0.003630,0.998843
13.560000,-0.014758,0.007977,9.946691,0.025257,-0.036622,-0.008692,-0.000006169,0.000021209,-0.000044222,0.010084,-0.047097,0.003605,0.998833
13.570000,-0.083623,-0.056044,9.872841,0.023784,-0.035253,-0.007002,-0.000005781,0.000021224,-0.000044484,0.010211,-0.047269,0.003579,0.998824
13.580000,-0.089273,-0.047487,9.908127,0.023654,-0.032138,-0.007987,-0.000006111,0.000020997,-0.000044339,0.010334,-0.047432,0.003553,0.998815
13.590000,0.018906,0.015707,9.896870,0.022477,-0.032025,-0.007445,-0.000006191,0.000020966,-0.000044230,0.010455,-0.047590,0.003527,0.998806
13.600000,0.013457,0.044506,9.889265,0.023341,-0.030921,-0.007746,-0.000006191,0.000021218,-0.000044261,0.010576,-0.047743,0.003499,0.998798
13.610000,-0.010924,0.021864,9.920249,0.022714,-0.030306,-0.008579,-0.000005965,0.000021134,-0.000044285,0.010695,-0.047892,0.003472,0.998789
13.620000,0.009951,0.014916,9.916876,0.022115,-0.029173,-0.006622,-0.000005943,0.000021069,-0.000044553,0.010814,-0.048035,0.003443,0.998781
13.630000,0.066291,0.043853,9.954409,0.021924,-0.029427,-0.008442,-0.000005997,0.000021020,-0.000044263,0.010932,-0.048175,0.003413,0.998773
13.640000,0.073536,0.080570,9.942575,0.022620,-0.028245,-0.007024,-0.000005876,0.000021026,-0.000044759,0.011051,-0.048313,0.003383,0.998765
13.650000,0.084229,0.066151,9.940650,0.022427,-0.028688,-0.008699,-0.000006116,0.000021098,-0.000044285,0.011171,-0.048449,0.003352,0.998758
13.660000,0.065528,0.070222,9.937604,0.022764,-0.026609,-0.008060,-0.000006191,0.000021307,-0.000044307,0.011291,-0.048584,0.003320,0.998750
13.670000,0.082541,0.067601,9.961932,0.022559,-0.027688,-0.008968,-0.000006145,0.000021096,-0.000044366,0.011413,-0.048717,0.003287,0.998742
13.680000,0.042413,0.082163,9.963648,0.023879,-0.026226,-0.009107,-0.000006165,0.000021110,-0.000044470,0.011536,-0.048848,0.003252,0.998734
13.690000,0.056282,0.057662,9.931738,0.023674,-0.025527,-0.010513,-0.000006196,0.000021291,-0.000044220,0.011660,-0.048977,0.003217,0.998727
13.700000,0.039776,0.055471,9.972732,0.021740,-0.025743,-0.009019,-0.000006126,0.000020861,-0.000044230,0.011784,-0.049104,0.003181,0.998719
13.710000,0.055999,0.051454,9.967640,0.023321,-0.025155,-0.010526,-0.000006292,0.000021034,-0.000044294,0.011909,-0.049227,0.003144,0.998712
13.720000,0.031554,0.063210,9.971766,0.022844,-0.025024,-0.009955,-0.000006267,0.000020909,-0.000043967,0.012035,-0.049347,0.003106,0.998704
13.730000,0.034117,0.072116,9.955471,0.023802,-0.023646,-0.010731,-0.000006134,0.000020761,-0.000044395,0.012161,-0.049463,0.003067,0.998697
13.740000,0.026121,0.054601,9.939347,0.023753,-0.022568,-0.010616,-0.000006092,0.000021020,-0.000044472,0.012288,-0.049575,0.003026,0.998690
13.750000,0.030033,0.025100,9.888599,0.024505,-0.021763,-0.011257,-0.000006332,0.000020699,-0.000044394,0.012414,-0.049683,0.002985,0.998683
13.760000,0.025840,0.005828,9.922866,0.023535,-0.021865,-0.011051,-0.000006505,0.000020787,-0.000044223,0.012539,-0.049787,0.002942,0.998677
13.770000,-0.039924,-0.009997,9.889068,0.024403,-0.020723,-0.012456,-0.000006222,0.000020971,-0.000044222,0.012662,-0.049884,0.002900,0.998671
13.780000,-0.032554,-0.012302,9.871459,0.022834,-0.017982,-0.012370,-0.000006513,0.000020891,-0.000044344,0.012784,-0.049976,0.002857,0.998665
13.790000,0.010403,0.004507,9.933414,0.022367,-0.017618,-0.011375,-0.000006222,0.000020958,-0.000044333,0.012904,-0.050062,0.002813,0.998659
13.800000,-0.003751,0.004263,9.915770,0.022079,-0.016606,-0.011946,-0.000006220,0.000020837,-0.000044494,0.013022,-0.050142,0.002768,0.998653
13.810000,0.074599,0.127946,9.982992,0.021979,-0.016088,-0.012221,-0.000006046,0.000020825,-0.000044350,0.013142,-0.050221,0.002723,0.998648
13.820000,0.120723,0.073387,9.979872,0.022213,-0.016778,-0.012590,-0.000006383,0.000020642,-0.000044331,0.013264,-0.050299,0.002676,0.998643
13.830000,0.137700,0.116384,9.981570,0.023401,-0.016069,-0.012017,-0.000006273,0.000020800,-0.000044746,0.013387,-0.050377,0.002629,0.998637
13.840000,0.155383,0.112457,9.968107,0.023951,-0.015552,-0.012674,-0.000006416,0.000020850,-0.000044455,0.013513,-0.050456,0.002580,0.998632
13.850000,0.114447,0.067950,9.954892,0.022839,-0.015556,-0.012359,-0.000006124,0.000020440,-0.000044188,0.013640,-0.050534,0.002531,0.998626
13.860000,0.085806,0.067420,9.948193,0.023331,-0.016177,-0.012839,-0.000006372,0.000020546,-0.000044456,0.013768,-0.050611,0.002481,0.998620
13.870000,0.065012,0.049164,9.927744,0.023259,-0.015305,-0.013070,-0.000006379,0.000020917,-0.000044490,0.013895,-0.050686,0.002431,0.998615
13.880000,0.063884,0.037685,9.919549,0.023256,-0.015444,-0.013706,-0.000006379,0.000021019,-0.000044417,0.014022,-0.050758,0.002380,0.998610
13.890000,-0.043872,-0.022285,9.863980,0.022503,-0.015380,-0.012784,-0.000006453,0.000020827,-0.000044594,0.014146,-0.050823,0.002329,0.998605
13.900000,-0.032683,-0.001012,9.855755,0.022662,-0.011866,-0.013724,-0.000006463,0.000020654,-0.000044226,0.014268,-0.050882,0.002278,0.998600
13.910000,-0.088772,-0.027426,9.800376,0.022719,-0.011944,-0.013693,-0.000006217,0.000020878,-0.000044643,0.014386,-0.050933,0.002226,0.998596
13.920000,-0.051853,-0.059139,9.785319,0.021200,-0.010569,-0.013037,-0.000006327,0.000020709,-0.000044616,0.014499,-0.050976,0.002175,0.998592
13.930000,-0.050749,-0.053688,9.803201,0.020196,-0.006995,-0.012529,-0.000006612,0.000020627,-0.000044620,0.014609,-0.051010,0.002124,0.998589
13.940000,-0.048393,-0.037531,9.786568,0.018940,-0.004913,-0.013897,-0.000006283,0.000020851,-0.000044849,0.014715,-0.051037,0.002072,0.998586
13.950000,-0.001447,0.030426,9.810306,0.018823,-0.004967,-0.013264,-0.000006371,0.000020706,-0.000044648,0.014819,-0.051058,0.002021,0.998584
13.960000,-0.014293,0.010028,9.808301,0.017864,-0.003751,-0.012648,-0.000006227,0.000020688,-0.000044683,0.014921,-0.051073,0.001968,0.998581
13.970000,0.014054,0.009175,9.831493,0.018235,-0.002867,-0.012481,-0.000006361,0.000020505,-0.000044463,0.015022,-0.051084,0.001915,0.998580
13.980000,0.020734,0.004920,9.808503,0.017574,-0.000776,-0.014460,-0.000006377,0.000020593,-0.000044743,0.015121,-0.051088,0.001862,0.998578
13.990000,-0.025519,-0.039808,9.821551,0.017331,-0.001292,-0.012800,-0.000006269,0.000020582,-0.000044547,0.015217,-0.051086,0.001808,0.998577
14.000000,-0.047010,-0.035930,9.842521,0.016947,0.001470,-0.012707,-0.000006637,0.000020335,-0.000044794,0.015309,-0.051076,0.001754,0.998576
14.010000,0.059870,0.053463,9.925334,0.017380,0.001395,-0.014164,-0.000006496,0.000020422,-0.000044455,0.015401,-0.051062,0.001700,0.998575
14.020000,0.051643,0.046996,9.896228,0.015865,0.002211,-0.013687,-0.000006514,0.000020807,-0.000044580,0.015492,-0.051045,0.001645,0.998575
14.030000,0.146241,0.071444,9.954924,0.016571,0.002330,-0.013948,-0.000006599,0.000020269,-0.000044374,0.015585,-0.051029,0.001589,0.998574
14.040000,0.167853,0.092626,9.948508,0.016746,0.002251,-0.014111,-0.000006625,0.000020563,-0.000044639,0.015680,-0.051013,0.001533,0.998574
14.050000,0.045498,0.023257,9.903360,0.017416,0.002851,-0.013961,-0.000006765,0.000020740,-0.000044632,0.015774,-0.050995,0.001476,0.998573
14.060000,0.060335,0.019157,9.915202,0.015933,0.003435,-0.014168,-0.000006429,0.000020488,-0.000044601,0.015868,-0.050974,0.001419,0.998573
14.070000,-0.011993,-0.013057,9.895355,0.016100,0.003898,-0.014561,-0.000006604,0.000020483,-0.000044576,0.015960,-0.050949,0.001361,0.998573
14.080000,-0.006633,0.001624,9.916392,0.016362,0.006686,-0.014489,-0.000006498,0.000020729,-0.000044594,0.016051,-0.050918,0.001302,0.998573
14.090000,-0.053176,-0.049135,9.834976,0.015991,0.006840,-0.014667,-0.000006727,0.000020420,-0.000044620,0.016139,-0.050880,0.001244,0.998574
14.100000,-0.075930,-0.031536,9.834895,0.014475,0.008337,-0.015077,-0.000006537,0.000020814,-0.000044623,0.016223,-0.050833,0.001185,0.998575
14.110000,-0.084814,-0.029894,9.759126,0.013946,0.010410,-0.013879,-0.000006360,0.000020767,-0.000044626,0.016304,-0.050780,0.001126,0.998576
14.120000,-0.047143,-0.042008,9.770732,0.013428,0.010656,-0.013600,-0.000006561,0.000020439,-0.000044649,0.016381,-0.050720,0.001068,0.998578
14.130000,-0.024970,-0.003619,9.772373,0.012970,0.011838,-0.013864,-0.000006698,0.000020368,-0.000044709,0.016456,-0.050653,0.001009,0.998580
14.140000,-0.036877,0.010472,9.781867,0.012452,0.013737,-0.015614,-0.000006255,0.000020477,-0.000044705,0.016527,-0.050581,0.000950,0.998583
14.150000,-0.007294,0.018424,9.803524,0.011911,0.013943,-0.014396,-0.000006399,0.000020349,-0.000044598,0.016597,-0.050503,0.000890,0.998586
14.160000,-0.012678,0.006353,9.810397,0.012515,0.016302,-0.014861,-0.000006431,0.000020327,-0.000044858,0.016665,-0.050420,0.000830,0.998589
14.170000,-0.002467,-0.010099,9.777940,0.010668,0.016463,-0.013861,-0.000006572,0.000020582,-0.000044616,0.016731,-0.050331,0.000770,0.998592
14.180000,-0.007137,-0.020588,9.801076,0.010427,0.018680,-0.016694,-0.000006533,0.000020267,-0.000044493,0.016794,-0.050237,0.000710,0.998596
14.190000,0.034010,0.061616,9.902272,0.010107,0.018557,-0.015229,-0.000006574,0.000020503,-0.000044584,0.016856,-0.050138,0.000649,0.998600
14.200000,0.048302,0.050853,9.885375,0.011222,0.020466,-0.014639,-0.000006293,0.000020458,-0.000044564,0.016918,-0.050037,0.000588,0.998604
14.210000,0.074925,0.097796,9.945021,0.011221,0.020503,-0.015136,-0.000006443,0.000020681,-0.000044644,0.016980,-0.049933,0.000526,0.998608
14.220000,0.079930,0.063889,9.949907,0.010628,0.020650,-0.013971,-0.000006618,0.000020562,-0.000044613,0.017043,-0.049827,0.000463,0.998612
14.230000,0.105573,0.071767,9.905739,0.011020,0.019687,-0.016416,-0.000006229,0.000020717,-0.000044605,0.017107,-0.049719,0.000399,0.998617
14.240000,0.103283,0.090142,9.933286,0.010256,0.020370,-0.015464,-0.000006646,0.000020346,-0.000044648,0.017172,-0.049611,0.000334,0.998621
14.250000,0.055957,0.076914,9.865353,0.010237,0.022926,-0.015366,-0.000006309,0.000020546,-0.000044576,0.017238,-0.049500,0.000268,0.998625
14.260000,0.050985,0.086026,9.880936,0.011733,0.021679,-0.016735,-0.000006291,0.000020483,-0.000044799,0.017305,-0.049386,0.000201,0.998630
14.270000,0.018433,0.041587,9.857168,0.011808,0.022975,-0.016430,-0.000006329,0.000020648,-0.000044714,0.017372,-0.049268,0.000133,0.998634
14.280000,0.040534,0.058146,9.840970,0.010863,0.023727,-0.016939,-0.000006458,0.000020599,-0.000044773,0.017438,-0.049147,0.000064,0.998639
14.290000,-0.020047,-0.005380,9.768969,0.011043,0.025829,-0.018236,-0.000006442,0.000020304,-0.000044499,0.017502,-0.049021,-0.000005,0.998644
14.300000,-0.032373,-0.024984,9.787038,0.008905,0.025648,-0.016439,-0.000006453,0.000020548,-0.000044824,0.017564,-0.048889,-0.000073,0.998650
14.310000,-0.027296,-0.024890,9.746825,0.009562,0.026543,-0.016984,-0.000006324,0.000020666,-0.000044932,0.017622,-0.048752,-0.000142,0.998655
14.320000,-0.018768,-0.008573,9.750470,0.008263,0.027452,-0.015770,-0.000006348,0.000020572,-0.000044659,0.017678,-0.048608,-0.000211,0.998661
14.330000,0.002925,0.000699,9.706060,0.008502,0.029411,-0.016844,-0.000006461,0.000020322,-0.000044547,0.017731,-0.048460,-0.000279,0.998668
14.340000,0.005641,0.022004,9.773909,0.008039,0.028671,-0.016631,-0.000006259,0.000020374,-0.000044722,0.017784,-0.048307,-0.000349,0.998674
14.350000,-0.013901,-0.050800,9.728349,0.006936,0.030421,-0.017281,-0.000006617,0.000020384,-0.000044610,0.017833,-0.048149,-0.000418,0.998681
14.360000,-0.020734,-0.019790,9.709093,0.006934,0.032056,-0.016490,-0.000006155,0.000020394,-0.000044486,0.017880,-0.047984,-0.000487,0.998688
14.370000,-0.051079,-0.026744,9.750878,0.006638,0.033183,-0.016738,-0.000005995,0.000020405,-0.000044674,0.017922,-0.047812,-0.000556,0.998695
14.380000,-0.023331,-0.059386,9.737142,0.006050,0.034904,-0.016914,-0.000006188,0.000020333,-0.000044569,0.017960,-0.047634,-0.000625,0.998703
14.390000,0.030897,0.016112,9.753842,0.004266,0.035802,-0.015794,-0.000006322,0.000020321,-0.000044591,0.017997,-0.047451,-0.000694,0.998711
14.400000,0.048598,-0.001870,9.760716,0.005114,0.037721,-0.016241,-0.000006336,0.000020382,-0.000044854,0.018032,-0.047264,-0.000763,0.998719
14.410000,0.051885,0.031384,9.805732,0.005541,0.036911,-0.017471,-0.000006014,0.000020458,-0.000044852,0.018066,-0.047074,-0.000832,0.998728
14.420000,0.053886,0.040692,9.777302,0.003399,0.037238,-0.016864,-0.000005973,0.000020466,-0.000044871,0.018098,-0.046881,-0.000902,0.998736
14.430000,0.083854,0.052560,9.851826,0.003951,0.038447,-0.016856,-0.000006328,0.000020256,-0.000044669,0.018131,-0.046686,-0.000972,0.998745
14.440000,0.102602,0.040847,9.817122,0.004253,0.039086,-0.017562,-0.000006187,0.000020595,-0.000044811,0.018163,-0.046490,-0.001042,0.998753
14.450000,0.098682,0.058591,9.874474,0.004356,0.039142,-0.017041,-0.000006107,0.000020124,-0.000044633,0.018195,-0.046293,-0.001112,0.998762
14.460000,0.106059,0.047317,9.868905,0.003500,0.040123,-0.017420,-0.000006085,0.000020170,-0.000044526,0.018228,-0.046095,-0.001183,0.998770
14.470000,0.036148,0.013866,9.860661,0.003603,0.039892,-0.018546,-0.000006219,0.000020326,-0.000044525,0.018260,-0.045895,-0.001254,0.998779
14.480000,0.041988,0.021664,9.856180,0.001767,0.038736,-0.017239,-0.000006071,0.000020218,-0.000044540,0.018290,-0.045692,-0.001324,0.998787
14.490000,0.011583,-0.035570,9.797636,0.002309,0.040138,-0.016634,-0.000006131,0.000020387,-0.000044379,0.018317,-0.045485,-0.001395,0.998796
14.500000,0.007876,-0.019443,9.744614,0.002991,0.042317,-0.017146,-0.000006143,0.000020519,-0.000044611,0.018342,-0.045273,-0.001465,0.998805
14.510000,-0.042953,0.000359,9.737709,0.002514,0.042830,-0.016619,-0.000006105,0.000020386,-0.000044974,0.018363,-0.045055,-0.001535,0.998815
14.520000,-0.050453,-0.002444,9.747756,0.001637,0.044824,-0.017285,-0.000006081,0.000020501,-0.000044744,0.018382,-0.044830,-0.001605,0.998824
14.530000,-0.035795,-0.037985,9.701001,0.001060,0.045938,-0.017217,-0.000006042,0.000020064,-0.000044750,0.018397,-0.044597,-0.001676,0.998834
14.540000,-0.056405,-0.028221,9.715450,-0.000385,0.046727,-0.015945,-0.000005847,0.000020407,-0.000044654,0.018408,-0.044358,-0.001746,0.998845
14.550000,0.001652,0.000706,9.710201,0.000011,0.047622,-0.017664,-0.000005988,0.000020314,-0.000045039,0.018417,-0.044114,-0.001816,0.998855
14.560000,0.000649,0.012833,9.719528,-0.000613,0.048437,-0.017629,-0.000006045,0.000020269,-0.000044491,0.018422,-0.043865,-0.001886,0.998866
14.570000,0.005956,0.030853,9.727397,-0.001262,0.050128,-0.017192,-0.000006143,0.000020336,-0.000044827,0.018426,-0.043612,-0.001956,0.998877
14.580000,0.001348,0.008915,9.730180,-0.002280,0.050359,-0.017797,-0.000005956,0.000020325,-0.000044727,0.018428,-0.043355,-0.002026,0.998888
14.590000,0.027852,-0.010799,9.726062,-0.002958,0.051961,-0.017612,-0.000006035,0.000020429,-0.000044629,0.018427,-0.043094,-0.002096,0.998899
14.600000,0.015059,-0.011796,9.721343,-0.003706,0.052653,-0.016858,-0.000005913,0.000020441,-0.000044606,0.018424,-0.042828,-0.002165,0.998910
14.610000,0.077198,0.019691,9.794707,-0.002570,0.053111,-0.016008,-0.000006063,0.000020420,-0.000044802,0.018420,-0.042561,-0.002235,0.998922
14.620000,0.062878,0.025903,9.829005,-0.002689,0.052849,-0.016100,-0.000005652,0.000020374,-0.000044528,0.018416,-0.042292,-0.002304,0.998933
14.630000,0.042566,0.013943,9.798647,-0.004065,0.054100,-0.015069,-0.000005718,0.000020424,-0.000044789,0.018410,-0.042020,-0.002374,0.998944
14.640000,0.040147,0.024552,9.826825,-0.003612,0.054654,-0.017282,-0.000005743,0.000020223,-0.000044827,0.018403,-0.041746,-0.002444,0.998956
14.650000,0.099136,0.039752,9.846974,-0.004065,0.053835,-0.016316,-0.000005801,0.000020382,-0.000044689,0.018396,-0.041471,-0.002514,0.998967
14.660000,0.096249,0.045038,9.859354,-0.003966,0.054870,-0.017055,-0.000005924,0.000020384,-0.000044997,0.018390,-0.041195,-0.002585,0.998979
14.670000,0.052670,0.036425,9.801842,-0.003025,0.055468,-0.015519,-0.000005743,0.000020298,-0.000044963,0.018383,-0.040918,-0.002655,0.998990
14.680000,0.037788,0.029305,9.821426,-0.003512,0.055145,-0.017332,-0.000005719,0.000020366,-0.000044656,0.018376,-0.040638,-0.002727,0.999001
14.690000,0.031083,0.032056,9.789888,-0.004141,0.055616,-0.017486,-0.000005629,0.000020028,-0.000044820,0.018367,-0.040355,-0.002798,0.999013
14.700000,0.028595,0.021224,9.789671,-0.004745,0.057060,-0.016508,-0.000005539,0.000020466,-0.000044617,0.018357,-0.040069,-0.002869,0.999024
14.710000,-0.008259,-0.033297,9.762413,-0.004809,0.057309,-0.016029,-0.000005483,0.000020212,-0.000044869,0.018344,-0.039778,-0.002940,0.999036
14.720000,0.005012,-0.013982,9.759265,-0.004733,0.057780,-0.017952,-0.000005689,0.000020179,-0.000044782,0.018328,-0.039482,-0.003010,0.999048
14.730000,-0.018031,-0.026763,9.712101,-0.006848,0.059950,-0.015771,-0.000005721,0.000020400,-0.000044724,0.018309,-0.039181,-0.003081,0.999060
14.740000,-0.014488,-0.022630,9.732650,-0.006284,0.059814,-0.016275,-0.000005615,0.000020159,-0.000044658,0.018286,-0.038875,-0.003151,0.999072
14.750000,-0.002306,-0.026236,9.708095,-0.009110,0.062076,-0.016412,-0.000005579,0.000019933,-0.000044897,0.018260,-0.038563,-0.003220,0.999084
14.760000,-0.030731,-0.021839,9.686007,-0.008454,0.061021,-0.015930,-0.000005593,0.000020419,-0.000044715,0.018232,-0.038246,-0.003290,0.999097
14.770000,0.128030,0.020381,9.791943,-0.009161,0.061045,-0.016736,-0.000005563,0.000020575,-0.000044831,0.018202,-0.037929,-0.003359,0.999109
14.780000,0.107336,0.052434,9.800870,-0.009480,0.062602,-0.017243,-0.000005557,0.000020245,-0.000044585,0.018171,-0.037611,-0.003427,0.999121
14.790000,0.082509,0.044216,9.823772,-0.008028,0.062756,-0.015528,-0.000005594,0.000020162,-0.000045062,0.018140,-0.037294,-0.003495,0.999134
14.800000,0.128099,0.071373,9.823447,-0.007690,0.062474,-0.016435,-0.000005702,0.000020461,-0.000045090,0.018108,-0.036977,-0.003563,0.999146
14.810000,0.100945,0.035821,9.798428,-0.009609,0.062667,-0.015891,-0.000005546,0.000020289,-0.000044788,0.018076,-0.036661,-0.003631,0.999158
14.820000,0.106147,0.042405,9.778998,-0.009538,0.062006,-0.015337,-0.000005429,0.000020370,-0.000044732,0.018044,-0.036345,-0.003698,0.999170
14.830000,0.049250,0.008222,9.803518,-0.010068,0.061263,-0.015434,-0.000005134,0.000020486,-0.000044613,0.018009,-0.036027,-0.003765,0.999181
14.840000,0.052940,-0.000508,9.775196,-0.010276,0.061540,-0.016144,-0.000005524,0.000020275,-0.000045030,0.017973,-0.035707,-0.003832,0.999193
14.850000,0.027781,0.009919,9.720373,-0.009815,0.062984,-0.016070,-0.000005295,0.000020682,-0.000045072,0.017935,-0.035385,-0.003898,0.999205
14.860000,0.000704,0.020329,9.729990,-0.009841,0.064824,-0.016556,-0.000005318,0.000020199,-0.000044772,0.017895,-0.035059,-0.003964,0.999217
14.870000,0.043881,0.006921,9.737079,-0.011087,0.065733,-0.016069,-0.000005326,0.000020460,-0.000044840,0.017853,-0.034730,-0.004029,0.999229
14.880000,0.056084,0.014854,9.714204,-0.010965,0.065319,-0.015864,-0.000005382,0.000020389,-0.000044904,0.017809,-0.034398,-0.004095,0.999241
14.890000,0.014991,0.004238,9.672032,-0.010506,0.065973,-0.015715,-0.000005170,0.000020546,-0.000044789,0.017763,-0.034063,-0.004160,0.999253
14.900000,0.027491,-0.006714,9.697531,-0.012087,0.066395,-0.015500,-0.000004951,0.000020568,-0.000044669,0.017715,-0.033724,-0.004225,0.999265
14.910000,0.014006,-0.000964,9.696391,-0.011432,0.067879,-0.014995,-0.000005000,0.000020435,-0.000044665,0.017665,-0.033382,-0.004291,0.999277
14.920000,0.008806,-0.007794,9.677284,-0.012325,0.069578,-0.015041,-0.000005118,0.000020318,-0.000044946,0.017613,-0.033036,-0.004356,0.999289
14.930000,0.088729,0.053063,9.734638,-0.013308,0.067618,-0.014493,-0.000005040,0.000020511,-0.000044967,0.017561,-0.032689,-0.004421,0.999302
14.940000,0.052476,0.019995,9.764275,-0.013396,0.068832,-0.014583,-0.000005163,0.000020346,-0.000044746,0.017507,-0.032339,-0.004486,0.999314
14.950000,0.104848,0.038376,9.805349,-0.012464,0.069079,-0.015520,-0.000004816,0.000020396,-0.000044849,0.017454,-0.031990,-0.004551,0.999325
14.960000,0.101230,0.074653,9.795278,-0.013876,0.068928,-0.014683,-0.000005042,0.000020354,-0.000044937,0.017401,-0.031640,-0.004617,0.999337
14.970000,0.086336,0.009928,9.747028,-0.014728,0.068265,-0.016102,-0.000005019,0.000020248,-0.000044990,0.017348,-0.031289,-0.004682,0.999349
14.980000,0.126506,0.006977,9.777194,-0.013177,0.069899,-0.015326,-0.000004894,0.000020421,-0.000044717,0.017293,-0.030938,-0.004747,0.999360
14.990000,0.091566,0.016215,9.746077,-0.012742,0.069396,-0.015366,-0.000005018,0.000020625,-0.000044978,0.017237,-0.030586,-0.004812,0.999372
15.000000,0.095200,-0.010245,9.736243,-0.013760,0.069312,-0.013856,-0.000004996,0.000020330,-0.000044606,0.017180,-0.030233,-0.004876,0.999383
15.010000,0.069468,-0.001488,9.719161,-0.014564,0.070722,-0.015581,-0.000004588,0.000020622,-0.000044800,0.017121,-0.029879,-0.004939,0.999395
15.020000,0.051526,0.004750,9.751919,-0.013903,0.071100,-0.015218,-0.000004801,0.000020380,-0.000045054,0.017060,-0.029524,-0.005002,0.999406
15.030000,0.024045,-0.001013,9.753224,-0.016131,0.070140,-0.015174,-0.000004900,0.000020424,-0.000044960,0.016998,-0.029166,-0.005065,0.999417
15.040000,0.020641,-0.002406,9.742919,-0.014990,0.070985,-0.014719,-0.000004729,0.000020475,-0.000044689,0.016934,-0.028805,-0.005127,0.999428
15.050000,-0.006478,-0.028955,9.700283,-0.014445,0.072260,-0.015835,-0.000004857,0.000020341,-0.000044693,0.016866,-0.028441,-0.005189,0.999440
15.060000,0.003575,0.027267,9.707192,-0.016242,0.072240,-0.014296,-0.000004638,0.000020650,-0.000044777,0.016797,-0.028073,-0.005251,0.999451
15.070000,-0.012315,-0.016077,9.716303,-0.016562,0.072879,-0.014311,-0.000004778,0.000020529,-0.000044955,0.016725,-0.027701,-0.005312,0.999462
15.080000,0.019334,-0.031135,9.708787,-0.017099,0.074543,-0.014080,-0.000004675,0.000020575,-0.000044842,0.016650,-0.027325,-0.005373,0.999473
15.090000,-0.003367,0.017525,9.727772,-0.018684,0.073545,-0.014825,-0.000004630,0.000020504,-0.000044706,0.016572,-0.026946,-0.005433,0.999485
15.100000,0.021181,0.000369,9.728137,-0.017262,0.075458,-0.013631,-0.000004606,0.000020680,-0.000044904,0.016493,-0.026563,-0.005494,0.999496
15.110000,0.102158,0.053980,9.785860,-0.018894,0.075591,-0.014523,-0.000004658,0.000020191,-0.000045055,0.016413,-0.026180,-0.005554,0.999507
15.120000,0.108190,0.050692,9.767302,-0.017308,0.075411,-0.014895,-0.000004495,0.000020497,-0.000044781,0.016333,-0.025796,-0.005614,0.999518
15.130000,0.076874,0.039844,9.807230,-0.019405,0.075624,-0.014768,-0.000004310,0.000020414,-0.000044683,0.016251,-0.025412,-0.005673,0.999529
15.140000,0.068137,0.019871,9.823628,-0.018710,0.076006,-0.013350,-0.000004664,0.000020490,-0.000044927,0.016168,-0.025028,-0.005732,0.999540
15.150000,0.088195,0.006853,9.740985,-0.017894,0.076259,-0.014115,-0.000004465,0.000020110,-0.000044755,0.016083,-0.024642,-0.005791,0.999550
15.160000,0.078578,0.028877,9.736628,-0.020010,0.075779,-0.012770,-0.000004496,0.000020611,-0.000044836,0.015997,-0.024256,-0.005848,0.999561
15.170000,0.054518,0.029152,9.741089,-0.020788,0.075522,-0.014386,-0.000004335,0.000020749,-0.000044788,0.015909,-0.023869,-0.005905,0.999571
15.180000,0.068358,0.025497,9.753013,-0.020251,0.076339,-0.014017,-0.000004360,0.000020392,-0.000044824,0.015819,-0.023481,-0.005961,0.999581
15.190000,0.012884,-0.024142,9.693928,-0.020510,0.076939,-0.012893,-0.000004431,0.000020457,-0.000044678,0.015726,-0.023091,-0.006017,0.999592
15.200000,0.013357,-0.031922,9.715857,-0.022688,0.077457,-0.014172,-0.000004473,0.000020298,-0.000044708,0.015630,-0.022697,-0.006071,0.999602
15.210000,-0.003437,-0.033510,9.699502,-0.021693,0.078002,-0.012726,-0.000004338,0.000020450,-0.000044561,0.015531,-0.022298,-0.006126,0.999612
15.220000,-0.020737,-0.033278,9.709792,-0.022624,0.079042,-0.013809,-0.000004059,0.000020540,-0.000044686,0.015429,-0.021895,-0.006179,0.999622
15.230000,-0.002109,0.002600,9.667703,-0.023963,0.080765,-0.013554,-0.000004127,0.000020750,-0.000045040,0.015324,-0.021488,-0.006233,0.999632
15.240000,-0.001877,-0.012058,9.690087,-0.023724,0.081563,-0.012703,-0.000004318,0.000020213,-0.000044695,0.015218,-0.021077,-0.006287,0.999642
15.250000,0.016635,0.005685,9.675288,-0.024197,0.082614,-0.012784,-0.000004119,0.000020700,-0.000044562,0.015109,-0.020663,-0.006340,0.999652
15.260000,0.013169,0.014331,9.655077,-0.024927,0.083124,-0.011769,-0.000004021,0.000020723,-0.000044691,0.014999,-0.020246,-0.006393,0.999662
15.270000,0.114216,0.049676,9.685274,-0.024835,0.082020,-0.013647,-0.000004246,0.000020856,-0.000044916,0.014889,-0.019828,-0.006447,0.999672
15.280000,0.096444,0.047744,9.731969,-0.024439,0.080812,-0.012387,-0.000004052,0.000020569,-0.000045002,0.014778,-0.019411,-0.006500,0.999681
15.290000,0.057731,0.023694,9.754082,-0.024948,0.082668,-0.012490,-0.000004020,0.000020752,-0.000044642,0.014667,-0.018993,-0.006553,0.999691
15.300000,0.077280,0.039652,9.736743,-0.024548,0.081815,-0.013496,-0.000003898,0.000020645,-0.000044843,0.014555,-0.018575,-0.006605,0.999700
15.310000,0.030816,0.046008,9.732362,-0.025335,0.083243,-0.012692,-0.000003784,0.000020770,-0.000044660,0.014443,-0.018156,-0.006658,0.999709
15.320000,0.073139,0.037040,9.763066,-0.026589,0.082759,-0.012606,-0.000003867,0.000020659,-0.000044510,0.014331,-0.017736,-0.006711,0.999717
15.330000,0.094598,0.023885,9.742652,-0.025576,0.082047,-0.013289,-0.000003641,0.000020762,-0.000044648,0.014218,-0.017315,-0.006764,0.999726
15.340000,0.080617,0.032754,9.730116,-0.023710,0.083227,-0.013804,-0.000003701,0.000020787,-0.000044763,0.014106,-0.016894,-0.006817,0.999735
15.350000,0.101354,0.024008,9.742818,-0.025149,0.083626,-0.012193,-0.000003877,0.000020680,-0.000044936,0.013993,-0.016474,-0.006870,0.999743
15.360000,0.090866,0.022790,9.754640,-0.025216,0.083636,-0.012713,-0.000003612,0.000020892,-0.000044880,0.013880,-0.016054,-0.006922,0.999751
15.370000,0.033961,0.001671,9.711150,-0.026167,0.082655,-0.012182,-0.000003663,0.000020781,-0.000044805,0.013765,-0.015633,-0.006974,0.999759
15.380000,0.062902,0.003470,9.692984,-0.025534,0.082636,-0.013331,-0.000003601,0.000020996,-0.000044973,0.013650,-0.015211,-0.007026,0.999766
15.390000,0.080523,0.017280,9.708707,-0.025380,0.084546,-0.013588,-0.000003548,0.000020834,-0.000044852,0.013533,-0.014788,-0.007077,0.999774
15.400000,0.058043,0.025918,9.741221,-0.025213,0.083574,-0.011374,-0.000003588,0.000020839,-0.000044851,0.013415,-0.014365,-0.007128,0.999781
15.410000,0.028320,-0.018955,9.735798,-0.026977,0.083743,-0.012883,-0.000003632,0.000020934,-0.000044579,0.013295,-0.013940,-0.007178,0.999789
15.420000,0.034352,-0.019956,9.712473,-0.027314,0.083950,-0.012369,-0.000003293,0.000020866,-0.000044938,0.013174,-0.013513,-0.007228,0.999796
15.430000,0.132537,0.033019,9.691279,-0.027084,0.083851,-0.012194,-0.000003511,0.000020742,-0.000044685,0.013053,-0.013088,-0.007278,0.999803
15.440000,0.116928,0.039747,9.739512,-0.025847,0.084404,-0.011919,-0.000003595,0.000020719,-0.000044686,0.012931,-0.012663,-0.007327,0.999809
15.450000,0.153022,0.068289,9.704828,-0.026799,0.083116,-0.012020,-0.000003024,0.000020926,-0.000044968,0.012809,-0.012241,-0.007376,0.999816
15.460000,0.113776,0.045836,9.719184,-0.025999,0.082399,-0.012425,-0.000003419,0.000021116,-0.000044802,0.012688,-0.011822,-0.007424,0.999822
15.470000,0.127661,0.047343,9.688204,-0.025781,0.083231,-0.010732,-0.000003292,0.000020908,-0.000044939,0.012566,-0.011404,-0.007471,0.999828
15.480000,0.111011,0.051761,9.745075,-0.026785,0.081785,-0.012238,-0.000003378,0.000020707,-0.000044909,0.012444,-0.010990,-0.007518,0.999834
15.490000,0.130485,0.018678,9.725567,-0.026795,0.080222,-0.010963,-0.000003356,0.000020750,-0.000044706,0.012322,-0.010577,-0.007564,0.999840
15.500000,0.156020,0.028000,9.717530,-0.026659,0.081361,-0.012057,-0.000003050,0.000021080,-0.000044898,0.012200,-0.010167,-0.007609,0.999845
15.510000,0.076257,0.041020,9.737607,-0.026967,0.080855,-0.011749,-0.000003033,0.000020774,-0.000044772,0.012077,-0.009758,-0.007654,0.999850
15.520000,0.102075,0.011797,9.709648,-0.026786,0.080778,-0.011725,-0.000003064,0.000020826,-0.000044765,0.011953,-0.009350,-0.007698,0.999855
15.530000,0.098748,0.020092,9.727263,-0.025784,0.080274,-0.011302,-0.000003247,0.000020801,-0.000044852,0.011828,-0.008943,-0.007741,0.999860
15.540000,0.094208,0.028209,9.747184,-0.026332,0.080270,-0.011413,-0.000003104,0.000021126,-0.000044834,0.011702,-0.008537,-0.007784,0.999865
15.550000,0.043800,0.010835,9.728472,-0.027308,0.081184,-0.010254,-0.000003076,0.000021078,-0.000044835,0.011575,-0.008131,-0.007826,0.999869
15.560000,0.039908,-0.006769,9.696467,-0.028328,0.080346,-0.010970,-0.000002822,0.000020835,-0.000044504,0.011445,-0.007723,-0.007867,0.999874
15.570000,0.080045,0.015326,9.730671,-0.028227,0.081027,-0.009914,-0.000003024,0.000020914,-0.000045026,0.011315,-0.007315,-0.007907,0.999878
15.580000,0.042716,0.017874,9.752007,-0.028470,0.079760,-0.009898,-0.000002912,0.000020765,-0.000044867,0.011183,-0.006907,-0.007947,0.999882
15.590000,0.062356,0.000476,9.694043,-0.028314,0.080440,-0.009317,-0.000002709,0.000020701,-0.000044683,0.011049,-0.006498,-0.007987,0.999886
15.600000,0.030766,-0.008110,9.682031,-0.028911,0.080685,-0.010914,-0.000003089,0.000020914,-0.000044518,0.010915,-0.006087,-0.008026,0.999890
15.610000,0.093733,0.012413,9.749486,-0.029869,0.081411,-0.009172,-0.000002641,0.000020984,-0.000044609,0.010780,-0.005679,-0.008064,0.999893
15.620000,0.121713,0.052496,9.726347,-0.029086,0.080308,-0.009621,-0.000002535,0.000021171,-0.000044584,0.010644,-0.005272,-0.008102,0.999897
15.630000,0.162155,0.059147,9.735128,-0.028878,0.079679,-0.009022,-0.000002669,0.000020896,-0.000044893,0.010508,-0.004869,-0.008139,0.999900
15.640000,0.161565,0.045218,9.736047,-0.029628,0.079830,-0.010103,-0.000002582,0.000021102,-0.000044611,0.010373,-0.004468,-0.008175,0.999903
15.650000,0.170996,0.039386,9.710905,-0.028780,0.078610,-0.009204,-0.000002471,0.000021013,-0.000044787,0.010237,-0.004072,-0.008210,0.999906
15.660000,0.166305,0.019162,9.729413,-0.028610,0.078445,-0.009120,-0.000002622,0.000021229,-0.000044754,0.010101,-0.003679,-0.008244,0.999908
15.670000,0.170620,0.008074,9.731904,-0.029581,0.077265,-0.009332,-0.000002794,0.000021060,-0.000044948,0.009964,-0.003291,-0.008277,0.999911
15.680000,0.175731,0.037276,9.744549,-0.028464,0.075512,-0.008212,-0.000002793,0.000020848,-0.000044716,0.009827,-0.002907,-0.008308,0.999913
15.690000,0.146356,0.050125,9.729637,-0.028839,0.076040,-0.008951,-0.000002775,0.000021185,-0.000044826,0.009690,-0.002527,-0.008339,0.999915
15.700000,0.150319,0.034517,9.749476,-0.028061,0.074141,-0.008023,-0.000002231,0.000021073,-0.000044718,0.009552,-0.002151,-0.008368,0.999917
15.710000,0.142981,0.026747,9.729345,-0.030135,0.073943,-0.007397,-0.000002516,0.000021299,-0.000044595,0.009415,-0.001778,-0.008396,0.999919
15.720000,0.138132,0.032340,9.739888,-0.028873,0.073626,-0.008360,-0.000002250,0.000021184,-0.000044735,0.009277,-0.001408,-0.008423,0.999920
15.730000,0.097001,0.053638,9.751390,-0.028611,0.072646,-0.007060,-0.000002492,0.000021121,-0.000044625,0.009139,-0.001040,-0.008450,0.999922
15.740000,0.100769,0.076645,9.739450,-0.030087,0.071970,-0.006606,-0.000002424,0.000021080,-0.000044807,0.009001,-0.000674,-0.008477,0.999923
15.750000,0.045605,0.030852,9.740152,-0.029411,0.072514,-0.007291,-0.000002425,0.000021121,-0.000044634,0.008863,-0.000308,-0.008504,0.999925
15.760000,0.021666,0.021659,9.717957,-0.029840,0.072325,-0.007614,-0.000002163,0.000021118,-0.000044671,0.008724,0.000059,-0.008530,0.999926
15.770000,0.032612,0.040460,9.754641,-0.029113,0.072605,-0.008622,-0.000002309,0.000020909,-0.000044632,0.008584,0.000426,-0.008556,0.999926
15.780000,0.043144,0.029397,9.719150,-0.030790,0.072605,-0.006752,-0.000002439,0.000021160,-0.000044422,0.008444,0.000793,-0.008581,0.999927
15.790000,0.065656,0.002224,9.697883,-0.030778,0.072987,-0.007887,-0.000002308,0.000021247,-0.000044654,0.008302,0.001161,-0.008606,0.999928
15.800000,0.045297,0.030247,9.693038,-0.029747,0.072599,-0.006243,-0.000002116,0.000021185,-0.000044602,0.008160,0.001529,-0.008631,0.999928
15.810000,0.093252,0.035034,9.730305,-0.031411,0.072667,-0.006920,-0.000002398,0.000021158,-0.000044536,0.008017,0.001895,-0.008655,0.999929
15.820000,0.085790,0.029728,9.736979,-0.031478,0.072734,-0.006303,-0.000002329,0.000021040,-0.000044578,0.007874,0.002260,-0.008679,0.999929
15.830000,0.043306,0.030526,9.694638,-0.030378,0.071474,-0.006676,-0.000002047,0.000021323,-0.000044806,0.007730,0.002624,-0.008702,0.999929
15.840000,0.068483,-0.005788,9.715619,-0.031453,0.072113,-0.006506,-0.000002289,0.000021151,-0.000044630,0.007584,0.002989,-0.008724,0.999929
15.850000,0.106656,0.066721,9.746599,-0.030437,0.072555,-0.005951,-0.000002210,0.000021254,-0.000044546,0.007438,0.003351,-0.008746,0.999928
15.860000,0.105221,0.022333,9.735741,-0.030992,0.070352,-0.005503,-0.000002089,0.000021671,-0.000044681,0.007293,0.003710,-0.008767,0.999928
15.870000,0.145922,0.061999,9.736875,-0.030582,0.070201,-0.005913,-0.000001812,0.000021356,-0.000044678,0.007147,0.004066,-0.008787,0.999928
15.880000,0.135827,0.036463,9.752690,-0.030211,0.069432,-0.005620,-0.000002115,0.000021263,-0.000044446,0.007003,0.004417,-0.008806,0.999927
15.890000,0.166757,0.075962,9.736842,-0.030133,0.067629,-0.005762,-0.000002135,0.000021363,-0.000044698,0.006859,0.004764,-0.008825,0.999926
15.900000,0.180780,0.074538,9.754937,-0.030798,0.067431,-0.006334,-0.000002086,0.000021337,-0.000044778,0.006716,0.005106,-0.008843,0.999925
15.910000,0.161587,0.031402,9.731607,-0.030542,0.067767,-0.005494,-0.000001606,0.000021331,-0.000044628,0.006574,0.005444,-0.008861,0.999924
15.920000,0.173587,0.043181,9.766605,-0.030140,0.065856,-0.005844,-0.000001746,0.000021599,-0.000044630,0.006432,0.005777,-0.008877,0.999923
15.930000,0.123882,0.045195,9.737954,-0.030156,0.064759,-0.004339,-0.000001712,0.000021355,-0.000044387,0.006291,0.006106,-0.008893,0.999922
15.940000,0.163562,0.030935,9.721632,-0.030035,0.063791,-0.004664,-0.000001851,0.000021320,-0.000044609,0.006150,0.006432,-0.008908,0.999921
15.950000,0.111027,0.054517,9.759541,-0.030065,0.063151,-0.005454,-0.000001712,0.000021312,-0.000044653,0.006010,0.006754,-0.008922,0.999919
15.960000,0.099666,0.037830,9.738294,-0.028732,0.062563,-0.005173,-0.000001687,0.000021601,-0.000044657,0.005869,0.007073,-0.008936,0.999918
15.970000,0.094111,0.024549,9.739000,-0.029515,0.062684,-0.004525,-0.000001884,0.000021400,-0.000044671,0.005728,0.007390,-0.008949,0.999916
15.980000,0.063777,0.032576,9.749453,-0.029094,0.061344,-0.004220,-0.000001849,0.000021636,-0.000044331,0.005587,0.007706,-0.008961,0.999915
15.990000,0.103027,0.025788,9.759452,-0.029496,0.062093,-0.004119,-0.000001734,0.000021557,-0.000044610,0.005446,0.008020,-0.008973,0.999913
16.000000,0.085892,0.008219,9.745553,-0.030576,0.062181,-0.003464,-0.000001485,0.000021571,-0.000044557,0.005305,0.008332,-0.008985,0.999911
16.010000,0.065159,0.001572,9.713072,-0.030454,0.061318,-0.003078,-0.000001544,0.000021697,-0.000044669,0.005162,0.008644,-0.008996,0.999909
16.020000,0.024544,0.003350,9.700334,-0.031481,0.062301,-0.002923,-0.000001688,0.000021764,-0.000044482,0.005018,0.008956,-0.009006,0.999907
16.030000,0.098409,0.030112,9.698446,-0.029188,0.060650,-0.004156,-0.000001690,0.000021586,-0.000044504,0.004875,0.009265,-0.009015,0.999905
16.040000,0.133325,0.046069,9.721219,-0.029981,0.059566,-0.003105,-0.000001657,0.000021507,-0.000044622,0.004731,0.009571,-0.009024,0.999902
16.050000,0.074505,-0.008340,9.705301,-0.030261,0.060482,-0.003016,-0.000001499,0.000021507,-0.000044575,0.004587,0.009876,-0.009033,0.999900
16.060000,0.086098,0.033970,9.727354,-0.029405,0.059217,-0.004066,-0.000001736,0.000021610,-0.000044783,0.004443,0.010180,-0.009040,0.999897
16.070000,0.153079,0.055182,9.741780,-0.030605,0.058140,-0.003677,-0.000001252,0.000021810,-0.000044496,0.004299,0.010479,-0.009048,0.999895
16.080000,0.144477,0.053327,9.739876,-0.029398,0.058101,-0.003056,-0.000001259,0.000021543,-0.000044346,0.004156,0.010775,-0.009054,0.999892
16.090000,0.166916,0.058624,9.751291,-0.029955,0.057455,-0.002985,-0.000001315,0.000021796,-0.000044563,0.004014,0.011066,-0.009060,0.999890
16.100000,0.154149,0.056129,9.744364,-0.029801,0.056200,-0.002725,-0.000001277,0.000021504,-0.000044398,0.003875,0.011353,-0.009066,0.999887
16.110000,0.161237,0.057920,9.762586,-0.027793,0.055396,-0.002180,-0.000001398,0.000021525,-0.000044497,0.003736,0.011634,-0.009071,0.999884
16.120000,0.156721,0.092929,9.741315,-0.028678,0.054640,-0.003243,-0.000001180,0.000021704,-0.000044422,0.003599,0.011910,-0.009076,0.999881
16.130000,0.141628,0.045011,9.776573,-0.029147,0.053869,-0.003266,-0.000001192,0.000021728,-0.000044434,0.003463,0.012183,-0.009081,0.999879
16.140000,0.132111,0.041258,9.745335,-0.028854,0.052684,-0.001850,-0.000001346,0.000021508,-0.000044687,0.003328,0.012452,-0.009085,0.999876
16.150000,0.073775,0.052839,9.747143,-0.029242,0.051848,-0.002186,-0.000001204,0.000021621,-0.000044525,0.003193,0.012719,-0.009088,0.999873
16.160000,0.041248,0.051449,9.759710,-0.028200,0.052712,-0.002497,-0.000001291,0.000021656,-0.000044555,0.003058,0.012985,-0.009091,0.999870
16.170000,0.076810,0.046110,9.749441,-0.027543,0.052748,-0.002706,-0.000001357,0.000021655,-0.000044504,0.002923,0.013248,-0.009094,0.999867
16.180000,0.117163,0.043953,9.762351,-0.028464,0.051819,-0.001109,-0.000001324,0.000021403,-0.000044554,0.002789,0.013509,-0.009096,0.999863
16.190000,0.064326,0.036302,9.724457,-0.028906,0.051651,-0.002139,-0.000001039,0.000021703,-0.000044413,0.002654,0.013770,-0.009098,0.999860
16.200000,0.018876,0.006814,9.726871,-0.028804,0.051154,-0.003453,-0.000001145,0.000021910,-0.000044246,0.002518,0.014030,-0.009100,0.999857
16.210000,0.098480,0.036962,9.715606,-0.027906,0.051639,-0.002241,-0.000001127,0.000021704,-0.000044164,0.002384,0.014289,-0.009102,0.999854
16.220000,0.137076,0.058924,9.703763,-0.028300,0.050521,-0.001587,-0.000000977,0.000021617,-0.000044704,0.002250,0.014544,-0.009103,0.999850
16.230000,0.073552,0.035227,9.704096,-0.028511,0.049736,-0.001694,-0.000001257,0.000021803,-0.000044264,0.002116,0.014799,-0.009104,0.999847
16.240000,0.047027,0.046364,9.722170,-0.028173,0.050003,-0.001483,-0.000001105,0.000021590,-0.000044436,0.001981,0.015053,-0.009104,0.999843
16.250000,0.134502,0.065056,9.732405,-0.028256,0.049260,-0.002399,-0.000001112,0.000021831,-0.000044399,0.001847,0.015303,-0.009104,0.999840
16.260000,0.104077,0.042122,9.708788,-0.028036,0.048712,-0.000999,-0.000001105,0.000021958,-0.000044533,0.001714,0.015551,-0.009104,0.999836
16.270000,0.063362,0.061846,9.718370,-0.027457,0.048177,-0.001792,-0.000001041,0.000021836,-0.000044332,0.001582,0.015796,-0.009104,0.999833
16.280000,0.095634,0.044125,9.737907,-0.027656,0.048093,-0.001622,-0.000000931,0.000021885,-0.000044376,0.001450,0.016039,-0.009103,0.999829
16.290000,0.129118,0.054373,9.755258,-0.027060,0.047403,-0.001695,-0.000000927,0.000021799,-0.000044287,0.001320,0.016279,-0.009102,0.999825
16.300000,0.177921,0.082105,9.738195,-0.026898,0.046502,-0.001694,-0.000001018,0.000021710,-0.000044469,0.001191,0.016513,-0.009101,0.999822
16.310000,0.120848,0.026187,9.739244,-0.026700,0.045132,-0.001391,-0.000000814,0.000022052,-0.000044332,0.001062,0.016746,-0.009099,0.999818
16.320000,0.114526,0.052308,9.728374,-0.026986,0.046049,-0.000778,-0.000000879,0.000021698,-0.000044428,0.000933,0.016975,-0.009096,0.999814
16.330000,0.151889,0.069385,9.746734,-0.027093,0.044702,-0.001144,-0.000001032,0.000021910,-0.000044341,0.000806,0.017201,-0.009094,0.999810
16.340000,0.128012,0.069082,9.758936,-0.025845,0.043190,-0.001150,-0.000000858,0.000022096,-0.000044268,0.000681,0.017423,-0.009091,0.999807
16.350000,0.064898,0.033639,9.744031,-0.027678,0.043521,-0.000807,-0.000000836,0.000022053,-0.000044526,0.000556,0.017644,-0.009088,0.999803
16.360000,0.049375,0.014142,9.741245,-0.026466,0.043252,-0.000363,-0.000001009,0.000021715,-0.000044325,0.000430,0.017864,-0.009085,0.999799
16.370000,0.096347,0.048375,9.771742,-0.025316,0.043313,-0.000774,-0.000000675,0.000022117,-0.000044261,0.000306,0.018081,-0.009081,0.999795
16.380000,0.113345,0.059852,9.771977,-0.026462,0.042190,-0.000221,-0.000000463,0.000021946,-0.000044236,0.000183,0.018295,-0.009078,0.999791
16.390000,0.043830,0.015324,9.738441,-0.025228,0.041441,-0.001800,-0.000000670,0.000022098,-0.000044655,0.000059,0.018509,-0.009074,0.999788
16.400000,0.069676,0.026975,9.741059,-0.025463,0.041315,0.000806,-0.000000728,0.000021741,-0.000044238,-0.000064,0.018722,-0.009070,0.999784
16.410000,0.135133,0.048009,9.744684,-0.025097,0.041547,0.000104,-0.000000843,0.000021956,-0.000044536,-0.000187,0.018933,-0.009066,0.999780
16.420000,0.115391,0.067647,9.709022,-0.026053,0.041660,-0.000350,-0.000000667,0.000021980,-0.000044456,-0.000309,0.019140,-0.009061,0.999776
16.430000,0.074427,0.025339,9.733457,-0.025769,0.040632,-0.001002,-0.000000615,0.000022204,-0.000044218,-0.000432,0.019346,-0.009056,0.999772
16.440000,0.058281,0.021085,9.729063,-0.025437,0.040166,-0.000369,-0.000000692,0.000021865,-0.000044409,-0.000554,0.019551,-0.009050,0.999768
16.450000,0.139391,0.064363,9.736941,-0.025526,0.039930,-0.000285,-0.000000656,0.000021977,-0.000044309,-0.000676,0.019753,-0.009044,0.999764
16.460000,0.129012,0.076495,9.740704,-0.026040,0.038050,-0.000018,-0.000000802,0.000022010,-0.000044141,-0.000796,0.019950,-0.009038,0.999760
16.470000,0.110817,0.062589,9.699104,-0.025290,0.038081,-0.000058,-0.000000711,0.000021921,-0.000044360,-0.000915,0.020145,-0.009032,0.999756
16.480000,0.113745,0.065778,9.735650,-0.023979,0.037210,0.000092,-0.000000423,0.000021943,-0.000044297,-0.001034,0.020336,-0.009025,0.999752
16.490000,0.150304,0.087886,9.771559,-0.024581,0.036445,-0.001451,-0.000000697,0.000022313,-0.000044173,-0.001150,0.020522,-0.009018,0.999748
16.500000,0.134005,0.079853,9.741314,-0.025604,0.035104,-0.000085,-0.000000668,0.000022137,-0.000044126,-0.001266,0.020703,-0.009010,0.999744
16.510000,0.090095,0.041445,9.753042,-0.022854,0.035651,-0.000794,-0.000000387,0.000022086,-0.000044106,-0.001381,0.020882,-0.009002,0.999740
16.520000,0.090484,0.040564,9.751408,-0.023625,0.034728,0.000375,-0.000000379,0.000022293,-0.000044298,-0.001496,0.021059,-0.008993,0.999737
16.530000,0.148965,0.085876,9.761799,-0.024355,0.035182,0.001118,-0.000000612,0.000022139,-0.000044152,-0.001610,0.021232,-0.008984,0.999733
16.540000,0.117198,0.086408,9.781848,-0.022475,0.032866,-0.001055,-0.000000738,0.000021949,-0.000044010,-0.001722,0.021400,-0.008975,0.999729
16.550000,0.043194,-0.000184,9.748819,-0.024311,0.032777,0.001364,-0.000000502,0.000022133,-0.000044294,-0.001834,0.021568,-0.008966,0.999725
16.560000,0.051252,0.048734,9.744175,-0.023043,0.032118,0.000590,-0.000000469,0.000021918,-0.000044304,-0.001947,0.021735,-0.008956,0.999722
16.570000,0.121667,0.066176,9.720607,-0.022856,0.031133,0.000332,-0.000000463,0.000022099,-0.000044247,-0.002058,0.021899,-0.008946,0.999718
16.580000,0.098909,0.076093,9.730204,-0.023461,0.031438,0.000866,-0.000000424,0.000022106,-0.000044233,-0.002169,0.022061,-0.008936,0.999714
16.590000,0.027043,0.027827,9.729992,-0.023305,0.031104,0.001607,-0.000000571,0.000022014,-0.000044141,-0.002279,0.022221,-0.008925,0.999711
16.600000,0.090872,0.032389,9.735438,-0.022940,0.031035,0.000607,-0.000000580,0.000022206,-0.000044133,-0.002390,0.022381,-0.008915,0.999707
16.610000,0.070123,0.031196,9.762716,-0.024213,0.030909,0.000379,-0.000000460,0.000022260,-0.000044270,-0.002501,0.022540,-0.008904,0.999703
16.620000,0.042340,0.034424,9.731810,-0.023114,0.030860,0.000579,-0.000000375,0.000022244,-0.000044031,-0.002611,0.022699,-0.008893,0.999699
16.630000,0.098455,0.032309,9.724176,-0.023011,0.031723,0.001167,-0.000000443,0.000022169,-0.000044161,-0.002722,0.022855,-0.008882,0.999696
16.640000,0.078534,0.029976,9.715251,-0.022817,0.031011,0.001028,-0.000000180,0.000022344,-0.000044394,-0.002832,0.023010,-0.008871,0.999692
16.650000,0.120492,0.081464,9.724585,-0.022244,0.029485,0.001436,-0.000000492,0.000022113,-0.000044402,-0.002941,0.023161,-0.008859,0.999688
16.660000,0.143925,0.042414,9.751397,-0.022505,0.028405,0.001170,-0.000000488,0.000022297,-0.000044275,-0.003049,0.023308,-0.008846,0.999685
16.670000,0.050581,0.028982,9.728845,-0.022636,0.028455,0.001180,-0.000000325,0.000022188,-0.000044172,-0.003157,0.023453,-0.008833,0.999681
16.680000,0.069264,0.026029,9.733084,-0.022836,0.028239,0.001416,-0.000000523,0.000022188,-0.000043949,-0.003266,0.023598,-0.008820,0.999677
16.690000,0.131930,0.068684,9.732377,-0.022607,0.027685,0.001271,-0.000000185,0.000022219,-0.000044244,-0.003374,0.023738,-0.008806,0.999674
16.700000,0.121130,0.058125,9.743074,-0.022081,0.026311,0.001592,-0.000000307,0.000022112,-0.000044300,-0.003480,0.023874,-0.008792,0.999670
16.710000,0.069838,0.014363,9.705315,-0.022492,0.026277,0.002018,-0.000000261,0.000022085,-0.000044192,-0.003586,0.024008,-0.008777,0.999667
16.720000,0.067574,0.000094,9.753907,-0.021611,0.026033,0.001853,-0.000000426,0.000022606,-0.000044195,-0.003691,0.024141,-0.008762,0.999663
16.730000,0.132651,0.047090,9.738273,-0.023254,0.025915,0.002156,-0.000000304,0.000022269,-0.000043971,-0.003796,0.024269,-0.008747,0.999660
16.740000,0.123308,0.053146,9.738314,-0.022165,0.024267,0.002231,-0.000000038,0.000022216,-0.000044039,-0.003900,0.024394,-0.008731,0.999657
16.750000,0.080821,0.019354,9.749192,-0.022315,0.024549,0.002031,0.000000162,0.000022382,-0.000043892,-0.004004,0.024516,-0.008715,0.999653
16.760000,0.046972,-0.011841,9.746284,-0.021152,0.022175,0.002274,0.000000064,0.000022424,-0.000044182,-0.004108,0.024637,-0.008698,0.999650
16.770000,0.130010,0.069991,9.747600,-0.021508,0.023143,0.002232,-0.000000324,0.000022317,-0.000044216,-0.004211,0.024755,-0.008681,0.999647
16.780000,0.127141,0.064205,9.759628,-0.020148,0.021733,0.002168,0.000000023,0.000022304,-0.000044438,-0.004313,0.024869,-0.008664,0.999644
16.790000,0.050111,0.033940,9.721653,-0.020747,0.021558,0.002273,-0.000000319,0.000022604,-0.000044137,-0.004414,0.024981,-0.008646,0.999641
16.800000,0.052086,0.034634,9.749026,-0.020141,0.020829,0.002515,-0.000000157,0.000022485,-0.000044197,-0.004514,0.025093,-0.008629,0.999638
16.810000,0.045533,0.049564,9.739599,-0.020611,0.021277,0.002327,-0.000000168,0.000022272,-0.000043900,-0.004614,0.025203,-0.008611,0.999635
16.820000,0.065565,0.048941,9.753430,-0.020313,0.021281,0.002572,-0.000000006,0.000022247,-0.000044275,-0.004714,0.025312,-0.008594,0.999632
16.830000,0.134953,0.079603,9.779809,-0.020702,0.019443,0.002127,0.000000027,0.000022220,-0.000044139,-0.004811,0.025416,-0.008576,0.999629
16.840000,0.127667,0.058529,9.797542,-0.019519,0.019657,0.001812,0.000000051,0.000022484,-0.000043773,-0.004907,0.025516,-0.008559,0.999626
16.850000,0.075487,0.028210,9.757503,-0.019879,0.019621,0.001952,-0.000000080,0.000022379,-0.000043750,-0.005002,0.025614,-0.008541,0.999623
16.860000,0.082089,0.026878,9.734244,-0.020070,0.019428,0.003151,-0.000000195,0.000022490,-0.000044014,-0.005096,0.025711,-0.008523,0.999620
16.870000,0.177979,0.060255,9.773151,-0.019118,0.017870,0.001854,0.000000063,0.000022490,-0.000044282,-0.005189,0.025802,-0.008504,0.999617
16.880000,0.173541,0.068255,9.778835,-0.018408,0.016724,0.002096,-0.000000313,0.000022424,-0.000043893,-0.005280,0.025887,-0.008486,0.999615
16.890000,0.104157,0.058012,9.767796,-0.018258,0.016415,0.003426,-0.000000246,0.000022436,-0.000044281,-0.005370,0.025970,-0.008466,0.999612
16.900000,0.105804,0.036741,9.804442,-0.017793,0.014825,0.003291,-0.000000257,0.000022123,-0.000043905,-0.005459,0.026048,-0.008447,0.999610
16.910000,0.085738,0.039518,9.760834,-0.018527,0.014976,0.002955,-0.000000224,0.000022423,-0.000043906,-0.005547,0.026124,-0.008427,0.999608
16.920000,0.099942,0.037406,9.765406,-0.017983,0.012892,0.002661,0.000000065,0.000022353,-0.000044064,-0.005635,0.026197,-0.008407,0.999606
16.930000,0.151897,0.045768,9.762979,-0.017852,0.012710,0.003143,-0.000000278,0.000022468,-0.000044208,-0.005721,0.026265,-0.008386,0.999603
16.940000,0.128675,0.065861,9.795687,-0.018178,0.011802,0.002205,-0.000000104,0.000022730,-0.000044073,-0.005805,0.026329,-0.008365,0.999601
16.950000,0.040936,0.007985,9.761879,-0.017582,0.011239,0.003775,-0.000000031,0.000022707,-0.000044119,-0.005889,0.026391,-0.008344,0.999600
16.960000,0.059522,0.018912,9.740337,-0.017637,0.011915,0.003695,-0.000000066,0.000022555,-0.000044117,-0.005972,0.026452,-0.008323,0.999598
16.970000,0.111778,0.068709,9.790542,-0.016406,0.011245,0.003047,-0.000000184,0.000022616,-0.000044133,-0.006055,0.026510,-0.008302,0.999596
16.980000,0.078755,0.038552,9.796293,-0.016766,0.010594,0.002728,-0.000000140,0.000022600,-0.000044035,-0.006136,0.026565,-0.008280,0.999594
16.990000,0.040303,0.046561,9.738319,-0.016536,0.011814,0.003051,0.000000170,0.000022580,-0.000043860,-0.006216,0.026618,-0.008259,0.999592
17.000000,0.045894,0.021713,9.740511,-0.016589,0.010307,0.002654,0.000000176,0.000022677,-0.000043957,-0.006296,0.026671,-0.008238,0.999591
17.010000,0.158515,0.094963,9.765740,-0.015195,0.009277,0.002932,-0.000000067,0.000022533,-0.000044048,-0.006374,0.026719,-0.008216,0.999589
17.020000,0.151084,0.091138,9.735317,-0.015533,0.008368,0.003056,0.000000090,0.000022540,-0.000044177,-0.006450,0.026761,-0.008195,0.999587
17.030000,0.041146,0.023380,9.758501,-0.015191,0.008588,0.003355,-0.000000082,0.000022565,-0.000044009,-0.006525,0.026803,-0.008173,0.999586
17.040000,0.037932,0.034284,9.779809,-0.015186,0.007541,0.002313,0.000000210,0.000022560,-0.000044108,-0.006599,0.026843,-0.008151,0.999585
17.050000,0.134476,0.083621,9.759327,-0.015603,0.007999,0.003165,0.000000076,0.000022941,-0.000044085,-0.006672,0.026879,-0.008129,0.999583
17.060000,0.163727,0.058899,9.779465,-0.014216,0.005731,0.003594,-0.000000131,0.000022720,-0.000043930,-0.006743,0.026909,-0.008107,0.999582
17.070000,0.103076,0.055591,9.754331,-0.014122,0.005506,0.003132,0.000000043,0.000022769,-0.000044331,-0.006813,0.026936,-0.008084,0.999581
17.080000,0.080600,0.039556,9.755047,-0.014792,0.004091,0.003611,-0.000000049,0.000022664,-0.000044083,-0.006881,0.026960,-0.008062,0.999580
17.090000,0.151090,0.072336,9.790442,-0.013997,0.003199,0.004215,0.000000144,0.000022177,-0.000043950,-0.006947,0.026979,-0.008039,0.999580
17.100000,0.150394,0.052458,9.788190,-0.013871,0.002570,0.003134,-0.000000239,0.000022720,-0.000043909,-0.007011,0.026993,-0.008016,0.999579
17.110000,0.064497,0.044780,9.757511,-0.012128,0.001587,0.003418,0.000000210,0.000022514,-0.000044103,-0.007074,0.027004,-0.007993,0.999578
17.120000,0.052866,0.059647,9.744679,-0.013866,0.001570,0.003143,-0.000000114,0.000022382,-0.000044094,-0.007136,0.027012,-0.007970,0.999578
17.130000,0.156045,0.069249,9.784861,-0.010725,0.000983,0.004023,0.000000106,0.000022387,-0.000044260,-0.007197,0.027016,-0.007946,0.999578
17.140000,0.151543,0.048463,9.790596,-0.011972,-0.000259,0.004769,0.000000235,0.000022432,-0.000044169,-0.007256,0.027014,-0.007922,0.999577
17.150000,0.058883,0.016213,9.761624,-0.010819,-0.000347,0.004749,0.000000305,0.000022436,-0.000044037,-0.007316,0.027010,-0.007897,0.999577
17.160000,0.071812,0.011941,9.768848,-0.010945,-0.002078,0.004670,0.000000176,0.000022655,-0.000044254,-0.007375,0.027004,-0.007872,0.999577
17.170000,0.134908,0.053692,9.796818,-0.010062,-0.002379,0.003827,0.000000169,0.000022610,-0.000044052,-0.007433,0.026994,-0.007846,0.999577
17.180000,0.115176,0.024260,9.809796,-0.012344,-0.003834,0.003741,0.000000053,0.000022599,-0.000043669,-0.007490,0.026979,-0.007820,0.999577
17.190000,0.066822,0.024872,9.784118,-0.010962,-0.004040,0.004806,0.000000010,0.000022756,-0.000044151,-0.007547,0.026962,-0.007793,0.999578
17.200000,0.043589,0.009999,9.768115,-0.010987,-0.003399,0.005860,0.000000053,0.000022668,-0.000043940,-0.007605,0.026944,-0.007765,0.999578
17.210000,0.125345,0.053732,9.743957,-0.012701,-0.005196,0.004426,-0.000000063,0.000022579,-0.000044144,-0.007661,0.026921,-0.007738,0.999578
17.220000,0.099974,0.048049,9.766173,-0.011111,-0.006569,0.004570,0.000000018,0.000022914,-0.000043990,-0.007716,0.026894,-0.007710,0.999579
17.230000,0.066967,0.013221,9.767690,-0.011201,-0.006362,0.004659,-0.000000001,0.000022659,-0.000043813,-0.007770,0.026865,-0.007681,0.999579
17.240000,0.055609,0.044788,9.781022,-0.010527,-0.007115,0.005565,0.000000037,0.000022886,-0.000044118,-0.007823,0.026834,-0.007653,0.999580
17.250000,0.105210,0.085111,9.760393,-0.010107,-0.007971,0.003039,0.000000214,0.000022851,-0.000043717,-0.007875,0.026798,-0.007624,0.999581
17.260000,0.117199,0.057736,9.748890,-0.010207,-0.008716,0.006191,-0.000000010,0.000022682,-0.000044118,-0.007925,0.026758,-0.007595,0.999582
17.270000,0.038881,0.028733,9.758988,-0.009846,-0.007521,0.005101,0.000000140,0.000022776,-0.000043921,-0.007975,0.026717,-0.007566,0.999583
17.280000,0.007160,0.026342,9.760330,-0.010055,-0.009350,0.004132,0.000000065,0.000022529,-0.000043969,-0.008024,0.026674,-0.007537,0.999584
17.290000,0.121662,0.059505,9.777715,-0.009629,-0.009448,0.005092,0.000000259,0.000022747,-0.000043965,-0.008072,0.026628,-0.007507,0.999585
17.300000,0.114009,0.052382,9.780826,-0.009554,-0.010174,0.004456,0.000000078,0.000022607,-0.000043729,-0.008118,0.026576,-0.007478,0.999586
17.310000,0.056985,0.029040,9.770507,-0.009561,-0.011280,0.005382,-0.000000000,0.000022552,-0.000044281,-0.008163,0.026523,-0.007448,0.999587
17.320000,0.076338,0.055363,9.753958,-0.008250,-0.011249,0.005965,-0.000000019,0.000023041,-0.000043845,-0.008207,0.026467,-0.007418,0.999588
17.330000,0.162013,0.050755,9.771297,-0.008648,-0.011877,0.005379,-0.000000016,0.000022607,-0.000044146,-0.008250,0.026406,-0.007388,0.999590
17.340000,0.152159,0.078515,9.785989,-0.009546,-0.012676,0.005733,0.000000024,0.000022959,-0.000043964,-0.008291,0.026340,-0.007357,0.999592
17.350000,0.074311,0.018795,9.758774,-0.008069,-0.014475,0.004384,-0.000000152,0.000022774,-0.000043946,-0.008331,0.026273,-0.007326,0.999593
17.360000,0.069890,-0.004154,9.774306,-0.009166,-0.014241,0.005466,0.000000140,0.000022540,-0.000043687,-0.008371,0.026203,-0.007295,0.999595
17.370000,0.148582,0.024394,9.812703,-0.008738,-0.015411,0.005572,0.000000151,0.000023011,-0.000044191,-0.008410,0.026129,-0.007264,0.999597
17.380000,0.140526,0.060233,9.802405,-0.007482,-0.015233,0.004084,-0.000000003,0.000022653,-0.000044078,-0.008448,0.026051,-0.007232,0.999599
17.390000,0.055083,0.003991,9.757711,-0.007326,-0.015831,0.006045,0.000000042,0.000022719,-0.000044168,-0.008486,0.025972,-0.007199,0.999601
17.400000,0.043659,0.008222,9.785045,-0.008982,-0.015521,0.004273,-0.000000017,0.000022959,-0.000043909,-0.008523,0.025891,-0.007167,0.999603
17.410000,0.132668,0.069250,9.815120,-0.007903,-0.017142,0.004270,0.000000161,0.000022777,-0.000044168,-0.008560,0.025806,-0.007134,0.999605
17.420000,0.122011,0.077208,9.816407,-0.008270,-0.019242,0.006194,-0.000000103,0.000023054,-0.000044204,-0.008594,0.025716,-0.007101,0.999607
17.430000,0.050628,0.044628,9.766727,-0.007473,-0.020048,0.005870,0.000000036,0.000022671,-0.000043911,-0.008628,0.025625,-0.007067,0.999609
17.440000,0.060748,0.040333,9.772343,-0.006413,-0.018965,0.006270,-0.000000042,0.000022469,-0.000044047,-0.008662,0.025532,-0.007034,0.999612
17.450000,0.154088,0.072848,9.824556,-0.005424,-0.020569,0.005875,-0.000000005,0.000022828,-0.000043946,-0.008693,0.025434,-0.007000,0.999614
17.460000,0.149187,0.072630,9.827425,-0.006100,-0.021151,0.006196,-0.000000315,0.000022591,-0.000043837,-0.008723,0.025331,-0.006966,0.999617
17.470000,0.063184,0.051606,9.777591,-0.005262,-0.021542,0.006954,-0.000000193,0.000022841,-0.000044066,-0.008752,0.025227,-0.006932,0.999619
17.480000,0.043781,0.034094,9.795581,-0.005371,-0.020725,0.005991,-0.000000298,0.000022684,-0.000043788,-0.008780,0.025121,-0.006898,0.999622
17.490000,0.128231,0.058833,9.819803,-0.005586,-0.022044,0.005581,0.000000012,0.000022816,-0.000043860,-0.008807,0.025011,-0.006863,0.999625
17.500000,0.118407,0.070314,9.813508,-0.004666,-0.022851,0.007406,-0.000000191,0.000022759,-0.000043805,-0.008832,0.024896,-0.006829,0.999628
17.510000,0.070767,0.040681,9.789481,-0.004843,-0.022585,0.006110,-0.000000272,0.000022572,-0.000043945,-0.008857,0.024780,-0.006794,0.999631
17.520000,0.071443,0.031542,9.781122,-0.005780,-0.023248,0.006146,-0.000000183,0.000022588,-0.000043897,-0.008881,0.024662,-0.006759,0.999634
17.530000,0.132713,0.061648,9.827505,-0.005325,-0.025052,0.005760,-0.000000310,0.000023054,-0.000043956,-0.008904,0.024541,-0.006724,0.999637
17.540000,0.148268,0.077376,9.826120,-0.004355,-0.025291,0.005032,-0.000000269,0.000022659,-0.000043755,-0.008925,0.024415,-0.006689,0.999640
17.550000,0.063858,0.024828,9.767442,-0.004003,-0.025226,0.005991,0.000000003,0.000022700,-0.000044004,-0.008945,0.024287,-0.006654,0.999643
17.560000,0.053431,0.024766,9.764469,-0.004294,-0.026159,0.005671,-0.000000353,0.000022838,-0.000043925,-0.008965,0.024158,-0.006618,0.999646
17.570000,0.142640,0.066898,9.826640,-0.005260,-0.026237,0.005698,0.000000124,0.000022825,-0.000044070,-0.008983,0.024025,-0.006583,0.999649
17.580000,0.141118,0.080800,9.807117,-0.003058,-0.027013,0.005848,-0.000000372,0.000022712,-0.000043900,-0.008999,0.023888,-0.006548,0.999653
17.590000,0.037552,0.033009,9.770936,-0.003304,-0.027685,0.004862,-0.000000351,0.000022665,-0.000043804,-0.009014,0.023750,-0.006512,0.999656
17.600000,0.073911,0.037025,9.783614,-0.004124,-0.028433,0.005904,-0.000000114,0.000022833,-0.000043774,-0.009029,0.023610,-0.006477,0.999659
17.610000,0.118792,0.042939,9.803037,-0.003392,-0.029226,0.006848,-0.000000481,0.000022791,-0.000043835,-0.009042,0.023466,-0.006441,0.999663
17.620000,0.120247,0.074311,9.840926,-0.002328,-0.028902,0.005364,-0.000000229,0.000022792,-0.000044059,-0.009054,0.023318,-0.006405,0.999667
17.630000,0.058699,0.035560,9.780956,-0.000736,-0.029854,0.005594,-0.000000289,0.000022652,-0.000044224,-0.009065,0.023168,-0.006369,0.999670
17.640000,0.066046,0.045247,9.794520,-0.002307,-0.030067,0.006725,-0.000000427,0.000022722,-0.000043905,-0.009076,0.023017,-0.006332,0.999674
17.650000,0.136629,0.054690,9.815247,-0.001576,-0.029956,0.006251,-0.000000296,0.000022730,-0.000044101,-0.009085,0.022862,-0.006296,0.999678
17.660000,0.116624,0.039381,9.826233,-0.001848,-0.031875,0.005439,-0.000000454,0.000022814,-0.000043943,-0.009093,0.022704,-0.006260,0.999681
17.670000,0.015283,0.047960,9.774259,0.000442,-0.031733,0.006443,0.000000072,0.000023012,-0.000044193,-0.009100,0.022544,-0.006223,0.999685
17.680000,0.040529,0.033481,9.789632,-0.001027,-0.032957,0.006405,-0.000000514,0.000022911,-0.000043983,-0.009107,0.022384,-0.006187,0.999689
17.690000,0.119810,0.050831,9.835152,-0.001245,-0.033197,0.007224,-0.000000208,0.000022778,-0.000044010,-0.009112,0.022219,-0.006150,0.999693
17.700000,0.131342,0.063479,9.826222,-0.000111,-0.033770,0.006971,-0.000000350,0.000022924,-0.000043904,-0.009115,0.022051,-0.006113,0.999697
17.710000,0.031211,0.005956,9.812748,-0.000523,-0.035094,0.006699,-0.000000339,0.000023044,-0.000043699,-0.009118,0.021880,-0.006076,0.999701
17.720000,0.076535,0.024436,9.796186,-0.000636,-0.035225,0.006843,-0.000000352,0.000022720,-0.000043836,-0.009120,0.021709,-0.006039,0.999704
17.730000,0.133577,0.076279,9.834192,-0.000760,-0.035802,0.006733,-0.000000235,0.000022682,-0.000043978,-0.009121,0.021533,-0.006002,0.999709
17.740000,0.132869,0.088330,9.806914,0.001113,-0.035936,0.006338,-0.000000201,0.000022750,-0.000043840,-0.009119,0.021354,-0.005966,0.999713
17.750000,0.077041,0.065769,9.781945,0.001378,-0.036058,0.006485,-0.000000356,0.000022872,-0.000044092,-0.009116,0.021174,-0.005929,0.999717
17.760000,0.063658,0.044095,9.744802,0.000822,-0.036844,0.007178,-0.000000441,0.000022914,-0.000043979,-0.009112,0.020992,-0.005893,0.999721
17.770000,0.116278,0.081858,9.819434,0.001460,-0.037547,0.007166,-0.000000477,0.000022983,-0.000043974,-0.009105,0.020807,-0.005857,0.999725
17.780000,0.143936,0.072345,9.829146,0.002138,-0.037352,0.006273,-0.000000313,0.000022840,-0.000044046,-0.009097,0.020618,-0.005821,0.999729
17.790000,0.059263,0.031039,9.794908,0.001365,-0.038133,0.006684,-0.000000463,0.000022920,-0.000043724,-0.009089,0.020428,-0.005785,0.999733
17.800000,0.046087,0.022845,9.803310,0.000742,-0.038254,0.007282,-0.000000567,0.000022509,-0.000044022,-0.009080,0.020236,-0.005749,0.999737
17.810000,0.103043,0.038059,9.811301,0.001985,-0.038183,0.006563,-0.000000568,0.000022720,-0.000044088,-0.009069,0.020042,-0.005713,0.999742
17.820000,0.127170,0.063215,9.832136,0.002268,-0.039832,0.006070,-0.000000364,0.000022812,-0.000044098,-0.009056,0.019844,-0.005677,0.999746
17.830000,0.052949,0.056010,9.816019,0.003106,-0.040437,0.005585,-0.000000546,0.000022823,-0.000044018,-0.009043,0.019646,-0.005641,0.999750
17.840000,0.041942,0.045954,9.794116,0.002581,-0.039577,0.007036,-0.000000674,0.000022730,-0.000043935,-0.009029,0.019447,-0.005606,0.999754
17.850000,0.046266,0.042778,9.784545,0.003941,-0.039460,0.007076,-0.000000645,0.000022859,-0.000044158,-0.009015,0.019248,-0.005571,0.999759
17.860000,0.022001,0.035661,9.780887,0.004014,-0.038911,0.006661,-0.000000570,0.000022890,-0.000044194,-0.009000,0.019049,-0.005536,0.999763
17.870000,-0.015587,-0.005461,9.754492,0.003205,-0.041423,0.004819,-0.000000652,0.000022797,-0.000043858,-0.008985,0.018852,-0.005501,0.999767
17.880000,-0.015197,0.026177,9.749046,0.003258,-0.038632,0.006079,-0.000000397,0.000022873,-0.000044043,-0.008970,0.018657,-0.005467,0.999771
17.890000,0.018977,0.006286,9.762251,0.003901,-0.038505,0.005921,-0.000000507,0.000022778,-0.000043937,-0.008956,0.018464,-0.005433,0.999775
17.900000,0.020191,-0.007934,9.797031,0.002399,-0.038780,0.005545,-0.000000647,0.000022950,-0.000043849,-0.008942,0.018273,-0.005399,0.999778
17.910000,-0.035936,-0.019697,9.765114,0.002885,-0.037475,0.005266,-0.000000623,0.000022661,-0.000044075,-0.008930,0.018084,-0.005365,0.999782
17.920000,-0.013393,-0.035147,9.756772,0.002455,-0.037217,0.005617,-0.000000757,0.000022810,-0.000043748,-0.008919,0.017898,-0.005332,0.999786
17.930000,-0.069810,-0.030285,9.734980,0.002675,-0.035645,0.005795,-0.000000719,0.000022876,-0.000043885,-0.008910,0.017716,-0.005298,0.999789
17.940000,-0.088605,-0.055663,9.737747,0.001299,-0.035663,0.005496,-0.000000695,0.000022776,-0.000043876,-0.008904,0.017540,-0.005264,0.999793
17.950000,-0.049720,0.010780,9.746287,0.000773,-0.035282,0.006009,-0.000000672,0.000022784,-0.000043971,-0.008900,0.017368,-0.005230,0.999796
17.960000,-0.060696,-0.013388,9.729662,0.001047,-0.034968,0.004841,-0.000000727,0.000022819,-0.000043912,-0.008898,0.017199,-0.005196,0.999799
17.970000,-0.069602,-0.021469,9.747257,-0.000974,-0.032571,0.006087,-0.000000462,0.000022928,-0.000043867,-0.008898,0.017036,-0.005162,0.999802
17.980000,-0.052352,-0.027964,9.751527,-0.000280,-0.031776,0.004395,-0.000000432,0.000022619,-0.000043876,-0.008900,0.016877,-0.005128,0.999805
17.990000,0.005444,0.004231,9.754841,-0.001057,-0.031590,0.005739,-0.000000799,0.000022667,-0.000043718,-0.008904,0.016722,-0.005095,0.999808
18.000000,0.000226,-0.000531,9.740123,-0.000927,-0.030902,0.005743,-0.000000996,0.000022731,-0.000043934,-0.008908,0.016569,-0.005061,0.999810
18.010000,0.009755,-0.007860,9.761731,-0.000637,-0.030435,0.005676,-0.000000863,0.000022787,-0.000043829,-0.008912,0.016416,-0.005028,0.999813
18.020000,0.022426,0.009617,9.797802,-0.000896,-0.029922,0.005563,-0.000000774,0.000022728,-0.000044048,-0.008917,0.016265,-0.004995,0.999815
18.030000,0.032749,0.023106,9.749110,-0.000205,-0.030121,0.006679,-0.000000626,0.000022991,-0.000044117,-0.008922,0.016114,-0.004962,0.999818
18.040000,0.017238,-0.009178,9.771012,-0.000157,-0.030575,0.005219,-0.000000852,0.000022620,-0.000044053,-0.008927,0.015964,-0.004929,0.999821
18.050000,0.026494,0.001837,9.758230,0.000639,-0.029289,0.005258,-0.000000761,0.000022751,-0.000043879,-0.008933,0.015815,-0.004896,0.999823
18.060000,0.039878,0.001985,9.758944,-0.001238,-0.029399,0.005489,-0.000000986,0.000022680,-0.000044088,-0.008938,0.015666,-0.004863,0.999826
18.070000,0.014797,0.012244,9.782503,-0.000765,-0.029717,0.006294,-0.000000781,0.000022773,-0.000043798,-0.008944,0.015518,-0.004830,0.999828
18.080000,0.052773,-0.007259,9.768656,-0.001816,-0.028519,0.005330,-0.000000906,0.000022702,-0.000044244,-0.008951,0.015371,-0.004797,0.999830
18.090000,0.034061,0.039325,9.774102,-0.000760,-0.029436,0.005874,-0.000000924,0.000022624,-0.000044060,-0.008957,0.015224,-0.004764,0.999833
18.100000,0.024548,-0.012845,9.766741,-0.001456,-0.029918,0.005589,-0.000000917,0.000022779,-0.000043977,-0.008964,0.015079,-0.004731,0.999835
18.110000,0.034396,0.009436,9.780508,-0.001435,-0.029221,0.006159,-0.000000750,0.000022698,-0.000043814,-0.008971,0.014933,-0.004698,0.999837
18.120000,0.016447,0.016238,9.770191,-0.001227,-0.028309,0.005796,-0.000000906,0.000022592,-0.000044216,-0.008978,0.014789,-0.004666,0.999839
18.130000,0.031415,0.041845,9.775594,-0.002516,-0.030092,0.005877,-0.000000886,0.000022578,-0.000043892,-0.008985,0.014645,-0.004633,0.999842
18.140000,0.017652,0.008492,9.754148,-0.001643,-0.028803,0.005468,-0.000001021,0.000022734,-0.000043824,-0.008993,0.014502,-0.004600,0.999844
18.150000,0.023597,-0.005283,9.772936,-0.001989,-0.028798,0.006034,-0.000000953,0.000022661,-0.000043907,-0.009001,0.014360,-0.004568,0.999846
18.160000,0.019562,0.006943,9.785533,-0.001813,-0.028015,0.005000,-0.000001142,0.000022884,-0.000044065,-0.009009,0.014218,-0.004535,0.999848
18.170000,0.012069,0.016741,9.772272,-0.001164,-0.027938,0.005594,-0.000001164,0.000022741,-0.000043901,-0.009017,0.014077,-0.004503,0.999850
18.180000,0.028511,0.024619,9.774258,-0.002061,-0.028668,0.005045,-0.000000828,0.000022756,-0.000043725,-0.009025,0.013937,-0.004471,0.999852
18.190000,0.032659,0.026473,9.762222,-0.001310,-0.027805,0.004692,-0.000001015,0.000022711,-0.000043863,-0.009034,0.013798,-0.004439,0.999854
18.200000,0.011043,0.011868,9.772618,-0.002487,-0.027517,0.004685,-0.000001009,0.000022758,-0.000044050,-0.009043,0.013659,-0.004407,0.999856
18.210000,0.037541,0.042425,9.770234,-0.001979,-0.028172,0.004419,-0.000001049,0.000022824,-0.000043922,-0.009052,0.013522,-0.004375,0.999858
18.220000,0.003597,0.020172,9.769837,-0.001653,-0.028457,0.006325,-0.000001025,0.000022599,-0.000043854,-0.009061,0.013385,-0.004343,0.999860
18.230000,0.046861,0.018901,9.767676,-0.001836,-0.028179,0.006682,-0.000001115,0.000022684,-0.000044117,-0.009071,0.013248,-0.004311,0.999862
18.240000,0.027985,-0.006076,9.756136,-0.002354,-0.026203,0.006055,-0.000001035,0.000022971,-0.000044099,-0.009081,0.013113,-0.004279,0.999864
18.250000,0.049342,0.008010,9.778018,-0.002496,-0.027833,0.005477,-0.000000864,0.000022639,-0.000044091,-0.009091,0.012978,-0.004247,0.999865
18.260000,0.017636,0.021052,9.755940,-0.001158,-0.028522,0.005210,-0.000001289,0.000022838,-0.000043952,-0.009101,0.012844,-0.004216,0.999867
18.270000,0.024522,0.026337,9.763913,-0.001197,-0.025916,0.005657,-0.000001066,0.000022841,-0.000044000,-0.009111,0.012711,-0.004184,0.999869
18.280000,0.039753,0.004498,9.786908,-0.003096,-0.025713,0.004753,-0.000000929,0.000022515,-0.000044002,-0.009122,0.012579,-0.004153,0.999871
18.290000,0.025964,0.017766,9.784286,-0.000865,-0.026991,0.005803,-0.000001180,0.000022640,-0.000043741,-0.009133,0.012448,-0.004121,0.999872
18.300000,0.011877,0.022106,9.782747,-0.001630,-0.026109,0.004954,-0.000001223,0.000022772,-0.000044211,-0.009144,0.012317,-0.004090,0.999874
18.310000,0.012932,0.028167,9.784396,-0.002996,-0.027155,0.005664,-0.000001194,0.000023017,-0.000043926,-0.009155,0.012187,-0.004059,0.999876
18.320000,0.033810,0.009148,9.776093,-0.001172,-0.026628,0.006659,-0.000001330,0.000022788,-0.000043947,-0.009166,0.012059,-0.004028,0.999877
18.330000,0.021705,0.030064,9.795766,-0.001856,-0.026250,0.006039,-0.000001055,0.000022664,-0.000043960,-0.009178,0.011931,-0.003997,0.999879
18.340000,0.019393,0.011984,9.767704,-0.003541,-0.025558,0.005765,-0.000000898,0.000022681,-0.000044045,-0.009190,0.011803,-0.003967,0.999880
18.350000,0.049938,0.021541,9.779159,-0.001582,-0.025446,0.006682,-0.000001116,0.000022907,-0.000044086,-0.009202,0.011677,-0.003936,0.999882
18.360000,0.030615,-0.007683,9.792304,-0.003208,-0.025445,0.005245,-0.000001136,0.000022934,-0.000043668,-0.009214,0.011552,-0.003905,0.999883
18.370000,0.015062,0.026555,9.775347,-0.002386,-0.025193,0.004914,-0.000001013,0.000022706,-0.000043770,-0.009227,0.011427,-0.003875,0.999885
18.380000,0.052546,0.022656,9.802707,-0.002761,-0.025327,0.006054,-0.000001175,0.000022730,-0.000044109,-0.009239,0.011304,-0.003845,0.999886
18.390000,0.009549,0.014554,9.768584,-0.002974,-0.024484,0.004743,-0.000001258,0.000022828,-0.000043885,-0.009252,0.011181,-0.003814,0.999887
18.400000,0.032712,0.024433,9.791833,-0.002385,-0.025106,0.005008,-0.000001151,0.000022658,-0.000043925,-0.009265,0.011059,-0.003784,0.999889
18.410000,0.006099,0.025699,9.785960,-0.002506,-0.023861,0.004170,-0.000001215,0.000022782,-0.000043953,-0.009279,0.010938,-0.003754,0.999890
18.420000,0.034529,0.015892,9.786904,-0.002548,-0.023978,0.005470,-0.000001224,0.000022824,-0.000043979,-0.009292,0.010818,-0.003725,0.999891
18.430000,0.022407,0.020916,9.807371,-0.003191,-0.024831,0.005924,-0.000001260,0.000022831,-0.000043787,-0.009306,0.010699,-0.003695,0.999893
18.440000,0.026607,0.018375,9.801069,-0.003284,-0.024612,0.004187,-0.000001335,0.000022812,-0.000043806,-0.009320,0.010581,-0.003665,0.999894
18.450000,-0.001612,0.001132,9.772088,-0.003099,-0.023935,0.006601,-0.000001282,0.000022707,-0.000043927,-0.009334,0.010464,-0.003636,0.999895
18.460000,0.058136,-0.000737,9.774628,-0.003988,-0.024343,0.004838,-0.000001395,0.000022715,-0.000043934,-0.009348,0.010348,-0.003607,0.999896
18.470000,0.012803,0.014400,9.791426,-0.002852,-0.023537,0.004985,-0.000001417,0.000022981,-0.000043808,-0.009363,0.010233,-0.003577,0.999897
18.480000,0.022803,0.041463,9.788019,-0.002515,-0.021743,0.004096,-0.000001153,0.000022875,-0.000043761,-0.009377,0.010118,-0.003548,0.999899
18.490000,0.016434,-0.005631,9.827445,-0.002729,-0.022681,0.005301,-0.000001256,0.000022672,-0.000044080,-0.009392,0.010005,-0.003519,0.999900
18.500000,0.051237,0.003684,9.771282,-0.002719,-0.022568,0.005276,-0.000001246,0.000022738,-0.000043845,-0.009407,0.009893,-0.003491,0.999901
18.510000,0.040402,0.029179,9.786638,-0.003446,-0.022521,0.005993,-0.000001309,0.000023033,-0.000043830,-0.009423,0.009781,-0.003462,0.999902
18.520000,0.031444,0.030211,9.796726,-0.002332,-0.022777,0.005463,-0.000001302,0.000022974,-0.000044040,-0.009438,0.009671,-0.003434,0.999903
18.530000,0.051767,0.010978,9.781511,-0.002616,-0.022049,0.004963,-0.000001351,0.000022954,-0.000043768,-0.009454,0.009562,-0.003405,0.999904
18.540000,0.049061,0.027343,9.787374,-0.002638,-0.022043,0.006024,-0.000001133,0.000022662,-0.000044080,-0.009470,0.009453,-0.003377,0.999905
18.550000,0.015719,0.020549,9.798129,-0.003143,-0.021233,0.005659,-0.000001125,0.000023050,-0.000043901,-0.009486,0.009346,-0.003349,0.999906
18.560000,0.022183,0.027453,9.794057,-0.001748,-0.021750,0.004125,-0.000001331,0.000022746,-0.000043830,-0.009502,0.009240,-0.003321,0.999907
18.570000,0.038686,0.037244,9.804870,-0.002929,-0.020935,0.004655,-0.000001197,0.000022665,-0.000044033,-0.009518,0.009134,-0.003294,0.999908
18.580000,0.039572,-0.009179,9.776496,-0.003915,-0.020340,0.004289,-0.000001257,0.000022735,-0.000043797,-0.009535,0.009030,-0.003266,0.999908
18.590000,0.029913,0.031131,9.792953,-0.002884,-0.020818,0.004775,-0.000001479,0.000022931,-0.000043842,-0.009552,0.008927,-0.003239,0.999909
18.600000,0.030034,0.023891,9.794954,-0.003440,-0.020654,0.004332,-0.000001145,0.000022797,-0.000043992,-0.009569,0.008825,-0.003211,0.999910
18.610000,0.027477,0.032826,9.769627,-0.003950,-0.019999,0.004351,-0.000001395,0.000022974,-0.000044069,-0.009586,0.008723,-0.003184,0.999911
18.620000,0.023544,0.001531,9.794056,-0.002576,-0.020416,0.005809,-0.000001274,0.000022925,-0.000043563,-0.009603,0.008623,-0.003158,0.999912
18.630000,0.017964,0.027902,9.787060,-0.003267,-0.019465,0.004736,-0.000001497,0.000022608,-0.000043903,-0.009621,0.008524,-0.003131,0.999912
18.640000,0.031066,0.018797,9.790525,-0.004037,-0.020128,0.004263,-0.000001350,0.000022929,-0.000043971,-0.009638,0.008426,-0.003104,0.999913
18.650000,0.031872,0.006850,9.794079,-0.002763,-0.018862,0.004599,-0.000001293,0.000022749,-0.000043983,-0.009656,0.008329,-0.003078,0.999914
18.660000,0.027484,0.016264,9.788712,-0.002136,-0.018352,0.004629,-0.000001322,0.000022720,-0.000043985,-0.009674,0.008233,-0.003052,0.999915
18.670000,0.021120,0.027769,9.812005,-0.003280,-0.018826,0.005737,-0.000001369,0.000022519,-0.000043807,-0.009693,0.008139,-0.003026,0.999915
18.680000,0.006501,0.021749,9.796424,-0.004122,-0.018370,0.004032,-0.000001291,0.000022838,-0.000044044,-0.009711,0.008045,-0.003000,0.999916
18.690000,0.032914,0.011531,9.808124,-0.004054,-0.017978,0.004784,-0.000001340,0.000022787,-0.000043779,-0.009730,0.007952,-0.002974,0.999917
18.700000,0.009327,0.001787,9.808481,-0.003461,-0.019307,0.004344,-0.000001347,0.000023080,-0.000044207,-0.009748,0.007861,-0.002949,0.999917
18.710000,0.052283,0.028832,9.788281,-0.003451,-0.018554,0.004483,-0.000001560,0.000022766,-0.000043755,-0.009767,0.007770,-0.002923,0.999918
18.720000,0.020132,0.015950,9.776796,-0.003871,-0.017974,0.003442,-0.000001470,0.000022925,-0.000043824,-0.009786,0.007681,-0.002898,0.999918
18.730000,-0.010473,-0.009374,9.816227,-0.003704,-0.017578,0.004856,-0.000001314,0.000022545,-0.000043672,-0.009806,0.007593,-0.002873,0.999919
18.740000,0.038146,0.000065,9.798736,-0.003452,-0.018106,0.004669,-0.000001534,0.000022978,-0.000043814,-0.009825,0.007506,-0.002848,0.999920
18.750000,0.017786,0.016751,9.801592,-0.003834,-0.017628,0.003772,-0.000001418,0.000023087,-0.000043971,-0.009845,0.007420,-0.002824,0.999920
18.760000,0.038101,0.001240,9.776211,-0.003194,-0.017649,0.004537,-0.000001604,0.000022658,-0.000043876,-0.009865,0.007335,-0.002799,0.999921
18.770000,0.015405,0.001596,9.785600,-0.004151,-0.016621,0.004700,-0.000001403,0.000022733,-0.000043961,-0.009885,0.007251,-0.002775,0.999921
18.780000,0.046872,0.004631,9.810580,-0.004564,-0.016576,0.004189,-0.000001287,0.000022842,-0.000044090,-0.009905,0.007169,-0.002751,0.999921
18.790000,0.028055,0.014740,9.802586,-0.003264,-0.016994,0.003748,-0.000001738,0.000022937,-0.000043975,-0.009925,0.007087,-0.002727,0.999922
18.800000,0.002180,0.021112,9.784149,-0.003586,-0.016057,0.004600,-0.000001558,0.000022847,-0.000043764,-0.009945,0.007007,-0.002704,0.999922
18.810000,-0.004667,0.010011,9.827702,-0.003666,-0.015851,0.003923,-0.000001613,0.000022952,-0.000043894,-0.009966,0.006928,-0.002680,0.999923
18.820000,0.029598,0.009930,9.787955,-0.005552,-0.014246,0.003983,-0.000001324,0.000023194,-0.000043485,-0.009987,0.006850,-0.002657,0.999923
18.830000,0.047787,0.027265,9.808434,-0.005051,-0.015848,0.003735,-0.000001530,0.000023014,-0.000043635,-0.010008,0.006773,-0.002634,0.999924
18.840000,0.014276,0.029066,9.823161,-0.004472,-0.015215,0.003381,-0.000001510,0.000022875,-0.000043851,-0.010029,0.006697,-0.002611,0.999924
18.850000,0.031876,0.014216,9.804042,-0.004742,-0.014283,0.004215,-0.000001459,0.000022719,-0.000043752,-0.010050,0.006623,-0.002589,0.999924
18.860000,0.009458,0.021103,9.785003,-0.004243,-0.014916,0.003770,-0.000001363,0.000022738,-0.000043661,-0.010072,0.006550,-0.002566,0.999925
18.870000,0.026274,0.017231,9.821340,-0.004342,-0.014143,0.004520,-0.000001663,0.000022869,-0.000043652,-0.010093,0.006477,-0.002544,0.999925
18.880000,0.015640,0.002654,9.834621,-0.004693,-0.014635,0.004607,-0.000001321,0.000022797,-0.000043698,-0.010115,0.006406,-0.002522,0.999925
18.890000,0.034753,0.011065,9.800568,-0.004597,-0.013976,0.003887,-0.000001552,0.000022809,-0.000043648,-0.010137,0.006337,-0.002500,0.999925
18.900000,0.028790,0.024661,9.810201,-0.004918,-0.013634,0.002886,-0.000001534,0.000022717,-0.000043928,-0.010159,0.006268,-0.002479,0.999926
18.910000,0.039415,0.011819,9.806906,-0.004436,-0.013781,0.003963,-0.000001552,0.000022709,-0.000043905,-0.010181,0.006201,-0.002458,0.999926
18.920000,0.018579,0.024715,9.812279,-0.005178,-0.013790,0.004634,-0.000001551,0.000022801,-0.000043965,-0.010203,0.006134,-0.002436,0.999926
18.930000,0.035509,0.008586,9.812723,-0.004652,-0.013088,0.003231,-0.000001495,0.000022886,-0.000043767,-0.010226,0.006069,-0.002416,0.999926
18.940000,-0.005086,-0.007443,9.779055,-0.005071,-0.012974,0.003293,-0.000001765,0.000022990,-0.000043668,-0.010249,0.006006,-0.002395,0.999927
18.950000,0.046887,0.032163,9.818744,-0.003294,-0.012308,0.002845,-0.000001495,0.000022878,-0.000043855,-0.010271,0.005943,-0.002374,0.999927
18.960000,0.022875,0.054571,9.810730,-0.004756,-0.012790,0.002699,-0.000001332,0.000022708,-0.000043968,-0.010294,0.005882,-0.002354,0.999927
18.970000,0.022205,0.005468,9.806506,-0.004291,-0.011833,0.003614,-0.000001355,0.000022969,-0.000044007,-0.010317,0.005822,-0.002334,0.999927
18.980000,0.002984,0.004992,9.831086,-0.003933,-0.010902,0.003374,-0.000001559,0.000022783,-0.000043857,-0.010341,0.005763,-0.002314,0.999927
18.990000,0.022072,0.010049,9.836050,-0.003704,-0.010883,0.004302,-0.000001600,0.000022828,-0.000043970,-0.010364,0.005705,-0.002295,0.999927
19.000000,0.011443,0.010330,9.825594,-0.005642,-0.010836,0.002731,-0.000001495,0.000022947,-0.000043738,-0.010387,0.005648,-0.002276,0.999928
19.010000,0.005761,0.026304,10.344496,-0.003776,-0.010955,0.002475,-0.000001519,0.000023035,-0.000043912,-0.010410,0.005593,-0.002257,0.999928
19.020000,0.036157,0.026545,10.361119,-0.003750,-0.010561,0.002974,-0.000001591,0.000022686,-0.000043841,-0.010433,0.005540,-0.002239,0.999928
19.030000,-0.015416,0.039766,10.898657,-0.003723,-0.011215,0.003579,-0.000001395,0.000022845,-0.000043457,-0.010455,0.005488,-0.002221,0.999928
19.040000,0.008836,0.032767,10.902465,-0.004606,-0.009406,0.002116,-0.000001559,0.000022817,-0.000044032,-0.010476,0.005438,-0.002205,0.999928
19.050000,0.023507,0.064197,10.607810,-0.002648,-0.009576,0.002702,-0.000001693,0.000022928,-0.000043973,-0.010495,0.005389,-0.002190,0.999928
19.060000,0.025643,0.047835,10.602721,-0.003810,-0.008717,0.003364,-0.000001492,0.000022817,-0.000043805,-0.010511,0.005342,-0.002176,0.999928
19.070000,0.027286,0.060975,10.499869,-0.001933,-0.010270,0.003644,-0.000001813,0.000023117,-0.000043915,-0.010527,0.005296,-0.002163,0.999928
19.080000,0.012660,0.042922,10.507160,-0.002732,-0.008503,0.001973,-0.000001833,0.000022723,-0.000043898,-0.010540,0.005252,-0.002152,0.999928
19.090000,-0.006104,0.050335,10.209542,-0.001844,-0.008477,0.000448,-0.000001569,0.000022624,-0.000043651,-0.010553,0.005210,-0.002142,0.999928
19.100000,0.007423,0.048621,10.174650,-0.002362,-0.008017,0.001470,-0.000001693,0.000022858,-0.000043925,-0.010563,0.005171,-0.002133,0.999929
19.110000,0.017310,0.030267,9.979962,-0.001910,-0.007975,0.000459,-0.000001607,0.000022772,-0.000043918,-0.010573,0.005133,-0.002125,0.999929
19.120000,0.006322,0.040651,9.994975,-0.001512,-0.007608,-0.000640,-0.000001582,0.000022929,-0.000043671,-0.010581,0.005097,-0.002118,0.999929
19.130000,0.044157,0.053638,9.765005,-0.001545,-0.006650,0.001936,-0.000001839,0.000023222,-0.000043788,-0.010587,0.005062,-0.002112,0.999929
19.140000,0.023040,0.031367,9.756092,-0.001070,-0.006979,0.000082,-0.000001759,0.000022947,-0.000043897,-0.010593,0.005028,-0.002107,0.999929
19.150000,0.020198,0.070904,9.580066,-0.001019,-0.005271,0.000322,-0.000001657,0.000022844,-0.000043620,-0.010596,0.004996,-0.002103,0.999929
19.160000,0.019426,0.068053,9.574441,-0.000634,-0.004797,0.001078,-0.000001487,0.000023085,-0.000044150,-0.010598,0.004964,-0.002101,0.999929
19.170000,0.022543,0.061466,9.380406,0.000717,-0.006328,0.000986,-0.000001456,0.000023034,-0.000043948,-0.010599,0.004933,-0.002099,0.999929
19.180000,0.027809,0.039557,9.386729,-0.000173,-0.006468,-0.000296,-0.000001637,0.000022764,-0.000043704,-0.010597,0.004902,-0.002098,0.999930
19.190000,0.039091,0.049873,9.205357,0.001529,-0.005456,-0.000595,-0.000001926,0.000022923,-0.000043772,-0.010594,0.004873,-0.002098,0.999930
19.200000,0.033111,0.048901,9.203697,0.001197,-0.005741,-0.001250,-0.000001663,0.000022951,-0.000043634,-0.010589,0.004844,-0.002100,0.999930
19.210000,0.016791,0.040595,9.048046,0.000614,-0.005137,-0.000256,-0.000001671,0.000022811,-0.000043805,-0.010583,0.004816,-0.002102,0.999930
19.220000,0.002028,0.037888,9.052923,0.001668,-0.005020,-0.000195,-0.000001732,0.000023027,-0.000043827,-0.010575,0.004789,-0.002105,0.999930
19.230000,0.011925,0.040589,8.593131,0.001701,-0.005071,-0.000259,-0.000001773,0.000022980,-0.000043821,-0.010566,0.004764,-0.002109,0.999931
19.240000,0.006080,0.043390,8.610365,0.002113,-0.003567,-0.000765,-0.000001816,0.000023075,-0.000043823,-0.010556,0.004739,-0.002114,0.999931
19.250000,0.054463,0.019182,8.209855,0.002910,-0.003935,-0.000678,-0.000001789,0.000023055,-0.000043643,-0.010544,0.004715,-0.002120,0.999931
19.260000,0.030024,0.028377,8.216170,0.002050,-0.004153,-0.001353,-0.000001551,0.000022913,-0.000043662,-0.010532,0.004692,-0.002126,0.999931
19.270000,0.014606,0.045872,7.869263,0.002360,-0.005341,-0.001495,-0.000001553,0.000022973,-0.000043869,-0.010518,0.004670,-0.002134,0.999932
19.280000,0.022514,0.032569,7.911641,0.003195,-0.002368,-0.001944,-0.000001756,0.000022858,-0.000043948,-0.010502,0.004650,-0.002142,0.999932
19.290000,0.023995,0.046440,7.559949,0.003936,-0.003689,-0.002357,-0.000001534,0.000023086,-0.000043872,-0.010486,0.004631,-0.002152,0.999932
19.300000,0.012980,0.048538,7.583458,0.004417,-0.002956,-0.002702,-0.000001877,0.000023000,-0.000044032,-0.010467,0.004613,-0.002162,0.999932
19.310000,0.034140,0.058990,7.305340,0.004050,-0.003515,-0.001486,-0.000001768,0.000023026,-0.000043810,-0.010448,0.004596,-0.002174,0.999932
19.320000,0.023828,0.046662,7.308785,0.003883,-0.003565,-0.002811,-0.000001687,0.000022777,-0.000043724,-0.010427,0.004579,-0.002186,0.999933
19.330000,0.043754,0.038428,7.042152,0.004723,-0.003554,-0.002617,-0.000001542,0.000022988,-0.000043534,-0.010404,0.004562,-0.002199,0.999933
19.340000,0.035364,0.057440,7.031671,0.005441,-0.003436,-0.003003,-0.000001547,0.000023078,-0.000043743,-0.010380,0.004546,-0.002213,0.999933
19.350000,0.021970,0.063433,6.794198,0.004761,-0.002876,-0.002801,-0.000001747,0.000022794,-0.000043830,-0.010354,0.004529,-0.002227,0.999934
19.360000,0.041983,0.041125,6.798788,0.005199,-0.002989,-0.003699,-0.000001841,0.000023009,-0.000043699,-0.010327,0.004512,-0.002243,0.999934
19.370000,0.033024,0.028140,6.559024,0.006134,-0.004034,-0.002924,-0.000001788,0.000022642,-0.000043979,-0.010298,0.004495,-0.002259,0.999934
19.380000,0.034439,0.049854,6.555597,0.006150,-0.003349,-0.003519,-0.000001371,0.000022980,-0.000044009,-0.010269,0.004478,-0.002275,0.999935
19.390000,0.056036,0.028269,6.347770,0.006333,-0.003597,-0.002384,-0.000001711,0.000023111,-0.000043863,-0.010239,0.004461,-0.002292,0.999935
19.400000,0.050444,0.050550,6.348874,0.006819,-0.004230,-0.003519,-0.000001669,0.000022749,-0.000043856,-0.010209,0.004444,-0.002309,0.999935
19.410000,0.001068,0.010714,6.146576,0.006968,-0.003046,-0.002029,-0.000001854,0.000022901,-0.000043907,-0.010178,0.004427,-0.002326,0.999936
19.420000,0.034204,0.027296,6.143550,0.005425,-0.003910,-0.003147,-0.000001548,0.000022769,-0.000043809,-0.010147,0.004411,-0.002343,0.999936
19.430000,0.041990,0.049173,5.927549,0.005857,-0.002704,-0.003556,-0.000001486,0.000023030,-0.000044027,-0.010115,0.004395,-0.002362,0.999936
19.440000,0.008454,0.036308,5.885629,0.006607,-0.003776,-0.002961,-0.000001773,0.000022749,-0.000043826,-0.010082,0.004380,-0.002380,0.999937
19.450000,0.021960,0.042388,5.733105,0.007014,-0.003029,-0.003749,-0.000001761,0.000022764,-0.000043690,-0.010048,0.004366,-0.002400,0.999937
19.460000,0.021107,0.043130,5.755589,0.005218,-0.002122,-0.004293,-0.000001554,0.000022799,-0.000043884,-0.010014,0.004352,-0.002420,0.999937
19.470000,0.030827,0.009371,5.533235,0.006728,-0.003893,-0.003571,-0.000001751,0.000022675,-0.000043675,-0.009978,0.004339,-0.002440,0.999938
19.480000,0.016005,0.041512,5.537230,0.007582,-0.003596,-0.005579,-0.000001759,0.000022913,-0.000044006,-0.009942,0.004326,-0.002461,0.999938
19.490000,0.011990,0.033873,5.438406,0.006147,-0.002588,-0.003855,-0.000001901,0.000022916,-0.000043942,-0.009905,0.004314,-0.002483,0.999939
19.500000,0.002309,0.025972,5.432862,0.008234,-0.000819,-0.004072,-0.000001764,0.000022730,-0.000043713,-0.009867,0.004302,-0.002505,0.999939
19.510000,0.059341,0.032098,5.376385,0.008441,-0.002116,-0.004388,-0.000001820,0.000022948,-0.000044054,-0.009829,0.004291,-0.002528,0.999939
19.520000,0.029752,0.022618,5.391338,0.007521,-0.002367,-0.004076,-0.000001742,0.000022460,-0.000043871,-0.009790,0.004281,-0.002551,0.999940
19.530000,0.042264,0.048884,5.265260,0.007690,-0.002149,-0.004208,-0.000001777,0.000022893,-0.000043701,-0.009751,0.004271,-0.002574,0.999940
19.540000,0.016625,0.042098,5.277417,0.007245,-0.001480,-0.004547,-0.000001691,0.000022680,-0.000044161,-0.009712,0.004261,-0.002598,0.999940
19.550000,0.022268,0.045829,5.167361,0.008203,-0.001168,-0.004768,-0.000001643,0.000022721,-0.000043807,-0.009671,0.004251,-0.002622,0.999941
19.560000,0.014376,0.047660,5.176313,0.007980,-0.002588,-0.005316,-0.000001582,0.000022731,-0.000043876,-0.009629,0.004242,-0.002647,0.999941
19.570000,0.014795,0.045199,5.021875,0.008207,-0.003196,-0.004262,-0.000001958,0.000022731,-0.000043950,-0.009586,0.004231,-0.002672,0.999942
19.580000,0.035631,0.043823,5.051115,0.009457,-0.002297,-0.004269,-0.000001780,0.000022900,-0.000043810,-0.009542,0.004221,-0.002698,0.999942
19.590000,0.040922,0.024143,4.882696,0.009156,-0.002337,-0.005275,-0.000001794,0.000022610,-0.000043871,-0.009497,0.004211,-0.002725,0.999942
19.600000,0.005526,0.037237,4.872091,0.009081,-0.002183,-0.004749,-0.000001940,0.000022772,-0.000043731,-0.009452,0.004201,-0.002751,0.999943
19.610000,0.041518,0.041509,4.730902,0.008617,-0.001478,-0.005010,-0.000001635,0.000022676,-0.000043935,-0.009406,0.004190,-0.002778,0.999943
19.620000,-0.001840,0.025938,4.764063,0.009356,-0.002041,-0.005652,-0.000001677,0.000022731,-0.000043553,-0.009360,0.004180,-0.002805,0.999944
19.630000,0.012032,0.024048,4.582338,0.009748,-0.002357,-0.004331,-0.000001869,0.000022956,-0.000043949,-0.009314,0.004170,-0.002833,0.999944
19.640000,0.019594,0.030268,4.613041,0.008801,-0.002050,-0.004796,-0.000001804,0.000023094,-0.000044189,-0.009267,0.004160,-0.002860,0.999944
19.650000,0.005345,0.023940,4.435384,0.009267,-0.001437,-0.005470,-0.000001586,0.000022865,-0.000043774,-0.009220,0.004150,-0.002888,0.999945
19.660000,0.033277,0.024835,4.419294,0.010227,-0.001564,-0.006019,-0.000001716,0.000022708,-0.000043580,-0.009173,0.004140,-0.002916,0.999945
19.670000,0.019084,0.048502,4.271027,0.008979,-0.001282,-0.005422,-0.000001838,0.000022564,-0.000043916,-0.009125,0.004131,-0.002944,0.999945
19.680000,0.017033,0.045332,4.250015,0.009636,-0.001563,-0.004878,-0.000001760,0.000022777,-0.000043826,-0.009077,0.004123,-0.002973,0.999946
19.690000,0.036571,0.039329,4.284976,0.009361,-0.001444,-0.005319,-0.000001831,0.000023103,-0.000044010,-0.009029,0.004114,-0.003002,0.999946
19.700000,0.022478,0.029483,4.293930,0.009804,-0.001747,-0.003971,-0.000001730,0.000022918,-0.000043761,-0.008980,0.004106,-0.003031,0.999947
19.710000,0.021924,0.029170,4.391262,0.009909,-0.001157,-0.006412,-0.000001845,0.000022631,-0.000043996,-0.008930,0.004098,-0.003061,0.999947
19.720000,0.014733,0.022058,4.399982,0.009819,-0.001700,-0.005940,-0.000001768,0.000022740,-0.000044134,-0.008880,0.004091,-0.003091,0.999947
19.730000,0.035704,0.017740,4.472236,0.009835,-0.001821,-0.005024,-0.000001825,0.000022721,-0.000043793,-0.008830,0.004084,-0.003121,0.999948
19.740000,0.046442,0.000560,4.445627,0.009958,-0.001886,-0.006416,-0.000001741,0.000022428,-0.000044045,-0.008779,0.004076,-0.003152,0.999948
19.750000,0.012262,0.033780,4.484888,0.009911,-0.000224,-0.007030,-0.000001714,0.000022901,-0.000043996,-0.008729,0.004069,-0.003182,0.999949
19.760000,0.042514,0.042941,4.467112,0.009695,-0.000804,-0.006782,-0.000001826,0.000022748,-0.000043815,-0.008678,0.004063,-0.003213,0.999949
19.770000,0.036957,0.058544,4.388915,0.011403,-0.000289,-0.006423,-0.000001833,0.000022587,-0.000043783,-0.008626,0.004056,-0.003245,0.999949
19.780000,0.010717,0.019955,4.401686,0.012009,-0.001315,-0.005813,-0.000001953,0.000022782,-0.000043720,-0.008573,0.004048,-0.003276,0.999950
19.790000,0.018962,0.050549,4.253305,0.009886,-0.000997,-0.005524,-0.000001750,0.000022760,-0.000044077,-0.008520,0.004041,-0.003309,0.999950
19.800000,0.040138,0.024181,4.270736,0.009660,-0.000685,-0.006337,-0.000001725,0.000022507,-0.000043712,-0.008466,0.004034,-0.003341,0.999950
19.810000,0.035426,0.019392,4.116379,0.011486,-0.000949,-0.006116,-0.000001604,0.000022765,-0.000043762,-0.008412,0.004026,-0.003373,0.999951
19.820000,0.037123,-0.001429,4.119905,0.011090,-0.001964,-0.006684,-0.000001982,0.000022759,-0.000043936,-0.008357,0.004019,-0.003406,0.999951
19.830000,0.007505,0.061374,4.095289,0.010432,-0.002270,-0.006480,-0.000001549,0.000022677,-0.000043884,-0.008302,0.004011,-0.003439,0.999952
19.840000,-0.007183,0.031416,4.129697,0.011328,-0.001502,-0.006549,-0.000001627,0.000022726,-0.000043944,-0.008247,0.004003,-0.003472,0.999952
19.850000,0.008263,0.031294,4.109041,0.010351,-0.000728,-0.007629,-0.000001799,0.000022653,-0.000044129,-0.008191,0.003996,-0.003505,0.999952
19.860000,0.020667,0.023911,4.117393,0.011537,-0.000546,-0.008205,-0.000001740,0.000022521,-0.000043854,-0.008135,0.003988,-0.003539,0.999953
19.870000,0.007018,0.026231,4.099371,0.011329,-0.001871,-0.006627,-0.000002089,0.000022691,-0.000043969,-0.008079,0.003980,-0.003573,0.999953
19.880000,0.005263,0.011018,4.098466,0.010252,-0.000745,-0.006458,-0.000001696,0.000022552,-0.000043918,-0.008023,0.003972,-0.003606,0.999953
19.890000,-0.003062,0.024892,4.104774,0.011525,-0.000600,-0.006522,-0.000001941,0.000022759,-0.000043899,-0.007967,0.003965,-0.003640,0.999954
19.900000,0.014729,0.028346,4.115638,0.011618,-0.000321,-0.006871,-0.000001863,0.000022696,-0.000043804,-0.007911,0.003959,-0.003674,0.999954
19.910000,-0.002615,0.014430,4.140591,0.011950,-0.000461,-0.007608,-0.000002053,0.000022665,-0.000044173,-0.007855,0.003954,-0.003709,0.999954
19.920000,-0.013367,0.011856,4.103151,0.010982,-0.000868,-0.007012,-0.000001645,0.000022630,-0.000044069,-0.007798,0.003949,-0.003743,0.999955
19.930000,0.008077,0.036959,4.108805,0.010777,-0.000873,-0.006820,-0.000001742,0.000022609,-0.000044019,-0.007742,0.003946,-0.003778,0.999955
19.940000,0.000904,0.022098,4.131410,0.012244,-0.000544,-0.006817,-0.000001979,0.000022856,-0.000044036,-0.007686,0.003942,-0.003813,0.999955
19.950000,0.023201,0.025505,4.127181,0.011053,0.000557,-0.006421,-0.000001973,0.000022737,-0.000044012,-0.007629,0.003940,-0.003849,0.999956
19.960000,0.006350,0.018199,4.109106,0.011988,-0.000715,-0.007591,-0.000002101,0.000022697,-0.000043843,-0.007573,0.003937,-0.003884,0.999956
19.970000,-0.015956,0.047911,4.124419,0.010715,0.000180,-0.007460,-0.000002049,0.000022643,-0.000043755,-0.007516,0.003935,-0.003920,0.999956
19.980000,0.045197,0.025232,4.128557,0.011340,-0.000076,-0.007231,-0.000001768,0.000022433,-0.000044090,-0.007459,0.003933,-0.003955,0.999957
19.990000,0.019709,0.043880,4.127152,0.012085,0.000782,-0.006871,-0.000001860,0.000022663,-0.000043880,-0.007402,0.003932,-0.003991,0.999957
20.000000,0.025876,-0.017609,4.095156,0.011842,0.001007,-0.006245,-0.000001769,0.000022385,-0.000044255,-0.007345,0.003930,-0.004027,0.999957
20.010000,0.028175,0.046836,4.109480,0.011297,0.001515,-0.006540,-0.000001789,0.000022917,-0.000044086,-0.007288,0.003929,-0.004064,0.999957
20.020000,-0.010326,0.029624,4.144379,0.011917,-0.000070,-0.007220,-0.000001574,0.000022682,-0.000044322,-0.007230,0.003929,-0.004101,0.999958
20.030000,-0.003474,0.008677,4.154629,0.010241,0.000501,-0.007116,-0.000001707,0.000022684,-0.000043913,-0.007172,0.003929,-0.004138,0.999958
20.040000,0.024343,0.015442,4.137739,0.011062,0.000699,-0.006049,-0.000001570,0.000022479,-0.000043874,-0.007113,0.003930,-0.004175,0.999958
20.050000,-0.002127,0.032986,4.153540,0.011528,0.000850,-0.006902,-0.000001848,0.000022520,-0.000044051,-0.007054,0.003931,-0.004213,0.999959
20.060000,0.014500,0.019670,4.131591,0.011053,0.001608,-0.007852,-0.000001824,0.000022563,-0.000043968,-0.006994,0.003933,-0.004251,0.999959
20.070000,-0.012804,0.009625,4.134891,0.010788,0.000427,-0.007766,-0.000001698,0.000022695,-0.000043851,-0.006935,0.003936,-0.004290,0.999959
20.080000,-0.014270,0.014418,4.110957,0.012076,0.000829,-0.008030,-0.000001967,0.000022440,-0.000044060,-0.006875,0.003939,-0.004329,0.999959
20.090000,-0.003997,0.027703,4.130516,0.011183,0.001104,-0.008109,-0.000002018,0.000022425,-0.000044051,-0.006815,0.003943,-0.004368,0.999959
20.100000,-0.013052,-0.008437,4.116912,0.012547,0.001101,-0.007810,-0.000001855,0.000022598,-0.000044015,-0.006755,0.003948,-0.004408,0.999960
20.110000,0.018940,0.024162,4.135556,0.011992,0.002236,-0.007869,-0.000001922,0.000022792,-0.000044114,-0.006694,0.003954,-0.004447,0.999960
20.120000,0.019898,0.015015,4.142935,0.012538,0.001134,-0.007700,-0.000001704,0.000022773,-0.000044107,-0.006634,0.003960,-0.004487,0.999960
20.130000,0.009987,0.015885,4.123245,0.012043,0.001993,-0.007699,-0.000001837,0.000022618,-0.000043978,-0.006574,0.003966,-0.004527,0.999960
20.140000,0.013018,0.016268,4.147976,0.011408,0.002324,-0.008047,-0.000001689,0.000022547,-0.000043916,-0.006514,0.003973,-0.004567,0.999960
20.150000,-0.003688,0.016112,4.239827,0.011927,0.001864,-0.007625,-0.000001557,0.000022483,-0.000044190,-0.006454,0.003981,-0.004607,0.999961
20.160000,0.006325,0.029967,4.227241,0.011967,0.001528,-0.009214,-0.000001951,0.000022364,-0.000043982,-0.006394,0.003988,-0.004647,0.999961
20.170000,0.037598,0.019832,4.188057,0.011830,0.002036,-0.007140,-0.000001809,0.000022589,-0.000044227,-0.006334,0.003996,-0.004687,0.999961
20.180000,0.023857,0.019353,4.204447,0.012695,0.001595,-0.006979,-0.000001855,0.000022337,-0.000043908,-0.006275,0.004004,-0.004727,0.999961
20.190000,0.006374,0.018105,4.145865,0.011858,0.003088,-0.008409,-0.000002076,0.000022664,-0.000043821,-0.006215,0.004012,-0.004767,0.999961
20.200000,0.018604,0.043317,4.125779,0.012492,0.001772,-0.008000,-0.000001769,0.000022577,-0.000043914,-0.006156,0.004019,-0.004807,0.999961
20.210000,0.008842,0.035275,4.129877,0.011144,0.001136,-0.007515,-0.000001657,0.000022580,-0.000043923,-0.006096,0.004027,-0.004848,0.999962
20.220000,0.005043,0.014297,4.149372,0.010946,0.001672,-0.007702,-0.000001940,0.000022563,-0.000044110,-0.006037,0.004035,-0.004888,0.999962
20.230000,0.041446,0.021265,4.154862,0.012596,0.002654,-0.007775,-0.000001959,0.000022684,-0.000043884,-0.005977,0.004044,-0.004928,0.999962
20.240000,0.030008,0.023018,4.137793,0.011647,0.002051,-0.007795,-0.000001899,0.000022587,-0.000044000,-0.005917,0.004053,-0.004969,0.999962
20.250000,0.031218,0.051768,4.147281,0.011712,0.002194,-0.008710,-0.000002027,0.000022241,-0.000043903,-0.005857,0.004062,-0.005010,0.999962
20.260000,0.028951,-0.002204,4.140312,0.012115,0.003264,-0.008250,-0.000002297,0.000022369,-0.000044332,-0.005797,0.004072,-0.005051,0.999962
20.270000,0.028693,0.031511,4.155577,0.012495,0.002153,-0.007629,-0.000001860,0.000022245,-0.000044143,-0.005736,0.004082,-0.005092,0.999962
20.280000,0.032655,0.004872,4.170860,0.012636,0.002946,-0.008600,-0.000002051,0.000022599,-0.000043823,-0.005676,0.004093,-0.005133,0.999962
20.290000,0.020870,0.027765,4.126444,0.012045,0.002321,-0.008054,-0.000001809,0.000022364,-0.000043893,-0.005617,0.004104,-0.005174,0.999962
20.300000,0.015378,-0.009153,4.157771,0.011354,0.003197,-0.007834,-0.000001803,0.000022673,-0.000044059,-0.005557,0.004115,-0.005216,0.999962
20.310000,0.045845,-0.011282,4.154053,0.011501,0.002484,-0.008005,-0.000002185,0.000022437,-0.000044343,-0.005498,0.004126,-0.005257,0.999963
20.320000,0.043406,-0.001340,4.132624,0.012882,0.002494,-0.008730,-0.000002010,0.000022342,-0.000044143,-0.005439,0.004137,-0.005297,0.999963
20.330000,0.034395,0.019064,4.143902,0.011276,0.002702,-0.007207,-0.000001812,0.000022733,-0.000043923,-0.005381,0.004148,-0.005338,0.999963
20.340000,0.002881,-0.003344,4.181098,0.010928,0.002355,-0.007746,-0.000001731,0.000022787,-0.000043973,-0.005323,0.004159,-0.005378,0.999963
20.350000,0.011555,0.017145,4.143452,0.011586,0.003127,-0.008204,-0.000001998,0.000022390,-0.000044117,-0.005265,0.004170,-0.005418,0.999963
20.360000,0.043334,0.034282,4.151392,0.011377,0.002455,-0.008100,-0.000001809,0.000022479,-0.000044040,-0.005207,0.004181,-0.005459,0.999963
20.370000,0.008784,-0.015678,4.127665,0.011305,0.002382,-0.008748,-0.000001672,0.000022213,-0.000044208,-0.005150,0.004192,-0.005499,0.999963
20.380000,0.026918,0.016657,4.163288,0.012186,0.003017,-0.008857,-0.000001747,0.000022565,-0.000044245,-0.005092,0.004204,-0.005540,0.999963
20.390000,0.034122,-0.002754,4.165278,0.012045,0.002906,-0.007404,-0.000001809,0.000022256,-0.000043897,-0.005035,0.004216,-0.005580,0.999963
20.400000,0.031175,-0.007399,4.170140,0.010125,0.002633,-0.008241,-0.000001961,0.000022374,-0.000044185,-0.004978,0.004226,-0.005620,0.999963
20.410000,0.015811,0.019821,4.178419,0.011276,0.002384,-0.008208,-0.000001911,0.000022617,-0.000044091,-0.004922,0.004237,-0.005660,0.999963
20.420000,0.008911,0.023624,4.160353,0.011252,0.002647,-0.007672,-0.000001655,0.000022136,-0.000044257,-0.004865,0.004248,-0.005699,0.999963
20.430000,0.003954,0.003738,4.166461,0.012637,0.003070,-0.007966,-0.000001945,0.000022508,-0.000044053,-0.004810,0.004260,-0.005739,0.999963
20.440000,0.013879,0.023163,4.132740,0.011221,0.003598,-0.008048,-0.000001729,0.000022354,-0.000044027,-0.004754,0.004272,-0.005779,0.999963
20.450000,0.005269,0.000142,4.178152,0.011190,0.003876,-0.008129,-0.000001752,0.000022562,-0.000044159,-0.004698,0.004285,-0.005819,0.999963
20.460000,0.010591,0.017348,4.170595,0.011203,0.002928,-0.008009,-0.000001910,0.000022377,-0.000044253,-0.004642,0.004298,-0.005859,0.999963
20.470000,0.007852,0.010404,4.177537,0.010511,0.003657,-0.008093,-0.000001857,0.000022361,-0.000044051,-0.004586,0.004312,-0.005899,0.999963
20.480000,0.020398,0.010354,4.183645,0.011145,0.003496,-0.007804,-0.000001972,0.000022451,-0.000044244,-0.004530,0.004326,-0.005940,0.999963
20.490000,0.016282,0.024770,4.154405,0.011724,0.003105,-0.008863,-0.000001806,0.000022683,-0.000044069,-0.004473,0.004341,-0.005981,0.999963
20.500000,0.013714,0.025099,4.152188,0.009475,0.002765,-0.008122,-0.000001892,0.000022527,-0.000044308,-0.004417,0.004355,-0.006022,0.999963
20.510000,0.025923,0.010899,4.160217,0.011159,0.002279,-0.008128,-0.000001587,0.000022239,-0.000044084,-0.004360,0.004371,-0.006063,0.999963
20.520000,0.022920,0.011998,4.154057,0.011782,0.003083,-0.007236,-0.000001622,0.000022581,-0.000044244,-0.004302,0.004386,-0.006104,0.999962
20.530000,0.023315,0.031180,4.178868,0.011253,0.003779,-0.007539,-0.000002053,0.000022361,-0.000044103,-0.004244,0.004400,-0.006146,0.999962
20.540000,0.045667,0.017188,4.180434,0.011070,0.002327,-0.008197,-0.000001895,0.000022461,-0.000044247,-0.004187,0.004414,-0.006187,0.999962
20.550000,0.012881,-0.021415,4.178997,0.011964,0.004201,-0.007883,-0.000001929,0.000022178,-0.000044205,-0.004129,0.004428,-0.006228,0.999962
20.560000,0.012668,0.001187,4.194078,0.011141,0.003311,-0.007425,-0.000002104,0.000022325,-0.000044237,-0.004072,0.004441,-0.006269,0.999962
20.570000,0.035465,0.022355,4.183640,0.011928,0.002516,-0.007930,-0.000001654,0.000022376,-0.000044106,-0.004015,0.004454,-0.006310,0.999962
20.580000,0.016721,0.007823,4.180130,0.011437,0.002776,-0.008023,-0.000001941,0.000022306,-0.000044287,-0.003959,0.004467,-0.006350,0.999962
20.590000,0.011015,0.017570,4.209580,0.011803,0.002385,-0.007935,-0.000002050,0.000022461,-0.000044077,-0.003903,0.004479,-0.006391,0.999962
20.600000,0.012994,0.011228,4.170159,0.011571,0.003710,-0.008625,-0.000001756,0.000022438,-0.000044293,-0.003847,0.004492,-0.006431,0.999962
20.610000,0.021485,0.017345,4.185214,0.011013,0.002382,-0.006849,-0.000002370,0.000022352,-0.000044129,-0.003791,0.004504,-0.006471,0.999962
20.620000,0.022179,0.022271,4.193089,0.010167,0.002465,-0.007646,-0.000001846,0.000022417,-0.000044251,-0.003735,0.004516,-0.006511,0.999962
20.630000,0.000607,0.011703,4.168009,0.011098,0.002284,-0.008215,-0.000001864,0.000022130,-0.000044023,-0.003679,0.004528,-0.006551,0.999962
20.640000,-0.002043,0.007894,4.213190,0.011197,0.002797,-0.008076,-0.000001756,0.000022416,-0.000044128,-0.003624,0.004541,-0.006591,0.999961
20.650000,0.009126,0.015087,4.198534,0.010966,0.004017,-0.007536,-0.000001957,0.000022417,-0.000043936,-0.003569,0.004555,-0.006631,0.999961
20.660000,0.024543,0.011428,4.201761,0.011909,0.003604,-0.007244,-0.000001941,0.000022482,-0.000044189,-0.003514,0.004569,-0.006671,0.999961
20.670000,-0.014419,0.019158,4.197349,0.010696,0.003625,-0.008622,-0.000002090,0.000022339,-0.000044147,-0.003459,0.004584,-0.006712,0.999961
20.680000,0.006314,-0.000973,4.209431,0.010932,0.003719,-0.008384,-0.000001839,0.000022421,-0.000044170,-0.003404,0.004600,-0.006752,0.999961
20.690000,0.028856,-0.008485,4.225603,0.010837,0.003516,-0.007613,-0.000001819,0.000022178,-0.000044016,-0.003349,0.004616,-0.006793,0.999961
20.700000,0.043403,0.021197,4.180874,0.011779,0.003660,-0.007779,-0.000002192,0.000022303,-0.000044399,-0.003295,0.004632,-0.006833,0.999960
20.710000,0.022878,0.012143,4.215251,0.010360,0.004023,-0.007737,-0.000002020,0.000022145,-0.000044245,-0.003241,0.004650,-0.006874,0.999960
20.720000,-0.000181,0.013575,4.221977,0.010338,0.004183,-0.008166,-0.000002123,0.000022317,-0.000043978,-0.003187,0.004667,-0.006914,0.999960
20.730000,0.051866,0.006666,4.213296,0.011026,0.004460,-0.008274,-0.000001915,0.000022282,-0.000044361,-0.003133,0.004684,-0.006954,0.999960
20.740000,0.037198,0.033071,4.204411,0.010972,0.003734,-0.008457,-0.000001899,0.000022202,-0.000044292,-0.003079,0.004700,-0.006994,0.999960
20.750000,0.033972,-0.004982,4.204984,0.010766,0.003576,-0.007869,-0.000001934,0.000022059,-0.000044263,-0.003026,0.004716,-0.007034,0.999960
20.760000,0.024138,0.008185,4.222717,0.010422,0.003653,-0.007926,-0.000001954,0.000022262,-0.000044168,-0.002973,0.004732,-0.007074,0.999959
20.770000,0.009528,-0.017233,4.186591,0.010739,0.002429,-0.008062,-0.000001853,0.000022169,-0.000044037,-0.002921,0.004748,-0.007113,0.999959
20.780000,0.013519,0.013194,4.216245,0.010884,0.002707,-0.007886,-0.000001929,0.000022298,-0.000044199,-0.002869,0.004763,-0.007152,0.999959
20.790000,0.013703,0.004178,4.204719,0.009567,0.002957,-0.007853,-0.000001846,0.000022232,-0.000044253,-0.002818,0.004778,-0.007190,0.999959
20.800000,0.039218,0.003358,4.223366,0.010356,0.004291,-0.008191,-0.000001800,0.000022186,-0.000043987,-0.002768,0.004792,-0.007228,0.999959
20.810000,0.037556,0.007996,4.231797,0.009826,0.003759,-0.008958,-0.000001812,0.000022064,-0.000044227,-0.002717,0.004806,-0.007266,0.999958
20.820000,0.018866,0.007447,4.238268,0.010143,0.001654,-0.006903,-0.000001856,0.000022173,-0.000044104,-0.002667,0.004819,-0.007304,0.999958
20.830000,0.009190,0.007400,4.229194,0.010617,0.003308,-0.006678,-0.000001836,0.000022219,-0.000044239,-0.002618,0.004833,-0.007341,0.999958
20.840000,0.020890,-0.019103,4.230404,0.009339,0.003729,-0.008105,-0.000001771,0.000022299,-0.000044213,-0.002569,0.004847,-0.007378,0.999958
20.850000,0.020390,-0.003079,4.229794,0.009386,0.002794,-0.007425,-0.000001854,0.000022414,-0.000044231,-0.002521,0.004862,-0.007415,0.999958
20.860000,0.013168,-0.005738,4.224301,0.009801,0.002369,-0.006674,-0.000001917,0.000022357,-0.000044324,-0.002473,0.004876,-0.007452,0.999957
20.870000,0.019538,0.007365,4.226443,0.010668,0.003977,-0.007358,-0.000001986,0.000022096,-0.000044308,-0.002426,0.004892,-0.007489,0.999957
20.880000,-0.000471,0.028797,4.237902,0.011033,0.003931,-0.007305,-0.000001979,0.000022563,-0.000044318,-0.002379,0.004908,-0.007525,0.999957
20.890000,0.019424,-0.005087,4.254917,0.008957,0.003693,-0.007564,-0.000001762,0.000022174,-0.000044126,-0.002333,0.004924,-0.007562,0.999957
20.900000,-0.006394,0.032251,4.235798,0.009118,0.003910,-0.007997,-0.000001734,0.000022312,-0.000044248,-0.002287,0.004941,-0.007598,0.999956
20.910000,0.027412,-0.020285,4.227769,0.008641,0.004407,-0.007710,-0.000001828,0.000022154,-0.000044093,-0.002241,0.004958,-0.007635,0.999956
20.920000,0.016204,-0.011941,4.225156,0.009642,0.002975,-0.006258,-0.000001968,0.000022062,-0.000044282,-0.002197,0.004976,-0.007671,0.999956
20.930000,0.037753,-0.000665,4.241045,0.009697,0.003494,-0.007095,-0.000001744,0.000022042,-0.000044246,-0.002152,0.004993,-0.007706,0.999956
20.940000,0.046773,-0.006882,4.239910,0.008254,0.003743,-0.007328,-0.000001842,0.000022073,-0.000044146,-0.002108,0.005011,-0.007742,0.999955
20.950000,0.024878,0.014684,4.243506,0.008708,0.003641,-0.006410,-0.000001924,0.000022230,-0.000044232,-0.002065,0.005028,-0.007777,0.999955
20.960000,0.073897,0.001834,4.248311,0.009372,0.003312,-0.007278,-0.000001767,0.000022286,-0.000044182,-0.002022,0.005044,-0.007812,0.999955
20.970000,0.018815,-0.014624,4.251796,0.008146,0.003460,-0.007502,-0.000001979,0.000022062,-0.000044229,-0.001980,0.005061,-0.007847,0.999954
20.980000,0.028788,0.014477,4.239247,0.008109,0.003418,-0.007756,-0.000002049,0.000022118,-0.000044218,-0.001938,0.005078,-0.007881,0.999954
20.990000,0.015732,0.002341,4.246574,0.008371,0.003470,-0.006402,-0.000002001,0.000022276,-0.000044103,-0.001897,0.005095,-0.007915,0.999954
21.000000,0.028007,-0.024663,4.253500,0.008025,0.002704,-0.006672,-0.000002062,0.000022227,-0.000044301,-0.001857,0.005112,-0.007949,0.999954
21.010000,-0.003387,-0.015058,4.246468,0.007835,0.004258,-0.006260,-0.000001905,0.000022288,-0.000044291,-0.001817,0.005129,-0.007982,0.999953
21.020000,0.013139,0.004148,4.261728,0.008176,0.003447,-0.005783,-0.000001922,0.000022208,-0.000044360,-0.001778,0.005148,-0.008016,0.999953
21.030000,0.028455,-0.003034,4.244458,0.007698,0.003453,-0.006386,-0.000001873,0.000022081,-0.000044358,-0.001739,0.005166,-0.008049,0.999953
21.040000,-0.010857,-0.002849,4.254013,0.007837,0.004319,-0.005404,-0.000001989,0.000021954,-0.000044344,-0.001700,0.005186,-0.008083,0.999952
21.050000,0.020657,0.046842,4.264015,0.007464,0.005297,-0.006879,-0.000001930,0.000022032,-0.000044180,-0.001662,0.005206,-0.008116,0.999952
21.060000,0.004316,-0.005534,4.289672,0.008015,0.004653,-0.006981,-0.000001875,0.000022157,-0.000044482,-0.001625,0.005227,-0.008149,0.999952
21.070000,-0.030540,-0.005721,4.299082,0.006570,0.006742,-0.005854,-0.000001943,0.000022270,-0.000044547,-0.001588,0.005250,-0.008182,0.999951
21.080000,-0.000535,-0.011127,4.262947,0.007568,0.004491,-0.005988,-0.000001930,0.000022239,-0.000044177,-0.001552,0.005273,-0.008215,0.999951
21.090000,0.010043,0.022774,4.292807,0.006278,0.004153,-0.005997,-0.000002179,0.000022039,-0.000044109,-0.001517,0.005297,-0.008248,0.999951
21.100000,0.000905,-0.009960,4.310479,0.007634,0.005202,-0.005617,-0.000002011,0.000022282,-0.000044260,-0.001482,0.005322,-0.008281,0.999950
21.110000,0.015533,0.007129,4.266921,0.006769,0.005358,-0.006477,-0.000001831,0.000021938,-0.000044216,-0.001448,0.005348,-0.008314,0.999950
21.120000,0.009215,0.024218,4.274382,0.006709,0.005430,-0.006185,-0.000002019,0.000022090,-0.000044203,-0.001415,0.005375,-0.008346,0.999950
21.130000,0.022279,-0.030139,4.375911,0.006414,0.005718,-0.006328,-0.000001754,0.000022073,-0.000044270,-0.001382,0.005403,-0.008378,0.999949
21.140000,0.019899,-0.006496,4.363180,0.006558,0.007016,-0.006079,-0.000001567,0.000021935,-0.000044260,-0.001351,0.005431,-0.008410,0.999949
21.150000,0.013773,-0.009884,4.767885,0.005483,0.004879,-0.005946,-0.000001790,0.000022330,-0.000044233,-0.001321,0.005460,-0.008442,0.999949
21.160000,0.024391,0.004324,4.807847,0.006209,0.005873,-0.006632,-0.000001855,0.000022279,-0.000044340,-0.001291,0.005490,-0.008473,0.999948
21.170000,0.044382,-0.003537,4.835378,0.006001,0.006135,-0.006175,-0.000001739,0.000022440,-0.000044207,-0.001262,0.005520,-0.008504,0.999948
21.180000,0.019685,0.013243,4.816317,0.005972,0.006945,-0.005564,-0.000001674,0.000022040,-0.000044136,-0.001234,0.005550,-0.008535,0.999947
21.190000,0.040780,-0.006483,4.536786,0.006191,0.007281,-0.005560,-0.000001801,0.000022053,-0.000044501,-0.001205,0.005581,-0.008566,0.999947
21.200000,0.000088,0.020130,4.533256,0.006300,0.006690,-0.006078,-0.000001760,0.000021864,-0.000044409,-0.001177,0.005612,-0.008598,0.999947
21.210000,-0.004219,-0.000466,4.308213,0.006124,0.006555,-0.006097,-0.000002145,0.000021864,-0.000044302,-0.001149,0.005644,-0.008628,0.999946
21.220000,0.023633,0.004553,4.280756,0.006351,0.006355,-0.006255,-0.000001826,0.000021943,-0.000044248,-0.001121,0.005676,-0.008659,0.999946
21.230000,0.003518,-0.018877,4.299231,0.005149,0.008346,-0.007819,-0.000001998,0.000022207,-0.000044272,-0.001095,0.005709,-0.008690,0.999945
21.240000,-0.006921,-0.037346,4.326542,0.004983,0.007449,-0.006178,-0.000001923,0.000021929,-0.000044142,-0.001070,0.005743,-0.008720,0.999945
21.250000,-0.029954,-0.014153,4.303537,0.005101,0.007323,-0.006438,-0.000001886,0.000022195,-0.000044235,-0.001045,0.005778,-0.008750,0.999944
21.260000,-0.012167,-0.017704,4.311913,0.005013,0.006957,-0.005031,-0.000001694,0.000022070,-0.000044265,-0.001021,0.005815,-0.008780,0.999944
21.270000,-0.012867,0.011302,4.288446,0.006015,0.007258,-0.006301,-0.000002017,0.000022091,-0.000044303,-0.000998,0.005853,-0.008810,0.999944
21.280000,-0.026223,0.022464,4.314210,0.003661,0.007447,-0.006600,-0.000001743,0.000022022,-0.000044171,-0.000975,0.005893,-0.008841,0.999943
21.290000,-0.021666,0.002171,4.286496,0.004518,0.008544,-0.004871,-0.000002025,0.000022043,-0.000044190,-0.000952,0.005934,-0.008871,0.999943
21.300000,-0.005025,-0.007076,4.325916,0.004995,0.008288,-0.005966,-0.000002113,0.000022101,-0.000044300,-0.000930,0.005977,-0.008902,0.999942
21.310000,0.005279,0.004124,4.305228,0.004478,0.008441,-0.005819,-0.000001760,0.000022270,-0.000044211,-0.000909,0.006022,-0.008933,0.999942
21.320000,-0.016317,-0.008882,4.317951,0.004617,0.009072,-0.004331,-0.000002079,0.000022179,-0.000044325,-0.000888,0.006067,-0.008963,0.999941
21.330000,-0.002165,-0.001518,4.325818,0.003455,0.009398,-0.005607,-0.000001959,0.000021917,-0.000044318,-0.000868,0.006114,-0.008994,0.999940
21.340000,-0.023543,0.025544,4.324981,0.005151,0.009990,-0.006431,-0.000002147,0.000022009,-0.000044157,-0.000848,0.006161,-0.009025,0.999940
21.350000,0.017599,0.022485,4.659290,0.003832,0.009950,-0.005980,-0.000001679,0.000022013,-0.000044201,-0.000828,0.006209,-0.009055,0.999939
21.360000,0.035746,-0.000852,4.633504,0.003302,0.009707,-0.006626,-0.000001692,0.000022053,-0.000044097,-0.000809,0.006256,-0.009086,0.999939
21.370000,0.027156,0.014664,4.675256,0.002829,0.010180,-0.005906,-0.000001877,0.000022125,-0.000044252,-0.000789,0.006303,-0.009116,0.999938
21.380000,0.019361,0.002087,4.679013,0.004128,0.008455,-0.005503,-0.000001855,0.000022075,-0.000044506,-0.000770,0.006350,-0.009146,0.999938
21.390000,0.021551,0.014475,4.394526,0.003007,0.009189,-0.006064,-0.000001849,0.000022048,-0.000044348,-0.000752,0.006396,-0.009175,0.999937
21.400000,0.022146,0.017357,4.405966,0.002814,0.009082,-0.005865,-0.000001964,0.000021914,-0.000043841,-0.000734,0.006442,-0.009205,0.999937
21.410000,0.035481,-0.013727,4.332138,0.004051,0.009017,-0.005563,-0.000001816,0.000022030,-0.000044403,-0.000716,0.006488,-0.009234,0.999936
21.420000,0.024265,0.009867,4.352147,0.003741,0.008958,-0.005237,-0.000001650,0.000022041,-0.000043964,-0.000698,0.006534,-0.009263,0.999936
21.430000,0.027104,0.013032,4.339196,0.002602,0.010161,-0.006074,-0.000001744,0.000022022,-0.000044284,-0.000681,0.006580,-0.009292,0.999935
21.440000,-0.015593,0.021132,4.353371,0.004025,0.009659,-0.005971,-0.000001813,0.000022008,-0.000044526,-0.000664,0.006627,-0.009320,0.999934
21.450000,0.022167,0.012342,4.333542,0.003561,0.011236,-0.005001,-0.000001946,0.000021950,-0.000044343,-0.000648,0.006673,-0.009349,0.999934
21.460000,0.020958,0.015200,4.350718,0.002764,0.009215,-0.006461,-0.000001950,0.000022268,-0.000044600,-0.000632,0.006720,-0.009377,0.999933
21.470000,0.015702,0.012732,4.363004,0.003158,0.009524,-0.004924,-0.000002040,0.000021837,-0.000044338,-0.000617,0.006766,-0.009405,0.999933
21.480000,0.004381,-0.011874,4.342124,0.002376,0.009222,-0.005242,-0.000001918,0.000022012,-0.000044402,-0.000602,0.006814,-0.009433,0.999932
21.490000,0.014949,-0.026344,4.372443,0.003244,0.010614,-0.005454,-0.000001818,0.000022333,-0.000044240,-0.000588,0.006862,-0.009461,0.999932
21.500000,0.021037,0.007222,4.373481,0.002543,0.010267,-0.005494,-0.000001898,0.000022137,-0.000044037,-0.000575,0.006910,-0.009488,0.999931
21.510000,0.018370,0.007633,4.377678,0.002387,0.009845,-0.005153,-0.000001811,0.000021836,-0.000044278,-0.000562,0.006959,-0.009515,0.999930
21.520000,0.029206,-0.000620,4.370725,0.002103,0.010212,-0.004513,-0.000001940,0.000021730,-0.000044325,-0.000549,0.007008,-0.009543,0.999930
21.530000,0.051689,0.017057,4.373592,0.002874,0.010289,-0.004533,-0.000001858,0.000021981,-0.000044259,-0.000535,0.007057,-0.009570,0.999929
21.540000,0.035994,0.006906,4.356549,0.001922,0.009109,-0.005256,-0.000001679,0.000022242,-0.000044313,-0.000522,0.007104,-0.009597,0.999929
21.550000,0.045543,0.012639,4.449457,0.001662,0.009548,-0.005857,-0.000001952,0.000022192,-0.000044447,-0.000509,0.007150,-0.009624,0.999928
21.560000,0.061550,0.009888,4.453120,0.003575,0.009397,-0.003872,-0.000001761,0.000022016,-0.000044143,-0.000495,0.007195,-0.009651,0.999927
21.570000,0.050572,0.024459,4.496351,0.002275,0.008875,-0.005712,-0.000001670,0.000022155,-0.000044146,-0.000481,0.007239,-0.009677,0.999927
21.580000,0.053869,0.042873,4.463347,0.002778,0.007571,-0.006322,-0.000002037,0.000021722,-0.000044332,-0.000466,0.007282,-0.009704,0.999926
21.590000,0.071809,0.005685,4.373446,0.003137,0.008944,-0.005520,-0.000001683,0.000021813,-0.000044264,-0.000451,0.007323,-0.009730,0.999926
21.600000,0.048686,0.027586,4.395365,0.003693,0.008667,-0.005319,-0.000001763,0.000021944,-0.000044287,-0.000435,0.007363,-0.009757,0.999925
21.610000,0.054634,0.026914,4.375464,0.002899,0.006919,-0.005249,-0.000001655,0.000021791,-0.000044234,-0.000418,0.007401,-0.009783,0.999925
21.620000,0.047582,0.029748,4.379623,0.003864,0.007835,-0.005571,-0.000001896,0.000021850,-0.000044191,-0.000401,0.007438,-0.009809,0.999924
21.630000,0.061336,0.021503,4.399688,0.003083,0.005986,-0.004153,-0.000001661,0.000021986,-0.000044318,-0.000383,0.007472,-0.009835,0.999924
21.640000,0.063448,-0.003905,4.412817,0.002724,0.006941,-0.005149,-0.000001565,0.000022132,-0.000044394,-0.000365,0.007505,-0.009861,0.999923
21.650000,0.064266,0.057970,4.390738,0.003714,0.006521,-0.004191,-0.000001492,0.000021842,-0.000044284,-0.000346,0.007537,-0.009887,0.999923
21.660000,0.051484,0.000298,4.387384,0.003574,0.006178,-0.005087,-0.000001542,0.000021991,-0.000044372,-0.000327,0.007566,-0.009912,0.999922
21.670000,0.033152,0.006413,4.405282,0.003594,0.005499,-0.005647,-0.000001503,0.000021806,-0.000044258,-0.000308,0.007595,-0.009937,0.999922
21.680000,0.049399,0.021969,4.407715,0.002427,0.005567,-0.005201,-0.000001853,0.000022009,-0.000044107,-0.000289,0.007622,-0.009962,0.999921
21.690000,0.029457,0.002723,4.403172,0.003697,0.005392,-0.005124,-0.000001958,0.000022021,-0.000044272,-0.000270,0.007647,-0.009987,0.999921
21.700000,0.031674,0.013156,4.429766,0.003303,0.005281,-0.005031,-0.000001837,0.000022071,-0.000044489,-0.000251,0.007671,-0.010011,0.999920
21.710000,0.049306,0.009170,4.429942,0.003468,0.003889,-0.004609,-0.000001678,0.000022064,-0.000044224,-0.000231,0.007693,-0.010035,0.999920
21.720000,0.069402,0.003515,4.417959,0.003210,0.002951,-0.004745,-0.000001738,0.000022120,-0.000044479,-0.000212,0.007713,-0.010058,0.999920
21.730000,0.079637,0.023542,4.408265,0.004292,0.002693,-0.005200,-0.000001425,0.000022029,-0.000044097,-0.000191,0.007730,-0.010081,0.999919
21.740000,0.081962,0.038085,4.448901,0.004599,0.003119,-0.004136,-0.000001705,0.000021942,-0.000044396,-0.000169,0.007745,-0.010104,0.999919
21.750000,0.085650,0.050707,4.436264,0.005870,0.002179,-0.004139,-0.000001716,0.000022024,-0.000044391,-0.000146,0.007757,-0.010127,0.999919
21.760000,0.106815,0.023740,4.436665,0.004155,0.003049,-0.004279,-0.000001599,0.000022012,-0.000044165,-0.000122,0.007766,-0.010150,0.999918
21.770000,0.060548,0.037244,4.423791,0.005091,0.000378,-0.003794,-0.000001636,0.000021987,-0.000044226,-0.000097,0.007772,-0.010173,0.999918
21.780000,0.066890,0.051129,4.452196,0.006178,0.001022,-0.005237,-0.000001661,0.000021838,-0.000044572,-0.000071,0.007776,-0.010195,0.999918
21.790000,0.074761,0.035081,4.445810,0.004843,0.000317,-0.002878,-0.000001698,0.000022088,-0.000043940,-0.000043,0.007777,-0.010218,0.999918
21.800000,0.071317,0.014720,4.425812,0.005323,-0.000062,-0.004910,-0.000001582,0.000021895,-0.000044437,-0.000015,0.007775,-0.010240,0.999917
21.810000,0.073933,0.010054,4.425557,0.005894,-0.000496,-0.005379,-0.000002143,0.000021942,-0.000044342,0.000014,0.007771,-0.010262,0.999917
21.820000,0.078790,0.026208,4.456333,0.006910,-0.001279,-0.004036,-0.000001844,0.000021878,-0.000044517,0.000045,0.007765,-0.010284,0.999917
21.830000,0.068074,0.067749,4.457728,0.006554,-0.002714,-0.004388,-0.000001874,0.000021810,-0.000044350,0.000077,0.007757,-0.010307,0.999917
21.840000,0.030203,0.036676,4.430969,0.006683,-0.001314,-0.004067,-0.000001963,0.000021884,-0.000044443,0.000110,0.007747,-0.010329,0.999917
21.850000,0.041509,0.010178,4.462581,0.006443,-0.002016,-0.004066,-0.000001664,0.000021733,-0.000044346,0.000143,0.007736,-0.010352,0.999916
21.860000,0.031581,0.019347,4.459065,0.006747,-0.001388,-0.004846,-0.000001850,0.000022019,-0.000044260,0.000177,0.007724,-0.010374,0.999916
21.870000,0.044083,0.019076,4.459774,0.006467,-0.002841,-0.004340,-0.000001713,0.000022049,-0.000044254,0.000212,0.007711,-0.010397,0.999916
21.880000,0.048144,0.027726,4.468422,0.007295,-0.003218,-0.003328,-0.000001415,0.000021912,-0.000044293,0.000247,0.007697,-0.010419,0.999916
21.890000,0.058534,0.031015,4.455694,0.007327,-0.002748,-0.004726,-0.000001698,0.000022008,-0.000044184,0.000283,0.007680,-0.010442,0.999916
21.900000,0.036415,0.020689,4.456744,0.008215,-0.003117,-0.003546,-0.000001676,0.000021797,-0.000044319,0.000320,0.007662,-0.010464,0.999916
21.910000,0.072920,0.033456,4.635650,0.007366,-0.003749,-0.004295,-0.000001821,0.000022251,-0.000044307,0.000358,0.007642,-0.010487,0.999916
21.920000,0.049055,0.018765,4.620873,0.007662,-0.003725,-0.004948,-0.000001925,0.000021913,-0.000044450,0.000397,0.007619,-0.010509,0.999916
21.930000,0.061251,0.031765,5.170452,0.008424,-0.005309,-0.005423,-0.000001904,0.000021920,-0.000044704,0.000437,0.007595,-0.010531,0.999916
21.940000,0.051519,0.019216,5.165045,0.009208,-0.005656,-0.004380,-0.000001639,0.000021723,-0.000044204,0.000478,0.007569,-0.010553,0.999916
21.950000,0.075982,0.049470,5.761396,0.008485,-0.004804,-0.003529,-0.000001791,0.000021929,-0.000044335,0.000520,0.007541,-0.010576,0.999916
21.960000,0.087819,0.044724,5.691216,0.009503,-0.006153,-0.004901,-0.000001882,0.000021860,-0.000044388,0.000562,0.007511,-0.010598,0.999915
21.970000,0.066767,0.062610,6.329330,0.009242,-0.005943,-0.004697,-0.000001926,0.000021730,-0.000044273,0.000605,0.007478,-0.010620,0.999915
21.980000,0.061265,0.026202,6.281019,0.008471,-0.007616,-0.003548,-0.000001579,0.000021992,-0.000044413,0.000649,0.007444,-0.010642,0.999915
21.990000,0.047837,-0.001352,6.861715,0.009279,-0.007457,-0.003848,-0.000001891,0.000021828,-0.000044449,0.000694,0.007408,-0.010663,0.999915
22.000000,0.061018,0.050091,6.874834,0.009760,-0.007597,-0.003088,-0.000001825,0.000022046,-0.000044298,0.000739,0.007369,-0.010684,0.999915
22.010000,0.050487,0.036290,7.407826,0.008629,-0.007938,-0.003764,-0.000001979,0.000022164,-0.000044414,0.000784,0.007329,-0.010705,0.999916
22.020000,0.060389,0.019621,7.414189,0.008793,-0.007946,-0.003353,-0.000001915,0.000021790,-0.000044300,0.000829,0.007286,-0.010726,0.999916
22.030000,0.077072,0.029122,7.963084,0.009691,-0.007966,-0.003986,-0.000001837,0.000022061,-0.000044254,0.000875,0.007243,-0.010746,0.999916
22.040000,0.078750,0.038203,7.956527,0.009748,-0.007858,-0.004262,-0.000001892,0.000021795,-0.000044224,0.000921,0.007197,-0.010766,0.999916
22.050000,0.060073,0.049476,7.994023,0.009786,-0.008473,-0.003559,-0.000001855,0.000021812,-0.000044223,0.000969,0.007150,-0.010787,0.999916
22.060000,0.098153,0.026786,7.982444,0.010858,-0.009029,-0.003287,-0.000001902,0.000021821,-0.000044426,0.001017,0.007100,-0.010807,0.999916
22.070000,0.058062,0.030852,7.457311,0.010352,-0.010406,-0.003498,-0.000001762,0.000022248,-0.000044452,0.001067,0.007049,-0.010827,0.999916
22.080000,0.066766,0.026424,7.457706,0.009376,-0.009653,-0.004261,-0.000001849,0.000022127,-0.000044094,0.001117,0.006997,-0.010848,0.999916
22.090000,0.080404,0.023681,7.928621,0.010515,-0.010661,-0.004578,-0.000001952,0.000021872,-0.000044289,0.001169,0.006942,-0.010869,0.999916
22.100000,0.076432,0.038946,7.929797,0.010671,-0.010732,-0.003086,-0.000001801,0.000021864,-0.000044258,0.001222,0.006886,-0.010889,0.999916
22.110000,0.054195,0.054798,8.513420,0.011015,-0.011306,-0.003892,-0.000001729,0.000021737,-0.000044517,0.001275,0.006828,-0.010910,0.999916
22.120000,0.087029,0.022067,8.494726,0.011477,-0.011398,-0.003836,-0.000001878,0.000021817,-0.000044600,0.001330,0.006768,-0.010931,0.999916
22.130000,0.095898,0.027895,9.030121,0.011263,-0.011850,-0.003006,-0.000001728,0.000022068,-0.000044658,0.001385,0.006706,-0.010951,0.999917
22.140000,0.073115,0.020756,9.022022,0.011232,-0.012996,-0.003664,-0.000001850,0.000021711,-0.000044536,0.001440,0.006641,-0.010971,0.999917
22.150000,0.089707,0.061337,9.597436,0.011320,-0.012989,-0.004511,-0.000001850,0.000021660,-0.000044356,0.001495,0.006574,-0.010990,0.999917
22.160000,0.079560,0.034881,9.596623,0.011793,-0.013379,-0.002782,-0.000001697,0.000021950,-0.000044223,0.001551,0.006504,-0.011009,0.999917
22.170000,0.082561,0.038340,10.116495,0.011595,-0.015263,-0.002684,-0.000001831,0.000021710,-0.000044316,0.001607,0.006432,-0.011028,0.999917
22.180000,0.101959,0.037330,10.120314,0.011611,-0.014787,-0.003381,-0.000002143,0.000021980,-0.000044473,0.001663,0.006357,-0.011046,0.999917
22.190000,0.104439,0.015207,10.737678,0.011479,-0.014550,-0.002825,-0.000001859,0.000021979,-0.000044428,0.001720,0.006280,-0.011063,0.999918
22.200000,0.097648,0.041765,10.719022,0.012189,-0.014699,-0.003465,-0.000002087,0.000021812,-0.000044541,0.001776,0.006200,-0.011080,0.999918
22.210000,0.095028,0.043298,11.265972,0.011873,-0.016143,-0.003839,-0.000002027,0.000021774,-0.000044450,0.001833,0.006118,-0.011097,0.999918
22.220000,0.105443,0.053248,11.271722,0.013129,-0.016620,-0.002798,-0.000001807,0.000021838,-0.000044484,0.001890,0.006033,-0.011113,0.999918
22.230000,0.091091,0.055234,11.806559,0.012665,-0.016960,-0.003484,-0.000001940,0.000021855,-0.000044772,0.001947,0.005946,-0.011128,0.999919
22.240000,0.101744,0.060667,11.791011,0.013125,-0.017743,-0.003669,-0.000002032,0.000021863,-0.000044349,0.002005,0.005857,-0.011144,0.999919
22.250000,0.096081,0.065208,11.240453,0.012373,-0.018151,-0.002970,-0.000002077,0.000021714,-0.000044490,0.002062,0.005765,-0.011158,0.999919
22.260000,0.065259,0.034778,11.245358,0.012528,-0.017670,-0.002468,-0.000002155,0.000021690,-0.000044474,0.002120,0.005672,-0.011173,0.999919
22.270000,0.071735,0.014716,10.720208,0.011501,-0.017797,-0.002234,-0.000001841,0.000021598,-0.000044315,0.002177,0.005578,-0.011186,0.999920
22.280000,0.068456,0.033582,10.726542,0.012962,-0.019566,-0.004220,-0.000001970,0.000021766,-0.000044337,0.002234,0.005482,-0.011200,0.999920
22.290000,0.058235,0.032128,10.853675,0.012879,-0.019064,-0.002459,-0.000002027,0.000021794,-0.000044501,0.002291,0.005386,-0.011213,0.999920
22.300000,0.062667,0.038016,10.828319,0.011710,-0.019994,-0.001795,-0.000002033,0.000021566,-0.000044435,0.002347,0.005287,-0.011226,0.999920
22.310000,0.089177,0.039682,11.388303,0.013010,-0.019379,-0.001649,-0.000002053,0.000021899,-0.000044381,0.002404,0.005187,-0.011238,0.999921
22.320000,0.091455,0.034913,11.367095,0.012306,-0.020429,-0.002984,-0.000002082,0.000021723,-0.000044319,0.002461,0.005085,-0.011250,0.999921
22.330000,0.090202,0.055418,11.908931,0.012745,-0.021110,-0.002833,-0.000002053,0.000021650,-0.000044406,0.002517,0.004982,-0.011261,0.999921
22.340000,0.110904,0.037411,11.911841,0.011006,-0.020333,-0.003413,-0.000002090,0.000021646,-0.000044524,0.002574,0.004876,-0.011272,0.999921
22.350000,0.119758,0.042596,12.483859,0.011657,-0.021696,-0.002738,-0.000001969,0.000021993,-0.000044551,0.002631,0.004769,-0.011283,0.999922
22.360000,0.096665,0.048618,12.511735,0.013036,-0.020801,-0.001684,-0.000001889,0.000021763,-0.000044539,0.002687,0.004659,-0.011293,0.999922
22.370000,0.096260,0.058218,13.037922,0.011976,-0.022358,-0.001856,-0.000002168,0.000021792,-0.000044487,0.002744,0.004547,-0.011303,0.999922
22.380000,0.104306,0.049980,13.044499,0.012494,-0.022063,-0.001275,-0.000001899,0.000021567,-0.000044532,0.002801,0.004434,-0.011312,0.999922
22.390000,0.111845,0.046201,13.540696,0.011905,-0.022765,-0.001907,-0.000002230,0.000021615,-0.000044358,0.002858,0.004318,-0.011321,0.999923
22.400000,0.081470,0.034454,13.558358,0.012075,-0.021983,-0.001517,-0.000002096,0.000021636,-0.000044350,0.002914,0.004202,-0.011329,0.999923
22.410000,0.064874,0.042736,14.096987,0.012083,-0.024096,-0.002293,-0.000001992,0.000021853,-0.000044352,0.002970,0.004085,-0.011337,0.999923
22.420000,0.081105,0.010700,14.106955,0.011368,-0.022990,-0.001980,-0.000001927,0.000021633,-0.000044509,0.003025,0.003967,-0.011345,0.999923
22.430000,0.083374,0.080120,14.097851,0.012170,-0.023718,-0.002502,-0.000002324,0.000021600,-0.000044496,0.003081,0.003849,-0.011352,0.999923
22.440000,0.063824,0.060045,14.072622,0.012005,-0.023851,-0.001644,-0.000002047,0.000021631,-0.000044561,0.003137,0.003730,-0.011360,0.999924
22.450000,0.079730,0.040052,13.577290,0.011847,-0.023216,0.000122,-0.000002069,0.000021819,-0.000044629,0.003192,0.003611,-0.011367,0.999924
22.460000,0.065658,0.047287,13.567252,0.011184,-0.023101,-0.000447,-0.000002275,0.000021720,-0.000044747,0.003247,0.003491,-0.011374,0.999924
22.470000,0.048791,0.078642,12.997835,0.011641,-0.023953,-0.001090,-0.000002478,0.000021700,-0.000044411,0.003302,0.003372,-0.011381,0.999924
22.480000,0.050655,0.077036,12.972008,0.012283,-0.023722,-0.000999,-0.000002214,0.000021744,-0.000044467,0.003356,0.003252,-0.011388,0.999924
22.490000,0.051341,0.054103,12.553064,0.011368,-0.023533,-0.001502,-0.000002256,0.000021466,-0.000044519,0.003411,0.003133,-0.011395,0.999924
22.500000,0.037654,0.029973,12.552998,0.011042,-0.023740,-0.001275,-0.000002195,0.000021652,-0.000044679,0.003465,0.003015,-0.011403,0.999924
22.510000,0.061681,0.044475,13.086876,0.012587,-0.024132,-0.001592,-0.000002303,0.000021649,-0.000044518,0.003519,0.002895,-0.011409,0.999925
22.520000,0.074451,0.050736,13.102776,0.011141,-0.023973,-0.000915,-0.000002172,0.000021822,-0.000044440,0.003573,0.002776,-0.011416,0.999925
22.530000,0.091629,0.008300,13.662643,0.011651,-0.024275,-0.000569,-0.000002384,0.000021673,-0.000044468,0.003625,0.002656,-0.011421,0.999925
22.540000,0.102183,0.009389,13.682190,0.010640,-0.024492,0.000312,-0.000002328,0.000021575,-0.000044441,0.003676,0.002535,-0.011426,0.999925
22.550000,0.069283,0.037491,14.103231,0.009988,-0.023220,-0.000785,-0.000002447,0.000021853,-0.000044405,0.003725,0.002413,-0.011430,0.999925
22.560000,0.090769,0.007250,14.101320,0.010514,-0.023152,-0.000412,-0.000002074,0.000021473,-0.000044561,0.003773,0.002291,-0.011433,0.999925
22.570000,0.082782,0.042895,14.067175,0.011034,-0.024010,0.000531,-0.000002289,0.000021562,-0.000044617,0.003821,0.002169,-0.011436,0.999925
22.580000,0.069500,0.029784,14.097209,0.010589,-0.022778,-0.000040,-0.000002261,0.000021701,-0.000044436,0.003867,0.002047,-0.011439,0.999925
22.590000,0.064433,0.046463,14.073172,0.010611,-0.024356,0.000450,-0.000002191,0.000021608,-0.000044563,0.003913,0.001924,-0.011441,0.999925
22.600000,0.101727,0.061883,14.062617,0.009569,-0.025060,-0.000149,-0.000002286,0.000021463,-0.000044604,0.003958,0.001800,-0.011443,0.999925
22.610000,0.121083,0.027538,14.074662,0.009854,-0.026064,0.000785,-0.000002153,0.000021695,-0.000044644,0.004003,0.001676,-0.011444,0.999925
22.620000,0.100738,0.000382,14.078522,0.008750,-0.025023,-0.000233,-0.000002168,0.000021558,-0.000044542,0.004046,0.001551,-0.011444,0.999925
22.630000,0.067633,0.053002,14.071983,0.009318,-0.024964,0.000736,-0.000002491,0.000021637,-0.000044346,0.004088,0.001425,-0.011443,0.999925
22.640000,0.080487,0.054061,14.058283,0.008482,-0.025536,0.000784,-0.000002564,0.000021534,-0.000044529,0.004129,0.001298,-0.011443,0.999925
22.650000,0.079943,0.046718,14.072855,0.009133,-0.024976,0.001907,-0.000002370,0.000021757,-0.000044321,0.004170,0.001172,-0.011442,0.999925
22.660000,0.059115,0.074273,14.077444,0.009164,-0.024476,0.001395,-0.000002442,0.000021689,-0.000044358,0.004211,0.001046,-0.011440,0.999925
22.670000,0.055486,0.074435,13.579995,0.009630,-0.024763,0.000385,-0.000002654,0.000021539,-0.000044191,0.004251,0.000920,-0.011439,0.999925
22.680000,0.048255,0.078263,13.526943,0.009079,-0.025085,0.001117,-0.000002552,0.000021822,-0.000044472,0.004292,0.000795,-0.011439,0.999925
22.690000,0.062528,0.070673,13.745771,0.009805,-0.023794,-0.000224,-0.000002491,0.000021644,-0.000044355,0.004333,0.000671,-0.011438,0.999925
22.700000,0.062791,0.044509,13.731339,0.010020,-0.025279,0.000385,-0.000002698,0.000021335,-0.000044516,0.004374,0.000546,-0.011438,0.999925
22.710000,0.102174,0.021460,14.062504,0.008558,-0.024288,0.000280,-0.000002373,0.000021444,-0.000044379,0.004414,0.000422,-0.011437,0.999925
22.720000,0.059715,0.033317,14.065480,0.008571,-0.024420,0.001243,-0.000002325,0.000021538,-0.000044534,0.004454,0.000297,-0.011436,0.999925
22.730000,0.113419,0.037511,14.064118,0.008526,-0.024723,0.001212,-0.000002288,0.000021672,-0.000044486,0.004492,0.000173,-0.011434,0.999925
22.740000,0.097294,0.026223,14.075074,0.009264,-0.025947,0.001187,-0.000002460,0.000021364,-0.000044527,0.004530,0.000047,-0.011432,0.999924
22.750000,0.122481,0.038869,14.068908,0.007708,-0.025931,0.000301,-0.000002488,0.000021696,-0.000044596,0.004568,-0.000080,-0.011429,0.999924
22.760000,0.119417,0.039470,14.063133,0.007797,-0.025617,0.001480,-0.000002310,0.000021426,-0.000044674,0.004604,-0.000207,-0.011426,0.999924
22.770000,0.096606,0.041543,14.074708,0.008389,-0.025367,0.001316,-0.000002631,0.000021657,-0.000044311,0.004640,-0.000336,-0.011422,0.999924
22.780000,0.064697,0.042715,14.071475,0.007975,-0.025209,0.000417,-0.000002845,0.000021488,-0.000044686,0.004675,-0.000465,-0.011418,0.999924
22.790000,0.048132,0.044885,14.052737,0.007375,-0.024999,0.000691,-0.000002519,0.000021629,-0.000044669,0.004709,-0.000593,-0.011413,0.999924
22.800000,0.050372,0.040512,14.042312,0.007804,-0.025298,0.000887,-0.000002642,0.000021465,-0.000044727,0.004743,-0.000720,-0.011409,0.999923
22.810000,0.088301,0.041999,14.046685,0.006496,-0.024298,0.001757,-0.000002732,0.000021742,-0.000044431,0.004776,-0.000846,-0.011404,0.999923
22.820000,0.053295,0.030034,14.053202,0.007288,-0.024234,0.000925,-0.000002656,0.000021431,-0.000044318,0.004808,-0.000971,-0.011399,0.999923
22.830000,0.037098,0.060204,14.043033,0.007247,-0.025356,0.000857,-0.000002683,0.000021395,-0.000044479,0.004840,-0.001095,-0.011395,0.999923
22.840000,0.046583,0.059528,14.052351,0.006965,-0.025040,0.000297,-0.000002800,0.000021297,-0.000044416,0.004871,-0.001218,-0.011390,0.999923
22.850000,0.035786,0.028472,14.048625,0.007517,-0.023781,0.001781,-0.000002752,0.000021550,-0.000044499,0.004902,-0.001339,-0.011386,0.999922
22.860000,0.041629,0.047990,14.028485,0.006608,-0.022807,0.002269,-0.000002731,0.000021445,-0.000044380,0.004932,-0.001458,-0.011382,0.999922
22.870000,0.044103,0.062138,14.064695,0.007233,-0.022768,0.001723,-0.000002739,0.000021465,-0.000044627,0.004961,-0.001575,-0.011377,0.999922
22.880000,0.059252,0.058938,14.052716,0.006295,-0.024199,0.000650,-0.000002411,0.000021790,-0.000044591,0.004989,-0.001691,-0.011373,0.999921
22.890000,0.063618,0.057884,14.057967,0.005645,-0.023419,0.000915,-0.000002626,0.000021751,-0.000044416,0.005016,-0.001806,-0.011368,0.999921
22.900000,0.062726,0.043885,14.056764,0.006137,-0.022062,0.000144,-0.000002767,0.000021509,-0.000044564,0.005042,-0.001919,-0.011364,0.999921
22.910000,0.070797,0.050869,14.049754,0.006338,-0.021055,0.001396,-0.000003109,0.000021614,-0.000044065,0.005068,-0.002031,-0.011359,0.999921
22.920000,0.040963,0.036352,14.031518,0.005626,-0.022389,0.001695,-0.000002493,0.000021599,-0.000044553,0.005092,-0.002141,-0.011354,0.999920
22.930000,0.037874,0.035968,14.078935,0.007091,-0.020407,0.001049,-0.000002805,0.000021263,-0.000044208,0.005116,-0.002249,-0.011350,0.999920
22.940000,0.030813,0.031192,14.051047,0.005024,-0.021412,0.001625,-0.000002800,0.000021366,-0.000044604,0.005139,-0.002354,-0.011345,0.999920
22.950000,0.052522,0.031733,14.045319,0.004897,-0.020882,0.000814,-0.000002660,0.000021414,-0.000044583,0.005160,-0.002458,-0.011340,0.999919
22.960000,0.049142,0.000132,14.058927,0.003530,-0.021203,0.001051,-0.000002976,0.000021337,-0.000044554,0.005179,-0.002560,-0.011335,0.999919
22.970000,0.100573,0.015838,14.056629,0.004321,-0.019967,0.001323,-0.000002724,0.000021398,-0.000044657,0.005197,-0.002662,-0.011329,0.999919
22.980000,0.123956,0.047157,14.052468,0.003240,-0.019690,0.001825,-0.000002649,0.000021520,-0.000044516,0.005213,-0.002764,-0.011322,0.999918
22.990000,0.099183,0.010500,14.028212,0.003514,-0.020433,0.001435,-0.000002727,0.000021576,-0.000044610,0.005228,-0.002866,-0.011314,0.999918
23.000000,0.094847,0.009734,14.034090,0.004059,-0.019958,0.002673,-0.000002909,0.000021487,-0.000044419,0.005240,-0.002968,-0.011306,0.999918
23.010000,0.077950,0.030488,14.050700,0.002542,-0.019521,0.003206,-0.000002670,0.000021348,-0.000044128,0.005252,-0.003070,-0.011296,0.999918
23.020000,0.069136,0.016902,14.029084,0.002274,-0.020509,0.001353,-0.000002686,0.000021626,-0.000044546,0.005261,-0.003170,-0.011287,0.999917
23.030000,0.060595,0.026876,14.040136,0.001860,-0.019363,0.001654,-0.000002761,0.000021694,-0.000044253,0.005269,-0.003270,-0.011276,0.999917
23.040000,0.078839,0.039074,14.047228,0.002060,-0.019690,0.001442,-0.000002774,0.000021539,-0.000044630,0.005276,-0.003369,-0.011266,0.999917
23.050000,0.057753,0.057034,14.035866,0.001779,-0.019822,0.003252,-0.000002738,0.000021420,-0.000044695,0.005282,-0.003467,-0.011255,0.999917
23.060000,0.064624,0.059279,14.060120,0.002412,-0.018580,0.002203,-0.000003011,0.000021391,-0.000044594,0.005288,-0.003563,-0.011245,0.999916
23.070000,0.058883,0.065830,14.022719,0.001737,-0.019569,0.002002,-0.000002811,0.000021384,-0.000044565,0.005293,-0.003658,-0.011234,0.999916
23.080000,0.067303,0.029825,14.044101,0.001022,-0.018744,0.001759,-0.000002948,0.000021731,-0.000044540,0.005298,-0.003751,-0.011224,0.999916
23.090000,0.098522,0.059089,14.024087,0.000550,-0.017479,0.002197,-0.000002781,0.000021795,-0.000044573,0.005301,-0.003844,-0.011213,0.999916
23.100000,0.102576,0.023413,14.030142,0.000199,-0.018570,0.002959,-0.000003010,0.000021486,-0.000044260,0.005303,-0.003935,-0.011203,0.999915
23.110000,0.097677,0.041379,14.022562,0.000867,-0.017789,0.003207,-0.000002837,0.000021466,-0.000044381,0.005305,-0.004026,-0.011191,0.999915
23.120000,0.088288,0.047494,14.032639,0.000702,-0.018371,0.002775,-0.000003053,0.000021402,-0.000044680,0.005305,-0.004116,-0.011180,0.999915
23.130000,0.086200,0.034701,14.027297,0.000336,-0.017884,0.003434,-0.000002687,0.000021564,-0.000044608,0.005305,-0.004206,-0.011168,0.999915
23.140000,0.093862,0.045172,14.029692,-0.000502,-0.017008,0.002784,-0.000002796,0.000021445,-0.000044642,0.005303,-0.004296,-0.011155,0.999914
23.150000,0.091851,0.028619,14.050375,-0.000791,-0.017364,0.002875,-0.000002898,0.000021450,-0.000044523,0.005301,-0.004386,-0.011143,0.999914
23.160000,0.122965,0.050796,14.023128,0.000265,-0.018602,0.003270,-0.000002856,0.000021649,-0.000044539,0.005297,-0.004476,-0.011129,0.999914
23.170000,0.086646,0.011820,14.007151,-0.000032,-0.017641,0.003356,-0.000002906,0.000021541,-0.000044440,0.005292,-0.004566,-0.011115,0.999914
23.180000,0.088935,0.041403,14.035665,-0.000429,-0.017748,0.003162,-0.000002944,0.000021595,-0.000044462,0.005286,-0.004655,-0.011100,0.999914
23.190000,0.063689,-0.005808,14.018583,-0.001044,-0.018647,0.003934,-0.000002871,0.000021382,-0.000044525,0.005277,-0.004743,-0.011085,0.999913
23.200000,0.050852,-0.008173,14.016398,-0.001824,-0.017232,0.003477,-0.000002967,0.000021557,-0.000044399,0.005267,-0.004830,-0.011069,0.999913
23.210000,0.056008,0.018857,14.017378,-0.001604,-0.018739,0.002763,-0.000002890,0.000021563,-0.000044561,0.005255,-0.004915,-0.011053,0.999913
23.220000,0.086984,-0.015880,14.034039,-0.001932,-0.017829,0.002771,-0.000002857,0.000021543,-0.000044510,0.005241,-0.004999,-0.011036,0.999913
23.230000,0.073745,0.032113,14.034765,-0.002583,-0.016170,0.003308,-0.000003106,0.000021881,-0.000044608,0.005225,-0.005081,-0.011019,0.999913
23.240000,0.040998,0.023956,14.038189,-0.002667,-0.015575,0.004016,-0.000002732,0.000021332,-0.000044633,0.005208,-0.005161,-0.011001,0.999913
23.250000,0.043001,0.048915,14.003800,-0.003659,-0.014533,0.004229,-0.000002902,0.000021535,-0.000044736,0.005190,-0.005238,-0.010984,0.999912
23.260000,0.033249,0.041665,14.026425,-0.003482,-0.014626,0.003709,-0.000003033,0.000021189,-0.000044563,0.005171,-0.005311,-0.010967,0.999912
23.270000,0.022359,0.041423,14.030607,-0.003678,-0.014485,0.004322,-0.000002963,0.000021599,-0.000044248,0.005152,-0.005382,-0.010951,0.999912
23.280000,0.051794,0.055806,14.023403,-0.002998,-0.014346,0.002202,-0.000002973,0.000021425,-0.000044574,0.005132,-0.005450,-0.010935,0.999912
23.290000,0.065557,0.032385,14.017088,-0.003735,-0.012564,0.003209,-0.000003137,0.000021439,-0.000044288,0.005112,-0.005516,-0.010919,0.999912
23.300000,0.059996,0.053790,14.017212,-0.003000,-0.013227,0.002668,-0.000003137,0.000021468,-0.000044112,0.005093,-0.005579,-0.010905,0.999912
23.310000,0.054561,0.034523,14.004574,-0.003432,-0.011841,0.002667,-0.000002971,0.000021462,-0.000044556,0.005073,-0.005640,-0.010890,0.999912
23.320000,0.025475,0.053220,14.011896,-0.004054,-0.011323,0.001827,-0.000002853,0.000021563,-0.000044446,0.005053,-0.005698,-0.010877,0.999912
23.330000,0.071928,0.023416,14.009169,-0.002825,-0.012647,0.003418,-0.000003038,0.000021468,-0.000044558,0.005031,-0.005755,-0.010863,0.999912
23.340000,0.051218,0.009760,14.018555,-0.003760,-0.012406,0.003183,-0.000002908,0.000021564,-0.000044508,0.005009,-0.005811,-0.010848,0.999912
23.350000,0.082786,0.028464,13.999196,-0.005087,-0.011000,0.002936,-0.000002994,0.000021456,-0.000044730,0.004984,-0.005865,-0.010833,0.999912
23.360000,0.068057,0.004864,14.035730,-0.004764,-0.010632,0.004045,-0.000002890,0.000021572,-0.000044902,0.004957,-0.005918,-0.010817,0.999912
23.370000,0.057319,-0.015360,14.019544,-0.005864,-0.011205,0.004087,-0.000002979,0.000021345,-0.000044530,0.004928,-0.005969,-0.010801,0.999912
23.380000,0.041719,0.038648,14.008037,-0.005884,-0.009587,0.003562,-0.000002957,0.000021555,-0.000044595,0.004897,-0.006019,-0.010783,0.999912
23.390000,0.050004,0.017358,14.012733,-0.005153,-0.008779,0.003476,-0.000002859,0.000021550,-0.000044558,0.004863,-0.006067,-0.010765,0.999912
23.400000,0.049158,0.005460,13.978001,-0.006997,-0.009916,0.005369,-0.000003094,0.000021523,-0.000044068,0.004827,-0.006113,-0.010747,0.999912
23.410000,0.071027,0.012107,14.010281,-0.008023,-0.008299,0.003115,-0.000002923,0.000021405,-0.000044689,0.004789,-0.006157,-0.010728,0.999912
23.420000,0.074351,0.042774,13.997417,-0.008650,-0.007778,0.004421,-0.000003166,0.000021239,-0.000044261,0.004750,-0.006199,-0.010708,0.999912
23.430000,0.058442,0.016601,14.001945,-0.008500,-0.008614,0.005237,-0.000003138,0.000021717,-0.000044406,0.004708,-0.006240,-0.010688,0.999912
23.440000,0.072824,0.016200,14.013054,-0.008008,-0.008664,0.004336,-0.000003156,0.000021650,-0.000044142,0.004665,-0.006279,-0.010668,0.999913
23.450000,0.030817,0.023666,14.016579,-0.009418,-0.008280,0.004370,-0.000003220,0.000021495,-0.000044582,0.004621,-0.006315,-0.010648,0.999913
23.460000,0.027359,0.013737,14.034599,-0.008049,-0.006485,0.004444,-0.000003251,0.000021401,-0.000044420,0.004576,-0.006347,-0.010628,0.999913
23.470000,0.021183,0.039427,13.988253,-0.009804,-0.005574,0.004598,-0.000002893,0.000021468,-0.000044430,0.004530,-0.006376,-0.010608,0.999913
23.480000,0.001667,0.023772,13.988205,-0.010067,-0.005842,0.004508,-0.000003016,0.000021728,-0.000044504,0.004482,-0.006402,-0.010589,0.999913
23.490000,0.039647,0.045648,13.997509,-0.009915,-0.005072,0.003621,-0.000002752,0.000021614,-0.000044558,0.004434,-0.006424,-0.010570,0.999914
23.500000,0.068863,0.031167,13.972963,-0.010055,-0.004549,0.004193,-0.000003097,0.000021729,-0.000044703,0.004386,-0.006444,-0.010552,0.999914
23.510000,0.091476,0.046357,13.992145,-0.010040,-0.004342,0.003599,-0.000003056,0.000021497,-0.000044499,0.004336,-0.006463,-0.010533,0.999914
23.520000,0.088529,0.044304,13.989695,-0.009312,-0.003481,0.004563,-0.000003039,0.000021459,-0.000044684,0.004286,-0.006479,-0.010514,0.999915
23.530000,0.072946,0.025472,14.009744,-0.010945,-0.003367,0.003595,-0.000003416,0.000021423,-0.000044633,0.004234,-0.006495,-0.010495,0.999915
23.540000,0.064924,0.040080,14.010990,-0.010934,-0.002192,0.004569,-0.000003102,0.000021610,-0.000044502,0.004180,-0.006509,-0.010476,0.999915
23.550000,0.026082,-0.022855,14.016002,-0.010960,-0.002076,0.004400,-0.000002867,0.000021617,-0.000044556,0.004125,-0.006520,-0.010456,0.999916
23.560000,0.033514,-0.014608,13.988671,-0.011776,-0.001926,0.003610,-0.000003014,0.000021465,-0.000044490,0.004066,-0.006527,-0.010435,0.999916
23.570000,0.051065,0.014274,13.994378,-0.012234,-0.002071,0.004530,-0.000003044,0.000021634,-0.000044228,0.004007,-0.006533,-0.010415,0.999916
23.580000,0.054394,0.038886,14.014012,-0.013486,-0.001458,0.003779,-0.000002927,0.000021588,-0.000044130,0.003946,-0.006537,-0.010394,0.999917
23.590000,0.058105,0.035997,13.981900,-0.012946,-0.000612,0.004160,-0.000003095,0.000021662,-0.000044242,0.003885,-0.006539,-0.010374,0.999917
23.600000,0.046509,0.058374,14.002710,-0.012772,0.000531,0.004748,-0.000002941,0.000021690,-0.000044374,0.003824,-0.006539,-0.010354,0.999918
23.610000,0.054297,0.055576,14.004757,-0.011878,-0.000673,0.004851,-0.000003132,0.000021287,-0.000044364,0.003764,-0.006536,-0.010335,0.999918
23.620000,0.024924,0.038909,13.989077,-0.011169,0.000616,0.004014,-0.000003175,0.000021578,-0.000044532,0.003703,-0.006529,-0.010317,0.999919
23.630000,0.050875,-0.002987,13.988673,-0.012083,0.002142,0.003548,-0.000002801,0.000021678,-0.000044408,0.003640,-0.006520,-0.010299,0.999919
23.640000,0.037668,0.012473,14.010821,-0.013531,0.002476,0.003946,-0.000002875,0.000021656,-0.000044409,0.003576,-0.006508,-0.010280,0.999920
23.650000,0.057209,0.053271,13.962537,-0.013438,0.002373,0.003240,-0.000002854,0.000021900,-0.000044513,0.003511,-0.006493,-0.010261,0.999920
23.660000,0.059298,0.030087,13.974114,-0.013506,0.002572,0.002880,-0.000003239,0.000021722,-0.000044638,0.003445,-0.006477,-0.010243,0.999921
23.670000,0.043986,0.060963,14.011507,-0.013524,0.002776,0.003984,-0.000003039,0.000021724,-0.000044411,0.003380,-0.006457,-0.010226,0.999921
23.680000,0.053924,0.063245,13.981797,-0.012661,0.004731,0.004019,-0.000003137,0.000021943,-0.000044547,0.003316,-0.006435,-0.010210,0.999922
23.690000,0.036781,0.071554,13.999495,-0.011780,0.004948,0.003188,-0.000002932,0.000021648,-0.000044286,0.003251,-0.006410,-0.010194,0.999922
23.700000,0.041807,0.057712,13.974489,-0.012195,0.005370,0.003465,-0.000003076,0.000021803,-0.000044515,0.003187,-0.006383,-0.010179,0.999923
23.710000,0.085012,0.045246,13.996343,-0.012626,0.005166,0.001788,-0.000002926,0.000021777,-0.000044336,0.003123,-0.006354,-0.010164,0.999923
23.720000,0.057266,0.024625,13.998837,-0.012576,0.005805,0.002834,-0.000003152,0.000021826,-0.000044324,0.003058,-0.006324,-0.010149,0.999924
23.730000,0.068376,0.056547,14.005500,-0.013214,0.006511,0.003426,-0.000003168,0.000021598,-0.000044555,0.002993,-0.006293,-0.010135,0.999924
23.740000,0.082241,0.043128,13.980353,-0.013162,0.005992,0.003115,-0.000003029,0.000021581,-0.000044323,0.002928,-0.006260,-0.010121,0.999925
23.750000,0.106717,0.031141,13.974327,-0.013040,0.007124,0.002974,-0.000002806,0.000021752,-0.000044636,0.002863,-0.006227,-0.010106,0.999925
23.760000,0.089920,0.035345,13.970365,-0.013879,0.007161,0.002953,-0.000003249,0.000021756,-0.000044302,0.002796,-0.006193,-0.010091,0.999926
23.770000,0.086442,0.028627,13.978018,-0.013369,0.006544,0.002084,-0.000002975,0.000021556,-0.000044017,0.002728,-0.006158,-0.010076,0.999927
23.780000,0.116265,0.014897,13.984028,-0.013965,0.007566,0.004252,-0.000002775,0.000021770,-0.000044408,0.002660,-0.006123,-0.010061,0.999927
23.790000,0.072519,0.041521,13.994057,-0.014247,0.006994,0.002452,-0.000002845,0.000021737,-0.000044384,0.002591,-0.006087,-0.010046,0.999928
23.800000,0.070236,0.053087,13.988141,-0.013361,0.005604,0.003911,-0.000002830,0.000021743,-0.000044306,0.002522,-0.006050,-0.010030,0.999928
23.810000,0.070614,0.051086,14.011338,-0.014649,0.005729,0.003551,-0.000002764,0.000021454,-0.000044230,0.002453,-0.006012,-0.010015,0.999929
23.820000,0.050739,0.025465,13.981448,-0.013723,0.008582,0.002944,-0.000002953,0.000021670,-0.000044467,0.002384,-0.005972,-0.010001,0.999929
23.830000,0.094628,0.039120,13.993912,-0.014465,0.007505,0.002535,-0.000002907,0.000021878,-0.000044488,0.002313,-0.005932,-0.009986,0.999930
23.840000,0.095028,0.034869,13.973533,-0.014957,0.008069,0.003195,-0.000002939,0.000021635,-0.000044312,0.002242,-0.005889,-0.009971,0.999930
23.850000,0.028578,0.064782,13.939890,-0.015202,0.007985,0.003783,-0.000002975,0.000021715,-0.000044531,0.002171,-0.005845,-0.009956,0.999931
23.860000,0.051740,0.055000,13.993414,-0.014906,0.008675,0.001908,-0.000002921,0.000021553,-0.000044253,0.002099,-0.005799,-0.009941,0.999932
23.870000,0.037475,0.041166,13.985626,-0.016045,0.009435,0.001914,-0.000003024,0.000021754,-0.000044517,0.002027,-0.005750,-0.009928,0.999932
23.880000,0.027389,0.053177,14.002001,-0.014473,0.009914,0.002128,-0.000002711,0.000021720,-0.000044501,0.001955,-0.005698,-0.009914,0.999933
23.890000,0.034896,0.019682,13.995348,-0.014372,0.010535,0.002222,-0.000002974,0.000021417,-0.000044130,0.001883,-0.005644,-0.009901,0.999933
23.900000,0.012769,0.031249,13.978218,-0.015539,0.011510,0.002252,-0.000002874,0.000021763,-0.000044297,0.001810,-0.005587,-0.009889,0.999934
23.910000,0.030090,0.025694,13.979700,-0.015033,0.011568,0.002164,-0.000002905,0.000021943,-0.000044332,0.001736,-0.005528,-0.009877,0.999934
23.920000,0.059068,0.009698,13.992342,-0.015581,0.012261,0.001949,-0.000002859,0.000021840,-0.000044496,0.001661,-0.005466,-0.009864,0.999935
23.930000,0.072569,0.056495,13.978780,-0.016344,0.012528,0.002891,-0.000002715,0.000021985,-0.000044393,0.001586,-0.005403,-0.009852,0.999936
23.940000,0.080173,0.059828,13.978525,-0.015836,0.012156,0.002886,-0.000002698,0.000021919,-0.000044204,0.001512,-0.005338,-0.009841,0.999936
23.950000,0.078780,0.071493,13.994932,-0.014942,0.012877,0.003256,-0.000002795,0.000021836,-0.000044109,0.001439,-0.005272,-0.009830,0.999937
23.960000,0.084043,0.082662,13.973788,-0.015731,0.012744,0.002765,-0.000002997,0.000021742,-0.000044149,0.001367,-0.005206,-0.009820,0.999937
23.970000,0.076057,0.032925,13.984177,-0.014860,0.013368,0.001844,-0.000002889,0.000022103,-0.000044382,0.001296,-0.005139,-0.009811,0.999938
23.980000,0.083087,0.046511,13.971907,-0.015957,0.012746,0.002150,-0.000002812,0.000021705,-0.000044603,0.001226,-0.005072,-0.009802,0.999938
23.990000,0.063023,0.044951,13.997914,-0.013682,0.012034,0.001538,-0.000002815,0.000021734,-0.000044144,0.001158,-0.005004,-0.009794,0.999939
24.000000,0.075427,0.069667,13.979782,-0.014499,0.014035,0.000784,-0.000002768,0.000021890,-0.000044218,0.001090,-0.004935,-0.009787,0.999939
24.010000,0.065109,0.054935,13.963072,-0.013829,0.014108,0.001461,-0.000002759,0.000021942,-0.000044370,0.001024,-0.004865,-0.009781,0.999940
24.020000,0.057765,0.056763,13.992329,-0.013759,0.014130,0.001809,-0.000002941,0.000021940,-0.000044199,0.000958,-0.004794,-0.009775,0.999940
24.030000,0.065599,0.056213,13.990286,-0.013560,0.013485,0.000831,-0.000002851,0.000021785,-0.000044396,0.000893,-0.004722,-0.009769,0.999941
24.040000,0.031106,0.049872,13.985550,-0.013046,0.014107,0.000939,-0.000002630,0.000021710,-0.000044346,0.000828,-0.004649,-0.009765,0.999941
24.050000,0.064521,0.032852,13.968740,-0.012189,0.014858,0.001945,-0.000002740,0.000021978,-0.000044320,0.000763,-0.004574,-0.009760,0.999942
24.060000,0.081641,0.029671,13.998559,-0.013573,0.014957,0.001981,-0.000002915,0.000021640,-0.000044189,0.000698,-0.004498,-0.009756,0.999942
24.070000,0.019330,0.043102,13.983190,-0.014055,0.015632,0.001194,-0.000002794,0.000021804,-0.000044313,0.000633,-0.004419,-0.009752,0.999942
24.080000,0.042588,0.051637,13.994051,-0.013310,0.016625,0.002317,-0.000002579,0.000021783,-0.000044305,0.000568,-0.004339,-0.009748,0.999943
24.090000,0.074874,0.061464,13.982805,-0.013274,0.016091,0.000064,-0.000002939,0.000021852,-0.000044360,0.000503,-0.004256,-0.009745,0.999943
24.100000,0.062611,0.053509,13.959432,-0.014090,0.016964,0.000032,-0.000002701,0.000021796,-0.000044631,0.000438,-0.004171,-0.009743,0.999944
24.110000,0.062786,0.050669,13.974446,-0.012832,0.016992,0.000929,-0.000002870,0.000022106,-0.000044233,0.000374,-0.004084,-0.009741,0.999944
24.120000,0.082577,0.033006,13.970581,-0.014066,0.017590,0.000138,-0.000002694,0.000022219,-0.000044416,0.000309,-0.003995,-0.009740,0.999945
24.130000,0.034351,0.040641,13.993841,-0.012745,0.017623,0.000513,-0.000002710,0.000021932,-0.000044580,0.000245,-0.003904,-0.009739,0.999945
24.140000,0.048279,0.061954,13.995389,-0.014421,0.017844,-0.000011,-0.000002524,0.000022124,-0.000044355,0.000181,-0.003811,-0.009739,0.999945
24.150000,0.053270,0.038248,13.967131,-0.013175,0.017902,-0.000403,-0.000002849,0.000022030,-0.000044141,0.000118,-0.003717,-0.009740,0.999946
24.160000,0.087652,0.055622,13.985923,-0.013212,0.018846,-0.000155,-0.000003134,0.000021950,-0.000044362,0.000055,-0.003622,-0.009741,0.999946
24.170000,0.073064,0.029080,13.984114,-0.013367,0.018551,-0.000696,-0.000002742,0.000022009,-0.000044151,-0.000007,-0.003526,-0.009742,0.999946
24.180000,0.050784,0.045824,13.982130,-0.012663,0.019158,0.000107,-0.000002655,0.000021903,-0.000044086,-0.000069,-0.003429,-0.009744,0.999947
24.190000,0.042630,0.078024,13.983733,-0.013585,0.019025,-0.001578,-0.000002326,0.000022293,-0.000044318,-0.000130,-0.003330,-0.009746,0.999947
24.200000,0.058797,0.050285,13.988354,-0.012734,0.019251,0.000774,-0.000002684,0.000022229,-0.000044479,-0.000191,-0.003231,-0.009749,0.999947
24.210000,0.063658,0.095631,13.964242,-0.011900,0.018993,-0.000161,-0.000002697,0.000022037,-0.000044364,-0.000249,-0.003130,-0.009753,0.999948
24.220000,0.070928,0.111476,13.973771,-0.012092,0.019483,-0.000814,-0.000002828,0.000021879,-0.000044270,-0.000306,-0.003029,-0.009759,0.999948
24.230000,0.067775,0.043730,13.955757,-0.011803,0.020455,-0.000388,-0.000002504,0.000022105,-0.000044469,-0.000362,-0.002928,-0.009764,0.999948
24.240000,0.075326,0.051590,13.974459,-0.012015,0.020282,-0.001294,-0.000002634,0.000021872,-0.000044222,-0.000417,-0.002825,-0.009771,0.999948
24.250000,0.054761,0.017480,13.984467,-0.010802,0.020210,-0.002041,-0.000002973,0.000022098,-0.000044097,-0.000472,-0.002722,-0.009777,0.999948
24.260000,0.051837,0.026392,13.955034,-0.011314,0.020242,-0.000817,-0.000002799,0.000022083,-0.000044393,-0.000526,-0.002617,-0.009784,0.999949
24.270000,0.018018,0.019117,13.947022,-0.010755,0.020935,-0.000854,-0.000002746,0.000022202,-0.000044226,-0.000580,-0.002510,-0.009792,0.999949
24.280000,0.002073,0.031539,13.981513,-0.011473,0.022261,-0.001564,-0.000002662,0.000022034,-0.000044308,-0.000634,-0.002400,-0.009801,0.999949
24.290000,-0.000036,0.049024,13.976738,-0.012385,0.022378,-0.001785,-0.000002717,0.000021984,-0.000044378,-0.000687,-0.002287,-0.009810,0.999949
24.300000,0.013778,0.054390,13.960403,-0.009979,0.022112,-0.002245,-0.000002648,0.000021848,-0.000044041,-0.000740,-0.002171,-0.009821,0.999949
24.310000,0.035852,0.062939,13.972423,-0.011720,0.023328,-0.001934,-0.000002495,0.000021960,-0.000044394,-0.000792,-0.002053,-0.009832,0.999949
24.320000,0.044586,0.035199,13.956679,-0.010834,0.023507,-0.001505,-0.000002749,0.000021973,-0.000044201,-0.000844,-0.001933,-0.009843,0.999949
24.330000,0.103645,0.058898,13.964822,-0.011355,0.024048,-0.002700,-0.000002644,0.000022095,-0.000044309,-0.000896,-0.001813,-0.009855,0.999949
24.340000,0.064368,0.046178,13.983982,-0.010708,0.023071,-0.002015,-0.000002489,0.000021954,-0.000044351,-0.000947,-0.001692,-0.009868,0.999949
24.350000,0.089862,0.045780,13.952452,-0.010144,0.023643,-0.002508,-0.000002429,0.000021910,-0.000044345,-0.000998,-0.001570,-0.009880,0.999949
24.360000,0.101680,0.058063,13.962430,-0.010306,0.024416,-0.002753,-0.000002413,0.000022083,-0.000044476,-0.001048,-0.001449,-0.009893,0.999949
24.370000,0.102334,0.038145,13.985561,-0.010677,0.023814,-0.001588,-0.000002353,0.000022044,-0.000044151,-0.001098,-0.001328,-0.009905,0.999949
